INFO:     Started server process [333074]
INFO:     Waiting for application startup.
INFO:     Application startup complete.
INFO:     Uvicorn running on http://127.0.0.1:8401 (Press CTRL+C to quit)
INFO:     127.0.0.1:49308 - "WebSocket /api/v1/pos/iot/ws/iot?token=test-token-123" [accepted]
INFO:     connection open
ERROR:pos_core.iot.websocket_handler:❌ Error crítico en sesión IoT 1: (sqlalchemy.dialects.postgresql.asyncpg.Error) <class 'asyncpg.exceptions.DataError'>: invalid input for query argument $1: datetime.datetime(2026, 5, 19, 14, 27, 2... (can't subtract offset-naive and offset-aware datetimes)
[SQL: UPDATE iotdevice SET last_seen=$1::TIMESTAMP WITHOUT TIME ZONE WHERE iotdevice.id = $2::INTEGER]
[parameters: (datetime.datetime(2026, 5, 19, 14, 27, 27, 574621, tzinfo=datetime.timezone.utc), 1)]
(Background on this error at: https://sqlalche.me/e/20/dbapi)
INFO:     connection closed
INFO:     127.0.0.1:49320 - "WebSocket /api/v1/pos/iot/ws/iot?token=test-token-123" [accepted]
INFO:     connection open
ERROR:pos_core.iot.websocket_handler:❌ Error crítico en sesión IoT 1: (sqlalchemy.dialects.postgresql.asyncpg.Error) <class 'asyncpg.exceptions.DataError'>: invalid input for query argument $1: datetime.datetime(2026, 5, 19, 14, 27, 2... (can't subtract offset-naive and offset-aware datetimes)
[SQL: UPDATE iotdevice SET last_seen=$1::TIMESTAMP WITHOUT TIME ZONE WHERE iotdevice.id = $2::INTEGER]
[parameters: (datetime.datetime(2026, 5, 19, 14, 27, 27, 586154, tzinfo=datetime.timezone.utc), 1)]
(Background on this error at: https://sqlalche.me/e/20/dbapi)
INFO:     connection closed
INFO:     127.0.0.1:49328 - "WebSocket /api/v1/pos/iot/ws/iot?token=test-token-123" [accepted]
INFO:     connection open
ERROR:pos_core.iot.websocket_handler:❌ Error crítico en sesión IoT 1: (sqlalchemy.dialects.postgresql.asyncpg.Error) <class 'asyncpg.exceptions.DataError'>: invalid input for query argument $1: datetime.datetime(2026, 5, 19, 14, 27, 2... (can't subtract offset-naive and offset-aware datetimes)
[SQL: UPDATE iotdevice SET last_seen=$1::TIMESTAMP WITHOUT TIME ZONE WHERE iotdevice.id = $2::INTEGER]
[parameters: (datetime.datetime(2026, 5, 19, 14, 27, 27, 604951, tzinfo=datetime.timezone.utc), 1)]
(Background on this error at: https://sqlalche.me/e/20/dbapi)
INFO:     connection closed
INFO:     127.0.0.1:49342 - "WebSocket /api/v1/pos/iot/ws/iot?token=test-token-123" [accepted]
INFO:     connection open
ERROR:pos_core.iot.websocket_handler:❌ Error crítico en sesión IoT 1: (sqlalchemy.dialects.postgresql.asyncpg.Error) <class 'asyncpg.exceptions.DataError'>: invalid input for query argument $1: datetime.datetime(2026, 5, 19, 14, 27, 2... (can't subtract offset-naive and offset-aware datetimes)
[SQL: UPDATE iotdevice SET last_seen=$1::TIMESTAMP WITHOUT TIME ZONE WHERE iotdevice.id = $2::INTEGER]
[parameters: (datetime.datetime(2026, 5, 19, 14, 27, 27, 617447, tzinfo=datetime.timezone.utc), 1)]
(Background on this error at: https://sqlalche.me/e/20/dbapi)
INFO:     connection closed
INFO:     127.0.0.1:49354 - "WebSocket /api/v1/pos/iot/ws/iot?token=test-token-123" [accepted]
INFO:     connection open
ERROR:pos_core.iot.websocket_handler:❌ Error crítico en sesión IoT 1: (sqlalchemy.dialects.postgresql.asyncpg.Error) <class 'asyncpg.exceptions.DataError'>: invalid input for query argument $1: datetime.datetime(2026, 5, 19, 14, 27, 2... (can't subtract offset-naive and offset-aware datetimes)
[SQL: UPDATE iotdevice SET last_seen=$1::TIMESTAMP WITHOUT TIME ZONE WHERE iotdevice.id = $2::INTEGER]
[parameters: (datetime.datetime(2026, 5, 19, 14, 27, 27, 628771, tzinfo=datetime.timezone.utc), 1)]
(Background on this error at: https://sqlalche.me/e/20/dbapi)
INFO:     connection closed
INFO:     127.0.0.1:49356 - "WebSocket /api/v1/pos/iot/ws/iot?token=test-token-123" [accepted]
INFO:     connection open
ERROR:pos_core.iot.websocket_handler:❌ Error crítico en sesión IoT 1: (sqlalchemy.dialects.postgresql.asyncpg.Error) <class 'asyncpg.exceptions.DataError'>: invalid input for query argument $1: datetime.datetime(2026, 5, 19, 14, 27, 2... (can't subtract offset-naive and offset-aware datetimes)
[SQL: UPDATE iotdevice SET last_seen=$1::TIMESTAMP WITHOUT TIME ZONE WHERE iotdevice.id = $2::INTEGER]
[parameters: (datetime.datetime(2026, 5, 19, 14, 27, 27, 636391, tzinfo=datetime.timezone.utc), 1)]
(Background on this error at: https://sqlalche.me/e/20/dbapi)
INFO:     connection closed
INFO:     127.0.0.1:49370 - "WebSocket /api/v1/pos/iot/ws/iot?token=test-token-123" [accepted]
INFO:     connection open
ERROR:pos_core.iot.websocket_handler:❌ Error crítico en sesión IoT 1: (sqlalchemy.dialects.postgresql.asyncpg.Error) <class 'asyncpg.exceptions.DataError'>: invalid input for query argument $1: datetime.datetime(2026, 5, 19, 14, 27, 2... (can't subtract offset-naive and offset-aware datetimes)
[SQL: UPDATE iotdevice SET last_seen=$1::TIMESTAMP WITHOUT TIME ZONE WHERE iotdevice.id = $2::INTEGER]
[parameters: (datetime.datetime(2026, 5, 19, 14, 27, 27, 647423, tzinfo=datetime.timezone.utc), 1)]
(Background on this error at: https://sqlalche.me/e/20/dbapi)
INFO:     connection closed
INFO:     127.0.0.1:49384 - "WebSocket /api/v1/pos/iot/ws/iot?token=test-token-123" [accepted]
INFO:     connection open
ERROR:pos_core.iot.websocket_handler:❌ Error crítico en sesión IoT 1: (sqlalchemy.dialects.postgresql.asyncpg.Error) <class 'asyncpg.exceptions.DataError'>: invalid input for query argument $1: datetime.datetime(2026, 5, 19, 14, 27, 2... (can't subtract offset-naive and offset-aware datetimes)
[SQL: UPDATE iotdevice SET last_seen=$1::TIMESTAMP WITHOUT TIME ZONE WHERE iotdevice.id = $2::INTEGER]
[parameters: (datetime.datetime(2026, 5, 19, 14, 27, 27, 653367, tzinfo=datetime.timezone.utc), 1)]
(Background on this error at: https://sqlalche.me/e/20/dbapi)
INFO:     connection closed
INFO:     127.0.0.1:49396 - "WebSocket /api/v1/pos/iot/ws/iot?token=test-token-123" [accepted]
INFO:     connection open
ERROR:pos_core.iot.websocket_handler:❌ Error crítico en sesión IoT 1: (sqlalchemy.dialects.postgresql.asyncpg.Error) <class 'asyncpg.exceptions.DataError'>: invalid input for query argument $1: datetime.datetime(2026, 5, 19, 14, 27, 2... (can't subtract offset-naive and offset-aware datetimes)
[SQL: UPDATE iotdevice SET last_seen=$1::TIMESTAMP WITHOUT TIME ZONE WHERE iotdevice.id = $2::INTEGER]
[parameters: (datetime.datetime(2026, 5, 19, 14, 27, 27, 659120, tzinfo=datetime.timezone.utc), 1)]
(Background on this error at: https://sqlalche.me/e/20/dbapi)
INFO:     connection closed
INFO:     127.0.0.1:49398 - "WebSocket /api/v1/pos/iot/ws/iot?token=test-token-123" [accepted]
INFO:     connection open
ERROR:pos_core.iot.websocket_handler:❌ Error crítico en sesión IoT 1: (sqlalchemy.dialects.postgresql.asyncpg.Error) <class 'asyncpg.exceptions.DataError'>: invalid input for query argument $1: datetime.datetime(2026, 5, 19, 14, 27, 2... (can't subtract offset-naive and offset-aware datetimes)
[SQL: UPDATE iotdevice SET last_seen=$1::TIMESTAMP WITHOUT TIME ZONE WHERE iotdevice.id = $2::INTEGER]
[parameters: (datetime.datetime(2026, 5, 19, 14, 27, 27, 666231, tzinfo=datetime.timezone.utc), 1)]
(Background on this error at: https://sqlalche.me/e/20/dbapi)
INFO:     connection closed
INFO:     127.0.0.1:49414 - "WebSocket /api/v1/pos/iot/ws/iot?token=test-token-123" [accepted]
INFO:     connection open
ERROR:pos_core.iot.websocket_handler:❌ Error crítico en sesión IoT 1: (sqlalchemy.dialects.postgresql.asyncpg.Error) <class 'asyncpg.exceptions.DataError'>: invalid input for query argument $1: datetime.datetime(2026, 5, 19, 14, 27, 2... (can't subtract offset-naive and offset-aware datetimes)
[SQL: UPDATE iotdevice SET last_seen=$1::TIMESTAMP WITHOUT TIME ZONE WHERE iotdevice.id = $2::INTEGER]
[parameters: (datetime.datetime(2026, 5, 19, 14, 27, 27, 676782, tzinfo=datetime.timezone.utc), 1)]
(Background on this error at: https://sqlalche.me/e/20/dbapi)
INFO:     connection closed
INFO:     127.0.0.1:49430 - "WebSocket /api/v1/pos/iot/ws/iot?token=test-token-123" [accepted]
INFO:     connection open
ERROR:pos_core.iot.websocket_handler:❌ Error crítico en sesión IoT 1: (sqlalchemy.dialects.postgresql.asyncpg.Error) <class 'asyncpg.exceptions.DataError'>: invalid input for query argument $1: datetime.datetime(2026, 5, 19, 14, 27, 2... (can't subtract offset-naive and offset-aware datetimes)
[SQL: UPDATE iotdevice SET last_seen=$1::TIMESTAMP WITHOUT TIME ZONE WHERE iotdevice.id = $2::INTEGER]
[parameters: (datetime.datetime(2026, 5, 19, 14, 27, 27, 692574, tzinfo=datetime.timezone.utc), 1)]
(Background on this error at: https://sqlalche.me/e/20/dbapi)
INFO:     connection closed
INFO:     127.0.0.1:49444 - "WebSocket /api/v1/pos/iot/ws/iot?token=test-token-123" [accepted]
INFO:     connection open
ERROR:pos_core.iot.websocket_handler:❌ Error crítico en sesión IoT 1: (sqlalchemy.dialects.postgresql.asyncpg.Error) <class 'asyncpg.exceptions.DataError'>: invalid input for query argument $1: datetime.datetime(2026, 5, 19, 14, 27, 2... (can't subtract offset-naive and offset-aware datetimes)
[SQL: UPDATE iotdevice SET last_seen=$1::TIMESTAMP WITHOUT TIME ZONE WHERE iotdevice.id = $2::INTEGER]
[parameters: (datetime.datetime(2026, 5, 19, 14, 27, 27, 699051, tzinfo=datetime.timezone.utc), 1)]
(Background on this error at: https://sqlalche.me/e/20/dbapi)
INFO:     connection closed
INFO:     127.0.0.1:49454 - "WebSocket /api/v1/pos/iot/ws/iot?token=test-token-123" [accepted]
INFO:     connection open
ERROR:pos_core.iot.websocket_handler:❌ Error crítico en sesión IoT 1: (sqlalchemy.dialects.postgresql.asyncpg.Error) <class 'asyncpg.exceptions.DataError'>: invalid input for query argument $1: datetime.datetime(2026, 5, 19, 14, 27, 2... (can't subtract offset-naive and offset-aware datetimes)
[SQL: UPDATE iotdevice SET last_seen=$1::TIMESTAMP WITHOUT TIME ZONE WHERE iotdevice.id = $2::INTEGER]
[parameters: (datetime.datetime(2026, 5, 19, 14, 27, 27, 705051, tzinfo=datetime.timezone.utc), 1)]
(Background on this error at: https://sqlalche.me/e/20/dbapi)
INFO:     connection closed
INFO:     127.0.0.1:49470 - "WebSocket /api/v1/pos/iot/ws/iot?token=test-token-123" [accepted]
INFO:     connection open
ERROR:pos_core.iot.websocket_handler:❌ Error crítico en sesión IoT 1: (sqlalchemy.dialects.postgresql.asyncpg.Error) <class 'asyncpg.exceptions.DataError'>: invalid input for query argument $1: datetime.datetime(2026, 5, 19, 14, 27, 2... (can't subtract offset-naive and offset-aware datetimes)
[SQL: UPDATE iotdevice SET last_seen=$1::TIMESTAMP WITHOUT TIME ZONE WHERE iotdevice.id = $2::INTEGER]
[parameters: (datetime.datetime(2026, 5, 19, 14, 27, 27, 710010, tzinfo=datetime.timezone.utc), 1)]
(Background on this error at: https://sqlalche.me/e/20/dbapi)
INFO:     connection closed
INFO:     127.0.0.1:49472 - "WebSocket /api/v1/pos/iot/ws/iot?token=test-token-123" [accepted]
INFO:     connection open
ERROR:pos_core.iot.websocket_handler:❌ Error crítico en sesión IoT 1: (sqlalchemy.dialects.postgresql.asyncpg.Error) <class 'asyncpg.exceptions.DataError'>: invalid input for query argument $1: datetime.datetime(2026, 5, 19, 14, 27, 2... (can't subtract offset-naive and offset-aware datetimes)
[SQL: UPDATE iotdevice SET last_seen=$1::TIMESTAMP WITHOUT TIME ZONE WHERE iotdevice.id = $2::INTEGER]
[parameters: (datetime.datetime(2026, 5, 19, 14, 27, 27, 717360, tzinfo=datetime.timezone.utc), 1)]
(Background on this error at: https://sqlalche.me/e/20/dbapi)
INFO:     connection closed
INFO:     127.0.0.1:49488 - "WebSocket /api/v1/pos/iot/ws/iot?token=test-token-123" [accepted]
INFO:     connection open
ERROR:pos_core.iot.websocket_handler:❌ Error crítico en sesión IoT 1: (sqlalchemy.dialects.postgresql.asyncpg.Error) <class 'asyncpg.exceptions.DataError'>: invalid input for query argument $1: datetime.datetime(2026, 5, 19, 14, 27, 2... (can't subtract offset-naive and offset-aware datetimes)
[SQL: UPDATE iotdevice SET last_seen=$1::TIMESTAMP WITHOUT TIME ZONE WHERE iotdevice.id = $2::INTEGER]
[parameters: (datetime.datetime(2026, 5, 19, 14, 27, 27, 722863, tzinfo=datetime.timezone.utc), 1)]
(Background on this error at: https://sqlalche.me/e/20/dbapi)
INFO:     connection closed
INFO:     127.0.0.1:49498 - "WebSocket /api/v1/pos/iot/ws/iot?token=test-token-123" [accepted]
INFO:     connection open
ERROR:pos_core.iot.websocket_handler:❌ Error crítico en sesión IoT 1: (sqlalchemy.dialects.postgresql.asyncpg.Error) <class 'asyncpg.exceptions.DataError'>: invalid input for query argument $1: datetime.datetime(2026, 5, 19, 14, 27, 2... (can't subtract offset-naive and offset-aware datetimes)
[SQL: UPDATE iotdevice SET last_seen=$1::TIMESTAMP WITHOUT TIME ZONE WHERE iotdevice.id = $2::INTEGER]
[parameters: (datetime.datetime(2026, 5, 19, 14, 27, 27, 727750, tzinfo=datetime.timezone.utc), 1)]
(Background on this error at: https://sqlalche.me/e/20/dbapi)
INFO:     connection closed
INFO:     127.0.0.1:49500 - "WebSocket /api/v1/pos/iot/ws/iot?token=test-token-123" [accepted]
INFO:     connection open
ERROR:pos_core.iot.websocket_handler:❌ Error crítico en sesión IoT 1: (sqlalchemy.dialects.postgresql.asyncpg.Error) <class 'asyncpg.exceptions.DataError'>: invalid input for query argument $1: datetime.datetime(2026, 5, 19, 14, 27, 2... (can't subtract offset-naive and offset-aware datetimes)
[SQL: UPDATE iotdevice SET last_seen=$1::TIMESTAMP WITHOUT TIME ZONE WHERE iotdevice.id = $2::INTEGER]
[parameters: (datetime.datetime(2026, 5, 19, 14, 27, 27, 733781, tzinfo=datetime.timezone.utc), 1)]
(Background on this error at: https://sqlalche.me/e/20/dbapi)
INFO:     connection closed
INFO:     127.0.0.1:49508 - "WebSocket /api/v1/pos/iot/ws/iot?token=test-token-123" [accepted]
INFO:     connection open
ERROR:pos_core.iot.websocket_handler:❌ Error crítico en sesión IoT 1: (sqlalchemy.dialects.postgresql.asyncpg.Error) <class 'asyncpg.exceptions.DataError'>: invalid input for query argument $1: datetime.datetime(2026, 5, 19, 14, 27, 2... (can't subtract offset-naive and offset-aware datetimes)
[SQL: UPDATE iotdevice SET last_seen=$1::TIMESTAMP WITHOUT TIME ZONE WHERE iotdevice.id = $2::INTEGER]
[parameters: (datetime.datetime(2026, 5, 19, 14, 27, 27, 739340, tzinfo=datetime.timezone.utc), 1)]
(Background on this error at: https://sqlalche.me/e/20/dbapi)
INFO:     connection closed
INFO:     127.0.0.1:49518 - "WebSocket /api/v1/pos/iot/ws/iot?token=test-token-123" [accepted]
INFO:     connection open
ERROR:pos_core.iot.websocket_handler:❌ Error crítico en sesión IoT 1: (sqlalchemy.dialects.postgresql.asyncpg.Error) <class 'asyncpg.exceptions.DataError'>: invalid input for query argument $1: datetime.datetime(2026, 5, 19, 14, 27, 2... (can't subtract offset-naive and offset-aware datetimes)
[SQL: UPDATE iotdevice SET last_seen=$1::TIMESTAMP WITHOUT TIME ZONE WHERE iotdevice.id = $2::INTEGER]
[parameters: (datetime.datetime(2026, 5, 19, 14, 27, 27, 744837, tzinfo=datetime.timezone.utc), 1)]
(Background on this error at: https://sqlalche.me/e/20/dbapi)
INFO:     connection closed
INFO:     127.0.0.1:49522 - "WebSocket /api/v1/pos/iot/ws/iot?token=test-token-123" [accepted]
INFO:     connection open
ERROR:pos_core.iot.websocket_handler:❌ Error crítico en sesión IoT 1: (sqlalchemy.dialects.postgresql.asyncpg.Error) <class 'asyncpg.exceptions.DataError'>: invalid input for query argument $1: datetime.datetime(2026, 5, 19, 14, 27, 2... (can't subtract offset-naive and offset-aware datetimes)
[SQL: UPDATE iotdevice SET last_seen=$1::TIMESTAMP WITHOUT TIME ZONE WHERE iotdevice.id = $2::INTEGER]
[parameters: (datetime.datetime(2026, 5, 19, 14, 27, 27, 751266, tzinfo=datetime.timezone.utc), 1)]
(Background on this error at: https://sqlalche.me/e/20/dbapi)
INFO:     connection closed
INFO:     127.0.0.1:49536 - "WebSocket /api/v1/pos/iot/ws/iot?token=test-token-123" [accepted]
INFO:     connection open
ERROR:pos_core.iot.websocket_handler:❌ Error crítico en sesión IoT 1: (sqlalchemy.dialects.postgresql.asyncpg.Error) <class 'asyncpg.exceptions.DataError'>: invalid input for query argument $1: datetime.datetime(2026, 5, 19, 14, 27, 2... (can't subtract offset-naive and offset-aware datetimes)
[SQL: UPDATE iotdevice SET last_seen=$1::TIMESTAMP WITHOUT TIME ZONE WHERE iotdevice.id = $2::INTEGER]
[parameters: (datetime.datetime(2026, 5, 19, 14, 27, 27, 757348, tzinfo=datetime.timezone.utc), 1)]
(Background on this error at: https://sqlalche.me/e/20/dbapi)
INFO:     connection closed
INFO:     127.0.0.1:49544 - "WebSocket /api/v1/pos/iot/ws/iot?token=test-token-123" [accepted]
INFO:     connection open
ERROR:pos_core.iot.websocket_handler:❌ Error crítico en sesión IoT 1: (sqlalchemy.dialects.postgresql.asyncpg.Error) <class 'asyncpg.exceptions.DataError'>: invalid input for query argument $1: datetime.datetime(2026, 5, 19, 14, 27, 2... (can't subtract offset-naive and offset-aware datetimes)
[SQL: UPDATE iotdevice SET last_seen=$1::TIMESTAMP WITHOUT TIME ZONE WHERE iotdevice.id = $2::INTEGER]
[parameters: (datetime.datetime(2026, 5, 19, 14, 27, 27, 762610, tzinfo=datetime.timezone.utc), 1)]
(Background on this error at: https://sqlalche.me/e/20/dbapi)
INFO:     connection closed
INFO:     127.0.0.1:49556 - "WebSocket /api/v1/pos/iot/ws/iot?token=test-token-123" [accepted]
INFO:     connection open
ERROR:pos_core.iot.websocket_handler:❌ Error crítico en sesión IoT 1: (sqlalchemy.dialects.postgresql.asyncpg.Error) <class 'asyncpg.exceptions.DataError'>: invalid input for query argument $1: datetime.datetime(2026, 5, 19, 14, 27, 2... (can't subtract offset-naive and offset-aware datetimes)
[SQL: UPDATE iotdevice SET last_seen=$1::TIMESTAMP WITHOUT TIME ZONE WHERE iotdevice.id = $2::INTEGER]
[parameters: (datetime.datetime(2026, 5, 19, 14, 27, 27, 768831, tzinfo=datetime.timezone.utc), 1)]
(Background on this error at: https://sqlalche.me/e/20/dbapi)
INFO:     connection closed
INFO:     127.0.0.1:49562 - "WebSocket /api/v1/pos/iot/ws/iot?token=test-token-123" [accepted]
INFO:     connection open
ERROR:pos_core.iot.websocket_handler:❌ Error crítico en sesión IoT 1: (sqlalchemy.dialects.postgresql.asyncpg.Error) <class 'asyncpg.exceptions.DataError'>: invalid input for query argument $1: datetime.datetime(2026, 5, 19, 14, 27, 2... (can't subtract offset-naive and offset-aware datetimes)
[SQL: UPDATE iotdevice SET last_seen=$1::TIMESTAMP WITHOUT TIME ZONE WHERE iotdevice.id = $2::INTEGER]
[parameters: (datetime.datetime(2026, 5, 19, 14, 27, 27, 774720, tzinfo=datetime.timezone.utc), 1)]
(Background on this error at: https://sqlalche.me/e/20/dbapi)
INFO:     connection closed
INFO:     127.0.0.1:49566 - "WebSocket /api/v1/pos/iot/ws/iot?token=test-token-123" [accepted]
INFO:     connection open
ERROR:pos_core.iot.websocket_handler:❌ Error crítico en sesión IoT 1: (sqlalchemy.dialects.postgresql.asyncpg.Error) <class 'asyncpg.exceptions.DataError'>: invalid input for query argument $1: datetime.datetime(2026, 5, 19, 14, 27, 2... (can't subtract offset-naive and offset-aware datetimes)
[SQL: UPDATE iotdevice SET last_seen=$1::TIMESTAMP WITHOUT TIME ZONE WHERE iotdevice.id = $2::INTEGER]
[parameters: (datetime.datetime(2026, 5, 19, 14, 27, 27, 780583, tzinfo=datetime.timezone.utc), 1)]
(Background on this error at: https://sqlalche.me/e/20/dbapi)
INFO:     connection closed
INFO:     127.0.0.1:49572 - "WebSocket /api/v1/pos/iot/ws/iot?token=test-token-123" [accepted]
INFO:     connection open
ERROR:pos_core.iot.websocket_handler:❌ Error crítico en sesión IoT 1: (sqlalchemy.dialects.postgresql.asyncpg.Error) <class 'asyncpg.exceptions.DataError'>: invalid input for query argument $1: datetime.datetime(2026, 5, 19, 14, 27, 2... (can't subtract offset-naive and offset-aware datetimes)
[SQL: UPDATE iotdevice SET last_seen=$1::TIMESTAMP WITHOUT TIME ZONE WHERE iotdevice.id = $2::INTEGER]
[parameters: (datetime.datetime(2026, 5, 19, 14, 27, 27, 788332, tzinfo=datetime.timezone.utc), 1)]
(Background on this error at: https://sqlalche.me/e/20/dbapi)
INFO:     connection closed
INFO:     127.0.0.1:49580 - "WebSocket /api/v1/pos/iot/ws/iot?token=test-token-123" [accepted]
INFO:     connection open
ERROR:pos_core.iot.websocket_handler:❌ Error crítico en sesión IoT 1: (sqlalchemy.dialects.postgresql.asyncpg.Error) <class 'asyncpg.exceptions.DataError'>: invalid input for query argument $1: datetime.datetime(2026, 5, 19, 14, 27, 2... (can't subtract offset-naive and offset-aware datetimes)
[SQL: UPDATE iotdevice SET last_seen=$1::TIMESTAMP WITHOUT TIME ZONE WHERE iotdevice.id = $2::INTEGER]
[parameters: (datetime.datetime(2026, 5, 19, 14, 27, 27, 794126, tzinfo=datetime.timezone.utc), 1)]
(Background on this error at: https://sqlalche.me/e/20/dbapi)
INFO:     connection closed
INFO:     127.0.0.1:49596 - "WebSocket /api/v1/pos/iot/ws/iot?token=test-token-123" [accepted]
INFO:     connection open
ERROR:pos_core.iot.websocket_handler:❌ Error crítico en sesión IoT 1: (sqlalchemy.dialects.postgresql.asyncpg.Error) <class 'asyncpg.exceptions.DataError'>: invalid input for query argument $1: datetime.datetime(2026, 5, 19, 14, 27, 2... (can't subtract offset-naive and offset-aware datetimes)
[SQL: UPDATE iotdevice SET last_seen=$1::TIMESTAMP WITHOUT TIME ZONE WHERE iotdevice.id = $2::INTEGER]
[parameters: (datetime.datetime(2026, 5, 19, 14, 27, 27, 800142, tzinfo=datetime.timezone.utc), 1)]
(Background on this error at: https://sqlalche.me/e/20/dbapi)
INFO:     connection closed
INFO:     127.0.0.1:49604 - "WebSocket /api/v1/pos/iot/ws/iot?token=test-token-123" [accepted]
INFO:     connection open
ERROR:pos_core.iot.websocket_handler:❌ Error crítico en sesión IoT 1: (sqlalchemy.dialects.postgresql.asyncpg.Error) <class 'asyncpg.exceptions.DataError'>: invalid input for query argument $1: datetime.datetime(2026, 5, 19, 14, 27, 2... (can't subtract offset-naive and offset-aware datetimes)
[SQL: UPDATE iotdevice SET last_seen=$1::TIMESTAMP WITHOUT TIME ZONE WHERE iotdevice.id = $2::INTEGER]
[parameters: (datetime.datetime(2026, 5, 19, 14, 27, 27, 806094, tzinfo=datetime.timezone.utc), 1)]
(Background on this error at: https://sqlalche.me/e/20/dbapi)
INFO:     connection closed
INFO:     127.0.0.1:49616 - "WebSocket /api/v1/pos/iot/ws/iot?token=test-token-123" [accepted]
INFO:     connection open
ERROR:pos_core.iot.websocket_handler:❌ Error crítico en sesión IoT 1: (sqlalchemy.dialects.postgresql.asyncpg.Error) <class 'asyncpg.exceptions.DataError'>: invalid input for query argument $1: datetime.datetime(2026, 5, 19, 14, 27, 2... (can't subtract offset-naive and offset-aware datetimes)
[SQL: UPDATE iotdevice SET last_seen=$1::TIMESTAMP WITHOUT TIME ZONE WHERE iotdevice.id = $2::INTEGER]
[parameters: (datetime.datetime(2026, 5, 19, 14, 27, 27, 811295, tzinfo=datetime.timezone.utc), 1)]
(Background on this error at: https://sqlalche.me/e/20/dbapi)
INFO:     connection closed
INFO:     127.0.0.1:49628 - "WebSocket /api/v1/pos/iot/ws/iot?token=test-token-123" [accepted]
INFO:     connection open
ERROR:pos_core.iot.websocket_handler:❌ Error crítico en sesión IoT 1: (sqlalchemy.dialects.postgresql.asyncpg.Error) <class 'asyncpg.exceptions.DataError'>: invalid input for query argument $1: datetime.datetime(2026, 5, 19, 14, 27, 2... (can't subtract offset-naive and offset-aware datetimes)
[SQL: UPDATE iotdevice SET last_seen=$1::TIMESTAMP WITHOUT TIME ZONE WHERE iotdevice.id = $2::INTEGER]
[parameters: (datetime.datetime(2026, 5, 19, 14, 27, 27, 817410, tzinfo=datetime.timezone.utc), 1)]
(Background on this error at: https://sqlalche.me/e/20/dbapi)
INFO:     connection closed
INFO:     127.0.0.1:49644 - "WebSocket /api/v1/pos/iot/ws/iot?token=test-token-123" [accepted]
INFO:     connection open
ERROR:pos_core.iot.websocket_handler:❌ Error crítico en sesión IoT 1: (sqlalchemy.dialects.postgresql.asyncpg.Error) <class 'asyncpg.exceptions.DataError'>: invalid input for query argument $1: datetime.datetime(2026, 5, 19, 14, 27, 2... (can't subtract offset-naive and offset-aware datetimes)
[SQL: UPDATE iotdevice SET last_seen=$1::TIMESTAMP WITHOUT TIME ZONE WHERE iotdevice.id = $2::INTEGER]
[parameters: (datetime.datetime(2026, 5, 19, 14, 27, 27, 822904, tzinfo=datetime.timezone.utc), 1)]
(Background on this error at: https://sqlalche.me/e/20/dbapi)
INFO:     connection closed
INFO:     127.0.0.1:49652 - "WebSocket /api/v1/pos/iot/ws/iot?token=test-token-123" [accepted]
INFO:     connection open
ERROR:pos_core.iot.websocket_handler:❌ Error crítico en sesión IoT 1: (sqlalchemy.dialects.postgresql.asyncpg.Error) <class 'asyncpg.exceptions.DataError'>: invalid input for query argument $1: datetime.datetime(2026, 5, 19, 14, 27, 2... (can't subtract offset-naive and offset-aware datetimes)
[SQL: UPDATE iotdevice SET last_seen=$1::TIMESTAMP WITHOUT TIME ZONE WHERE iotdevice.id = $2::INTEGER]
[parameters: (datetime.datetime(2026, 5, 19, 14, 27, 27, 827079, tzinfo=datetime.timezone.utc), 1)]
(Background on this error at: https://sqlalche.me/e/20/dbapi)
INFO:     connection closed
INFO:     127.0.0.1:49666 - "WebSocket /api/v1/pos/iot/ws/iot?token=test-token-123" [accepted]
INFO:     connection open
ERROR:pos_core.iot.websocket_handler:❌ Error crítico en sesión IoT 1: (sqlalchemy.dialects.postgresql.asyncpg.Error) <class 'asyncpg.exceptions.DataError'>: invalid input for query argument $1: datetime.datetime(2026, 5, 19, 14, 27, 2... (can't subtract offset-naive and offset-aware datetimes)
[SQL: UPDATE iotdevice SET last_seen=$1::TIMESTAMP WITHOUT TIME ZONE WHERE iotdevice.id = $2::INTEGER]
[parameters: (datetime.datetime(2026, 5, 19, 14, 27, 27, 831210, tzinfo=datetime.timezone.utc), 1)]
(Background on this error at: https://sqlalche.me/e/20/dbapi)
INFO:     connection closed
INFO:     127.0.0.1:49672 - "WebSocket /api/v1/pos/iot/ws/iot?token=test-token-123" [accepted]
INFO:     connection open
ERROR:pos_core.iot.websocket_handler:❌ Error crítico en sesión IoT 1: (sqlalchemy.dialects.postgresql.asyncpg.Error) <class 'asyncpg.exceptions.DataError'>: invalid input for query argument $1: datetime.datetime(2026, 5, 19, 14, 27, 2... (can't subtract offset-naive and offset-aware datetimes)
[SQL: UPDATE iotdevice SET last_seen=$1::TIMESTAMP WITHOUT TIME ZONE WHERE iotdevice.id = $2::INTEGER]
[parameters: (datetime.datetime(2026, 5, 19, 14, 27, 27, 835658, tzinfo=datetime.timezone.utc), 1)]
(Background on this error at: https://sqlalche.me/e/20/dbapi)
INFO:     connection closed
INFO:     127.0.0.1:49686 - "WebSocket /api/v1/pos/iot/ws/iot?token=test-token-123" [accepted]
INFO:     connection open
ERROR:pos_core.iot.websocket_handler:❌ Error crítico en sesión IoT 1: (sqlalchemy.dialects.postgresql.asyncpg.Error) <class 'asyncpg.exceptions.DataError'>: invalid input for query argument $1: datetime.datetime(2026, 5, 19, 14, 27, 2... (can't subtract offset-naive and offset-aware datetimes)
[SQL: UPDATE iotdevice SET last_seen=$1::TIMESTAMP WITHOUT TIME ZONE WHERE iotdevice.id = $2::INTEGER]
[parameters: (datetime.datetime(2026, 5, 19, 14, 27, 27, 840318, tzinfo=datetime.timezone.utc), 1)]
(Background on this error at: https://sqlalche.me/e/20/dbapi)
INFO:     connection closed
INFO:     127.0.0.1:49688 - "WebSocket /api/v1/pos/iot/ws/iot?token=test-token-123" [accepted]
INFO:     connection open
ERROR:pos_core.iot.websocket_handler:❌ Error crítico en sesión IoT 1: (sqlalchemy.dialects.postgresql.asyncpg.Error) <class 'asyncpg.exceptions.DataError'>: invalid input for query argument $1: datetime.datetime(2026, 5, 19, 14, 27, 2... (can't subtract offset-naive and offset-aware datetimes)
[SQL: UPDATE iotdevice SET last_seen=$1::TIMESTAMP WITHOUT TIME ZONE WHERE iotdevice.id = $2::INTEGER]
[parameters: (datetime.datetime(2026, 5, 19, 14, 27, 27, 844810, tzinfo=datetime.timezone.utc), 1)]
(Background on this error at: https://sqlalche.me/e/20/dbapi)
INFO:     connection closed
INFO:     127.0.0.1:49694 - "WebSocket /api/v1/pos/iot/ws/iot?token=test-token-123" [accepted]
INFO:     connection open
ERROR:pos_core.iot.websocket_handler:❌ Error crítico en sesión IoT 1: (sqlalchemy.dialects.postgresql.asyncpg.Error) <class 'asyncpg.exceptions.DataError'>: invalid input for query argument $1: datetime.datetime(2026, 5, 19, 14, 27, 2... (can't subtract offset-naive and offset-aware datetimes)
[SQL: UPDATE iotdevice SET last_seen=$1::TIMESTAMP WITHOUT TIME ZONE WHERE iotdevice.id = $2::INTEGER]
[parameters: (datetime.datetime(2026, 5, 19, 14, 27, 27, 850141, tzinfo=datetime.timezone.utc), 1)]
(Background on this error at: https://sqlalche.me/e/20/dbapi)
INFO:     connection closed
INFO:     127.0.0.1:49696 - "WebSocket /api/v1/pos/iot/ws/iot?token=test-token-123" [accepted]
INFO:     connection open
ERROR:pos_core.iot.websocket_handler:❌ Error crítico en sesión IoT 1: (sqlalchemy.dialects.postgresql.asyncpg.Error) <class 'asyncpg.exceptions.DataError'>: invalid input for query argument $1: datetime.datetime(2026, 5, 19, 14, 27, 2... (can't subtract offset-naive and offset-aware datetimes)
[SQL: UPDATE iotdevice SET last_seen=$1::TIMESTAMP WITHOUT TIME ZONE WHERE iotdevice.id = $2::INTEGER]
[parameters: (datetime.datetime(2026, 5, 19, 14, 27, 27, 855810, tzinfo=datetime.timezone.utc), 1)]
(Background on this error at: https://sqlalche.me/e/20/dbapi)
INFO:     connection closed
INFO:     127.0.0.1:49702 - "WebSocket /api/v1/pos/iot/ws/iot?token=test-token-123" [accepted]
INFO:     connection open
ERROR:pos_core.iot.websocket_handler:❌ Error crítico en sesión IoT 1: (sqlalchemy.dialects.postgresql.asyncpg.Error) <class 'asyncpg.exceptions.DataError'>: invalid input for query argument $1: datetime.datetime(2026, 5, 19, 14, 27, 2... (can't subtract offset-naive and offset-aware datetimes)
[SQL: UPDATE iotdevice SET last_seen=$1::TIMESTAMP WITHOUT TIME ZONE WHERE iotdevice.id = $2::INTEGER]
[parameters: (datetime.datetime(2026, 5, 19, 14, 27, 27, 860431, tzinfo=datetime.timezone.utc), 1)]
(Background on this error at: https://sqlalche.me/e/20/dbapi)
INFO:     connection closed
INFO:     127.0.0.1:49710 - "WebSocket /api/v1/pos/iot/ws/iot?token=test-token-123" [accepted]
INFO:     connection open
ERROR:pos_core.iot.websocket_handler:❌ Error crítico en sesión IoT 1: (sqlalchemy.dialects.postgresql.asyncpg.Error) <class 'asyncpg.exceptions.DataError'>: invalid input for query argument $1: datetime.datetime(2026, 5, 19, 14, 27, 2... (can't subtract offset-naive and offset-aware datetimes)
[SQL: UPDATE iotdevice SET last_seen=$1::TIMESTAMP WITHOUT TIME ZONE WHERE iotdevice.id = $2::INTEGER]
[parameters: (datetime.datetime(2026, 5, 19, 14, 27, 27, 865611, tzinfo=datetime.timezone.utc), 1)]
(Background on this error at: https://sqlalche.me/e/20/dbapi)
INFO:     connection closed
INFO:     127.0.0.1:49714 - "WebSocket /api/v1/pos/iot/ws/iot?token=test-token-123" [accepted]
INFO:     connection open
ERROR:pos_core.iot.websocket_handler:❌ Error crítico en sesión IoT 1: (sqlalchemy.dialects.postgresql.asyncpg.Error) <class 'asyncpg.exceptions.DataError'>: invalid input for query argument $1: datetime.datetime(2026, 5, 19, 14, 27, 2... (can't subtract offset-naive and offset-aware datetimes)
[SQL: UPDATE iotdevice SET last_seen=$1::TIMESTAMP WITHOUT TIME ZONE WHERE iotdevice.id = $2::INTEGER]
[parameters: (datetime.datetime(2026, 5, 19, 14, 27, 27, 872178, tzinfo=datetime.timezone.utc), 1)]
(Background on this error at: https://sqlalche.me/e/20/dbapi)
INFO:     connection closed
INFO:     127.0.0.1:49730 - "WebSocket /api/v1/pos/iot/ws/iot?token=test-token-123" [accepted]
INFO:     connection open
ERROR:pos_core.iot.websocket_handler:❌ Error crítico en sesión IoT 1: (sqlalchemy.dialects.postgresql.asyncpg.Error) <class 'asyncpg.exceptions.DataError'>: invalid input for query argument $1: datetime.datetime(2026, 5, 19, 14, 27, 2... (can't subtract offset-naive and offset-aware datetimes)
[SQL: UPDATE iotdevice SET last_seen=$1::TIMESTAMP WITHOUT TIME ZONE WHERE iotdevice.id = $2::INTEGER]
[parameters: (datetime.datetime(2026, 5, 19, 14, 27, 27, 876437, tzinfo=datetime.timezone.utc), 1)]
(Background on this error at: https://sqlalche.me/e/20/dbapi)
INFO:     connection closed
INFO:     127.0.0.1:49738 - "WebSocket /api/v1/pos/iot/ws/iot?token=test-token-123" [accepted]
INFO:     connection open
ERROR:pos_core.iot.websocket_handler:❌ Error crítico en sesión IoT 1: (sqlalchemy.dialects.postgresql.asyncpg.Error) <class 'asyncpg.exceptions.DataError'>: invalid input for query argument $1: datetime.datetime(2026, 5, 19, 14, 27, 2... (can't subtract offset-naive and offset-aware datetimes)
[SQL: UPDATE iotdevice SET last_seen=$1::TIMESTAMP WITHOUT TIME ZONE WHERE iotdevice.id = $2::INTEGER]
[parameters: (datetime.datetime(2026, 5, 19, 14, 27, 27, 880423, tzinfo=datetime.timezone.utc), 1)]
(Background on this error at: https://sqlalche.me/e/20/dbapi)
INFO:     connection closed
INFO:     127.0.0.1:49746 - "WebSocket /api/v1/pos/iot/ws/iot?token=test-token-123" [accepted]
INFO:     connection open
ERROR:pos_core.iot.websocket_handler:❌ Error crítico en sesión IoT 1: (sqlalchemy.dialects.postgresql.asyncpg.Error) <class 'asyncpg.exceptions.DataError'>: invalid input for query argument $1: datetime.datetime(2026, 5, 19, 14, 27, 2... (can't subtract offset-naive and offset-aware datetimes)
[SQL: UPDATE iotdevice SET last_seen=$1::TIMESTAMP WITHOUT TIME ZONE WHERE iotdevice.id = $2::INTEGER]
[parameters: (datetime.datetime(2026, 5, 19, 14, 27, 27, 885251, tzinfo=datetime.timezone.utc), 1)]
(Background on this error at: https://sqlalche.me/e/20/dbapi)
INFO:     connection closed
INFO:     127.0.0.1:49748 - "WebSocket /api/v1/pos/iot/ws/iot?token=test-token-123" [accepted]
INFO:     connection open
ERROR:pos_core.iot.websocket_handler:❌ Error crítico en sesión IoT 1: (sqlalchemy.dialects.postgresql.asyncpg.Error) <class 'asyncpg.exceptions.DataError'>: invalid input for query argument $1: datetime.datetime(2026, 5, 19, 14, 27, 2... (can't subtract offset-naive and offset-aware datetimes)
[SQL: UPDATE iotdevice SET last_seen=$1::TIMESTAMP WITHOUT TIME ZONE WHERE iotdevice.id = $2::INTEGER]
[parameters: (datetime.datetime(2026, 5, 19, 14, 27, 27, 889826, tzinfo=datetime.timezone.utc), 1)]
(Background on this error at: https://sqlalche.me/e/20/dbapi)
INFO:     connection closed
INFO:     127.0.0.1:49756 - "WebSocket /api/v1/pos/iot/ws/iot?token=test-token-123" [accepted]
INFO:     connection open
ERROR:pos_core.iot.websocket_handler:❌ Error crítico en sesión IoT 1: (sqlalchemy.dialects.postgresql.asyncpg.Error) <class 'asyncpg.exceptions.DataError'>: invalid input for query argument $1: datetime.datetime(2026, 5, 19, 14, 27, 2... (can't subtract offset-naive and offset-aware datetimes)
[SQL: UPDATE iotdevice SET last_seen=$1::TIMESTAMP WITHOUT TIME ZONE WHERE iotdevice.id = $2::INTEGER]
[parameters: (datetime.datetime(2026, 5, 19, 14, 27, 27, 893904, tzinfo=datetime.timezone.utc), 1)]
(Background on this error at: https://sqlalche.me/e/20/dbapi)
INFO:     connection closed
INFO:     127.0.0.1:49770 - "WebSocket /api/v1/pos/iot/ws/iot?token=test-token-123" [accepted]
INFO:     connection open
ERROR:pos_core.iot.websocket_handler:❌ Error crítico en sesión IoT 1: (sqlalchemy.dialects.postgresql.asyncpg.Error) <class 'asyncpg.exceptions.DataError'>: invalid input for query argument $1: datetime.datetime(2026, 5, 19, 14, 27, 2... (can't subtract offset-naive and offset-aware datetimes)
[SQL: UPDATE iotdevice SET last_seen=$1::TIMESTAMP WITHOUT TIME ZONE WHERE iotdevice.id = $2::INTEGER]
[parameters: (datetime.datetime(2026, 5, 19, 14, 27, 27, 899165, tzinfo=datetime.timezone.utc), 1)]
(Background on this error at: https://sqlalche.me/e/20/dbapi)
INFO:     connection closed
INFO:     127.0.0.1:49784 - "WebSocket /api/v1/pos/iot/ws/iot?token=test-token-123" [accepted]
INFO:     connection open
ERROR:pos_core.iot.websocket_handler:❌ Error crítico en sesión IoT 1: (sqlalchemy.dialects.postgresql.asyncpg.Error) <class 'asyncpg.exceptions.DataError'>: invalid input for query argument $1: datetime.datetime(2026, 5, 19, 14, 27, 2... (can't subtract offset-naive and offset-aware datetimes)
[SQL: UPDATE iotdevice SET last_seen=$1::TIMESTAMP WITHOUT TIME ZONE WHERE iotdevice.id = $2::INTEGER]
[parameters: (datetime.datetime(2026, 5, 19, 14, 27, 27, 904282, tzinfo=datetime.timezone.utc), 1)]
(Background on this error at: https://sqlalche.me/e/20/dbapi)
INFO:     connection closed
INFO:     127.0.0.1:49796 - "WebSocket /api/v1/pos/iot/ws/iot?token=test-token-123" [accepted]
INFO:     connection open
ERROR:pos_core.iot.websocket_handler:❌ Error crítico en sesión IoT 1: (sqlalchemy.dialects.postgresql.asyncpg.Error) <class 'asyncpg.exceptions.DataError'>: invalid input for query argument $1: datetime.datetime(2026, 5, 19, 14, 27, 2... (can't subtract offset-naive and offset-aware datetimes)
[SQL: UPDATE iotdevice SET last_seen=$1::TIMESTAMP WITHOUT TIME ZONE WHERE iotdevice.id = $2::INTEGER]
[parameters: (datetime.datetime(2026, 5, 19, 14, 27, 27, 908686, tzinfo=datetime.timezone.utc), 1)]
(Background on this error at: https://sqlalche.me/e/20/dbapi)
INFO:     connection closed
INFO:     127.0.0.1:49812 - "WebSocket /api/v1/pos/iot/ws/iot?token=test-token-123" [accepted]
INFO:     connection open
ERROR:pos_core.iot.websocket_handler:❌ Error crítico en sesión IoT 1: (sqlalchemy.dialects.postgresql.asyncpg.Error) <class 'asyncpg.exceptions.DataError'>: invalid input for query argument $1: datetime.datetime(2026, 5, 19, 14, 27, 2... (can't subtract offset-naive and offset-aware datetimes)
[SQL: UPDATE iotdevice SET last_seen=$1::TIMESTAMP WITHOUT TIME ZONE WHERE iotdevice.id = $2::INTEGER]
[parameters: (datetime.datetime(2026, 5, 19, 14, 27, 27, 913655, tzinfo=datetime.timezone.utc), 1)]
(Background on this error at: https://sqlalche.me/e/20/dbapi)
INFO:     connection closed
INFO:     127.0.0.1:49824 - "WebSocket /api/v1/pos/iot/ws/iot?token=test-token-123" [accepted]
INFO:     connection open
ERROR:pos_core.iot.websocket_handler:❌ Error crítico en sesión IoT 1: (sqlalchemy.dialects.postgresql.asyncpg.Error) <class 'asyncpg.exceptions.DataError'>: invalid input for query argument $1: datetime.datetime(2026, 5, 19, 14, 27, 2... (can't subtract offset-naive and offset-aware datetimes)
[SQL: UPDATE iotdevice SET last_seen=$1::TIMESTAMP WITHOUT TIME ZONE WHERE iotdevice.id = $2::INTEGER]
[parameters: (datetime.datetime(2026, 5, 19, 14, 27, 27, 919236, tzinfo=datetime.timezone.utc), 1)]
(Background on this error at: https://sqlalche.me/e/20/dbapi)
INFO:     connection closed
INFO:     127.0.0.1:49838 - "WebSocket /api/v1/pos/iot/ws/iot?token=test-token-123" [accepted]
INFO:     connection open
ERROR:pos_core.iot.websocket_handler:❌ Error crítico en sesión IoT 1: (sqlalchemy.dialects.postgresql.asyncpg.Error) <class 'asyncpg.exceptions.DataError'>: invalid input for query argument $1: datetime.datetime(2026, 5, 19, 14, 27, 2... (can't subtract offset-naive and offset-aware datetimes)
[SQL: UPDATE iotdevice SET last_seen=$1::TIMESTAMP WITHOUT TIME ZONE WHERE iotdevice.id = $2::INTEGER]
[parameters: (datetime.datetime(2026, 5, 19, 14, 27, 27, 923600, tzinfo=datetime.timezone.utc), 1)]
(Background on this error at: https://sqlalche.me/e/20/dbapi)
INFO:     connection closed
INFO:     127.0.0.1:49840 - "WebSocket /api/v1/pos/iot/ws/iot?token=test-token-123" [accepted]
INFO:     connection open
ERROR:pos_core.iot.websocket_handler:❌ Error crítico en sesión IoT 1: (sqlalchemy.dialects.postgresql.asyncpg.Error) <class 'asyncpg.exceptions.DataError'>: invalid input for query argument $1: datetime.datetime(2026, 5, 19, 14, 27, 2... (can't subtract offset-naive and offset-aware datetimes)
[SQL: UPDATE iotdevice SET last_seen=$1::TIMESTAMP WITHOUT TIME ZONE WHERE iotdevice.id = $2::INTEGER]
[parameters: (datetime.datetime(2026, 5, 19, 14, 27, 27, 927497, tzinfo=datetime.timezone.utc), 1)]
(Background on this error at: https://sqlalche.me/e/20/dbapi)
INFO:     connection closed
INFO:     127.0.0.1:49848 - "WebSocket /api/v1/pos/iot/ws/iot?token=test-token-123" [accepted]
INFO:     connection open
ERROR:pos_core.iot.websocket_handler:❌ Error crítico en sesión IoT 1: (sqlalchemy.dialects.postgresql.asyncpg.Error) <class 'asyncpg.exceptions.DataError'>: invalid input for query argument $1: datetime.datetime(2026, 5, 19, 14, 27, 2... (can't subtract offset-naive and offset-aware datetimes)
[SQL: UPDATE iotdevice SET last_seen=$1::TIMESTAMP WITHOUT TIME ZONE WHERE iotdevice.id = $2::INTEGER]
[parameters: (datetime.datetime(2026, 5, 19, 14, 27, 27, 932136, tzinfo=datetime.timezone.utc), 1)]
(Background on this error at: https://sqlalche.me/e/20/dbapi)
INFO:     connection closed
INFO:     127.0.0.1:49858 - "WebSocket /api/v1/pos/iot/ws/iot?token=test-token-123" [accepted]
INFO:     connection open
ERROR:pos_core.iot.websocket_handler:❌ Error crítico en sesión IoT 1: (sqlalchemy.dialects.postgresql.asyncpg.Error) <class 'asyncpg.exceptions.DataError'>: invalid input for query argument $1: datetime.datetime(2026, 5, 19, 14, 27, 2... (can't subtract offset-naive and offset-aware datetimes)
[SQL: UPDATE iotdevice SET last_seen=$1::TIMESTAMP WITHOUT TIME ZONE WHERE iotdevice.id = $2::INTEGER]
[parameters: (datetime.datetime(2026, 5, 19, 14, 27, 27, 936630, tzinfo=datetime.timezone.utc), 1)]
(Background on this error at: https://sqlalche.me/e/20/dbapi)
INFO:     connection closed
INFO:     127.0.0.1:49862 - "WebSocket /api/v1/pos/iot/ws/iot?token=test-token-123" [accepted]
INFO:     connection open
ERROR:pos_core.iot.websocket_handler:❌ Error crítico en sesión IoT 1: (sqlalchemy.dialects.postgresql.asyncpg.Error) <class 'asyncpg.exceptions.DataError'>: invalid input for query argument $1: datetime.datetime(2026, 5, 19, 14, 27, 2... (can't subtract offset-naive and offset-aware datetimes)
[SQL: UPDATE iotdevice SET last_seen=$1::TIMESTAMP WITHOUT TIME ZONE WHERE iotdevice.id = $2::INTEGER]
[parameters: (datetime.datetime(2026, 5, 19, 14, 27, 27, 940965, tzinfo=datetime.timezone.utc), 1)]
(Background on this error at: https://sqlalche.me/e/20/dbapi)
INFO:     connection closed
INFO:     127.0.0.1:49874 - "WebSocket /api/v1/pos/iot/ws/iot?token=test-token-123" [accepted]
INFO:     connection open
ERROR:pos_core.iot.websocket_handler:❌ Error crítico en sesión IoT 1: (sqlalchemy.dialects.postgresql.asyncpg.Error) <class 'asyncpg.exceptions.DataError'>: invalid input for query argument $1: datetime.datetime(2026, 5, 19, 14, 27, 2... (can't subtract offset-naive and offset-aware datetimes)
[SQL: UPDATE iotdevice SET last_seen=$1::TIMESTAMP WITHOUT TIME ZONE WHERE iotdevice.id = $2::INTEGER]
[parameters: (datetime.datetime(2026, 5, 19, 14, 27, 27, 946277, tzinfo=datetime.timezone.utc), 1)]
(Background on this error at: https://sqlalche.me/e/20/dbapi)
INFO:     connection closed
INFO:     127.0.0.1:49884 - "WebSocket /api/v1/pos/iot/ws/iot?token=test-token-123" [accepted]
INFO:     connection open
ERROR:pos_core.iot.websocket_handler:❌ Error crítico en sesión IoT 1: (sqlalchemy.dialects.postgresql.asyncpg.Error) <class 'asyncpg.exceptions.DataError'>: invalid input for query argument $1: datetime.datetime(2026, 5, 19, 14, 27, 2... (can't subtract offset-naive and offset-aware datetimes)
[SQL: UPDATE iotdevice SET last_seen=$1::TIMESTAMP WITHOUT TIME ZONE WHERE iotdevice.id = $2::INTEGER]
[parameters: (datetime.datetime(2026, 5, 19, 14, 27, 27, 952611, tzinfo=datetime.timezone.utc), 1)]
(Background on this error at: https://sqlalche.me/e/20/dbapi)
INFO:     connection closed
INFO:     127.0.0.1:49894 - "WebSocket /api/v1/pos/iot/ws/iot?token=test-token-123" [accepted]
INFO:     connection open
ERROR:pos_core.iot.websocket_handler:❌ Error crítico en sesión IoT 1: (sqlalchemy.dialects.postgresql.asyncpg.Error) <class 'asyncpg.exceptions.DataError'>: invalid input for query argument $1: datetime.datetime(2026, 5, 19, 14, 27, 2... (can't subtract offset-naive and offset-aware datetimes)
[SQL: UPDATE iotdevice SET last_seen=$1::TIMESTAMP WITHOUT TIME ZONE WHERE iotdevice.id = $2::INTEGER]
[parameters: (datetime.datetime(2026, 5, 19, 14, 27, 27, 958237, tzinfo=datetime.timezone.utc), 1)]
(Background on this error at: https://sqlalche.me/e/20/dbapi)
INFO:     connection closed
INFO:     127.0.0.1:49908 - "WebSocket /api/v1/pos/iot/ws/iot?token=test-token-123" [accepted]
INFO:     connection open
ERROR:pos_core.iot.websocket_handler:❌ Error crítico en sesión IoT 1: (sqlalchemy.dialects.postgresql.asyncpg.Error) <class 'asyncpg.exceptions.DataError'>: invalid input for query argument $1: datetime.datetime(2026, 5, 19, 14, 27, 2... (can't subtract offset-naive and offset-aware datetimes)
[SQL: UPDATE iotdevice SET last_seen=$1::TIMESTAMP WITHOUT TIME ZONE WHERE iotdevice.id = $2::INTEGER]
[parameters: (datetime.datetime(2026, 5, 19, 14, 27, 27, 962994, tzinfo=datetime.timezone.utc), 1)]
(Background on this error at: https://sqlalche.me/e/20/dbapi)
INFO:     connection closed
INFO:     127.0.0.1:49912 - "WebSocket /api/v1/pos/iot/ws/iot?token=test-token-123" [accepted]
INFO:     connection open
ERROR:pos_core.iot.websocket_handler:❌ Error crítico en sesión IoT 1: (sqlalchemy.dialects.postgresql.asyncpg.Error) <class 'asyncpg.exceptions.DataError'>: invalid input for query argument $1: datetime.datetime(2026, 5, 19, 14, 27, 2... (can't subtract offset-naive and offset-aware datetimes)
[SQL: UPDATE iotdevice SET last_seen=$1::TIMESTAMP WITHOUT TIME ZONE WHERE iotdevice.id = $2::INTEGER]
[parameters: (datetime.datetime(2026, 5, 19, 14, 27, 27, 968500, tzinfo=datetime.timezone.utc), 1)]
(Background on this error at: https://sqlalche.me/e/20/dbapi)
INFO:     connection closed
INFO:     127.0.0.1:49918 - "WebSocket /api/v1/pos/iot/ws/iot?token=test-token-123" [accepted]
INFO:     connection open
ERROR:pos_core.iot.websocket_handler:❌ Error crítico en sesión IoT 1: (sqlalchemy.dialects.postgresql.asyncpg.Error) <class 'asyncpg.exceptions.DataError'>: invalid input for query argument $1: datetime.datetime(2026, 5, 19, 14, 27, 2... (can't subtract offset-naive and offset-aware datetimes)
[SQL: UPDATE iotdevice SET last_seen=$1::TIMESTAMP WITHOUT TIME ZONE WHERE iotdevice.id = $2::INTEGER]
[parameters: (datetime.datetime(2026, 5, 19, 14, 27, 27, 973127, tzinfo=datetime.timezone.utc), 1)]
(Background on this error at: https://sqlalche.me/e/20/dbapi)
INFO:     connection closed
INFO:     127.0.0.1:49928 - "WebSocket /api/v1/pos/iot/ws/iot?token=test-token-123" [accepted]
INFO:     connection open
ERROR:pos_core.iot.websocket_handler:❌ Error crítico en sesión IoT 1: (sqlalchemy.dialects.postgresql.asyncpg.Error) <class 'asyncpg.exceptions.DataError'>: invalid input for query argument $1: datetime.datetime(2026, 5, 19, 14, 27, 2... (can't subtract offset-naive and offset-aware datetimes)
[SQL: UPDATE iotdevice SET last_seen=$1::TIMESTAMP WITHOUT TIME ZONE WHERE iotdevice.id = $2::INTEGER]
[parameters: (datetime.datetime(2026, 5, 19, 14, 27, 27, 977191, tzinfo=datetime.timezone.utc), 1)]
(Background on this error at: https://sqlalche.me/e/20/dbapi)
INFO:     connection closed
INFO:     127.0.0.1:49932 - "WebSocket /api/v1/pos/iot/ws/iot?token=test-token-123" [accepted]
INFO:     connection open
ERROR:pos_core.iot.websocket_handler:❌ Error crítico en sesión IoT 1: (sqlalchemy.dialects.postgresql.asyncpg.Error) <class 'asyncpg.exceptions.DataError'>: invalid input for query argument $1: datetime.datetime(2026, 5, 19, 14, 27, 2... (can't subtract offset-naive and offset-aware datetimes)
[SQL: UPDATE iotdevice SET last_seen=$1::TIMESTAMP WITHOUT TIME ZONE WHERE iotdevice.id = $2::INTEGER]
[parameters: (datetime.datetime(2026, 5, 19, 14, 27, 27, 981898, tzinfo=datetime.timezone.utc), 1)]
(Background on this error at: https://sqlalche.me/e/20/dbapi)
INFO:     connection closed
INFO:     127.0.0.1:49940 - "WebSocket /api/v1/pos/iot/ws/iot?token=test-token-123" [accepted]
INFO:     connection open
ERROR:pos_core.iot.websocket_handler:❌ Error crítico en sesión IoT 1: (sqlalchemy.dialects.postgresql.asyncpg.Error) <class 'asyncpg.exceptions.DataError'>: invalid input for query argument $1: datetime.datetime(2026, 5, 19, 14, 27, 2... (can't subtract offset-naive and offset-aware datetimes)
[SQL: UPDATE iotdevice SET last_seen=$1::TIMESTAMP WITHOUT TIME ZONE WHERE iotdevice.id = $2::INTEGER]
[parameters: (datetime.datetime(2026, 5, 19, 14, 27, 27, 986729, tzinfo=datetime.timezone.utc), 1)]
(Background on this error at: https://sqlalche.me/e/20/dbapi)
INFO:     connection closed
INFO:     127.0.0.1:49942 - "WebSocket /api/v1/pos/iot/ws/iot?token=test-token-123" [accepted]
INFO:     connection open
ERROR:pos_core.iot.websocket_handler:❌ Error crítico en sesión IoT 1: (sqlalchemy.dialects.postgresql.asyncpg.Error) <class 'asyncpg.exceptions.DataError'>: invalid input for query argument $1: datetime.datetime(2026, 5, 19, 14, 27, 2... (can't subtract offset-naive and offset-aware datetimes)
[SQL: UPDATE iotdevice SET last_seen=$1::TIMESTAMP WITHOUT TIME ZONE WHERE iotdevice.id = $2::INTEGER]
[parameters: (datetime.datetime(2026, 5, 19, 14, 27, 27, 990866, tzinfo=datetime.timezone.utc), 1)]
(Background on this error at: https://sqlalche.me/e/20/dbapi)
INFO:     connection closed
INFO:     127.0.0.1:49944 - "WebSocket /api/v1/pos/iot/ws/iot?token=test-token-123" [accepted]
INFO:     connection open
ERROR:pos_core.iot.websocket_handler:❌ Error crítico en sesión IoT 1: (sqlalchemy.dialects.postgresql.asyncpg.Error) <class 'asyncpg.exceptions.DataError'>: invalid input for query argument $1: datetime.datetime(2026, 5, 19, 14, 27, 2... (can't subtract offset-naive and offset-aware datetimes)
[SQL: UPDATE iotdevice SET last_seen=$1::TIMESTAMP WITHOUT TIME ZONE WHERE iotdevice.id = $2::INTEGER]
[parameters: (datetime.datetime(2026, 5, 19, 14, 27, 27, 995215, tzinfo=datetime.timezone.utc), 1)]
(Background on this error at: https://sqlalche.me/e/20/dbapi)
INFO:     connection closed
INFO:     127.0.0.1:49958 - "WebSocket /api/v1/pos/iot/ws/iot?token=test-token-123" [accepted]
INFO:     connection open
ERROR:pos_core.iot.websocket_handler:❌ Error crítico en sesión IoT 1: (sqlalchemy.dialects.postgresql.asyncpg.Error) <class 'asyncpg.exceptions.DataError'>: invalid input for query argument $1: datetime.datetime(2026, 5, 19, 14, 27, 2... (can't subtract offset-naive and offset-aware datetimes)
[SQL: UPDATE iotdevice SET last_seen=$1::TIMESTAMP WITHOUT TIME ZONE WHERE iotdevice.id = $2::INTEGER]
[parameters: (datetime.datetime(2026, 5, 19, 14, 27, 28, 520, tzinfo=datetime.timezone.utc), 1)]
(Background on this error at: https://sqlalche.me/e/20/dbapi)
INFO:     connection closed
INFO:     127.0.0.1:49960 - "WebSocket /api/v1/pos/iot/ws/iot?token=test-token-123" [accepted]
INFO:     connection open
ERROR:pos_core.iot.websocket_handler:❌ Error crítico en sesión IoT 1: (sqlalchemy.dialects.postgresql.asyncpg.Error) <class 'asyncpg.exceptions.DataError'>: invalid input for query argument $1: datetime.datetime(2026, 5, 19, 14, 27, 2... (can't subtract offset-naive and offset-aware datetimes)
[SQL: UPDATE iotdevice SET last_seen=$1::TIMESTAMP WITHOUT TIME ZONE WHERE iotdevice.id = $2::INTEGER]
[parameters: (datetime.datetime(2026, 5, 19, 14, 27, 28, 5024, tzinfo=datetime.timezone.utc), 1)]
(Background on this error at: https://sqlalche.me/e/20/dbapi)
INFO:     connection closed
INFO:     127.0.0.1:49972 - "WebSocket /api/v1/pos/iot/ws/iot?token=test-token-123" [accepted]
INFO:     connection open
ERROR:pos_core.iot.websocket_handler:❌ Error crítico en sesión IoT 1: (sqlalchemy.dialects.postgresql.asyncpg.Error) <class 'asyncpg.exceptions.DataError'>: invalid input for query argument $1: datetime.datetime(2026, 5, 19, 14, 27, 2... (can't subtract offset-naive and offset-aware datetimes)
[SQL: UPDATE iotdevice SET last_seen=$1::TIMESTAMP WITHOUT TIME ZONE WHERE iotdevice.id = $2::INTEGER]
[parameters: (datetime.datetime(2026, 5, 19, 14, 27, 28, 9531, tzinfo=datetime.timezone.utc), 1)]
(Background on this error at: https://sqlalche.me/e/20/dbapi)
INFO:     connection closed
INFO:     127.0.0.1:49984 - "WebSocket /api/v1/pos/iot/ws/iot?token=test-token-123" [accepted]
INFO:     connection open
ERROR:pos_core.iot.websocket_handler:❌ Error crítico en sesión IoT 1: (sqlalchemy.dialects.postgresql.asyncpg.Error) <class 'asyncpg.exceptions.DataError'>: invalid input for query argument $1: datetime.datetime(2026, 5, 19, 14, 27, 2... (can't subtract offset-naive and offset-aware datetimes)
[SQL: UPDATE iotdevice SET last_seen=$1::TIMESTAMP WITHOUT TIME ZONE WHERE iotdevice.id = $2::INTEGER]
[parameters: (datetime.datetime(2026, 5, 19, 14, 27, 28, 14438, tzinfo=datetime.timezone.utc), 1)]
(Background on this error at: https://sqlalche.me/e/20/dbapi)
INFO:     connection closed
INFO:     127.0.0.1:49994 - "WebSocket /api/v1/pos/iot/ws/iot?token=test-token-123" [accepted]
INFO:     connection open
ERROR:pos_core.iot.websocket_handler:❌ Error crítico en sesión IoT 1: (sqlalchemy.dialects.postgresql.asyncpg.Error) <class 'asyncpg.exceptions.DataError'>: invalid input for query argument $1: datetime.datetime(2026, 5, 19, 14, 27, 2... (can't subtract offset-naive and offset-aware datetimes)
[SQL: UPDATE iotdevice SET last_seen=$1::TIMESTAMP WITHOUT TIME ZONE WHERE iotdevice.id = $2::INTEGER]
[parameters: (datetime.datetime(2026, 5, 19, 14, 27, 28, 19698, tzinfo=datetime.timezone.utc), 1)]
(Background on this error at: https://sqlalche.me/e/20/dbapi)
INFO:     connection closed
INFO:     127.0.0.1:50000 - "WebSocket /api/v1/pos/iot/ws/iot?token=test-token-123" [accepted]
INFO:     connection open
ERROR:pos_core.iot.websocket_handler:❌ Error crítico en sesión IoT 1: (sqlalchemy.dialects.postgresql.asyncpg.Error) <class 'asyncpg.exceptions.DataError'>: invalid input for query argument $1: datetime.datetime(2026, 5, 19, 14, 27, 2... (can't subtract offset-naive and offset-aware datetimes)
[SQL: UPDATE iotdevice SET last_seen=$1::TIMESTAMP WITHOUT TIME ZONE WHERE iotdevice.id = $2::INTEGER]
[parameters: (datetime.datetime(2026, 5, 19, 14, 27, 28, 23553, tzinfo=datetime.timezone.utc), 1)]
(Background on this error at: https://sqlalche.me/e/20/dbapi)
INFO:     connection closed
INFO:     127.0.0.1:50014 - "WebSocket /api/v1/pos/iot/ws/iot?token=test-token-123" [accepted]
INFO:     connection open
ERROR:pos_core.iot.websocket_handler:❌ Error crítico en sesión IoT 1: (sqlalchemy.dialects.postgresql.asyncpg.Error) <class 'asyncpg.exceptions.DataError'>: invalid input for query argument $1: datetime.datetime(2026, 5, 19, 14, 27, 2... (can't subtract offset-naive and offset-aware datetimes)
[SQL: UPDATE iotdevice SET last_seen=$1::TIMESTAMP WITHOUT TIME ZONE WHERE iotdevice.id = $2::INTEGER]
[parameters: (datetime.datetime(2026, 5, 19, 14, 27, 28, 27340, tzinfo=datetime.timezone.utc), 1)]
(Background on this error at: https://sqlalche.me/e/20/dbapi)
INFO:     connection closed
INFO:     127.0.0.1:50020 - "WebSocket /api/v1/pos/iot/ws/iot?token=test-token-123" [accepted]
INFO:     connection open
ERROR:pos_core.iot.websocket_handler:❌ Error crítico en sesión IoT 1: (sqlalchemy.dialects.postgresql.asyncpg.Error) <class 'asyncpg.exceptions.DataError'>: invalid input for query argument $1: datetime.datetime(2026, 5, 19, 14, 27, 2... (can't subtract offset-naive and offset-aware datetimes)
[SQL: UPDATE iotdevice SET last_seen=$1::TIMESTAMP WITHOUT TIME ZONE WHERE iotdevice.id = $2::INTEGER]
[parameters: (datetime.datetime(2026, 5, 19, 14, 27, 28, 31719, tzinfo=datetime.timezone.utc), 1)]
(Background on this error at: https://sqlalche.me/e/20/dbapi)
INFO:     connection closed
INFO:     127.0.0.1:50036 - "WebSocket /api/v1/pos/iot/ws/iot?token=test-token-123" [accepted]
INFO:     connection open
ERROR:pos_core.iot.websocket_handler:❌ Error crítico en sesión IoT 1: (sqlalchemy.dialects.postgresql.asyncpg.Error) <class 'asyncpg.exceptions.DataError'>: invalid input for query argument $1: datetime.datetime(2026, 5, 19, 14, 27, 2... (can't subtract offset-naive and offset-aware datetimes)
[SQL: UPDATE iotdevice SET last_seen=$1::TIMESTAMP WITHOUT TIME ZONE WHERE iotdevice.id = $2::INTEGER]
[parameters: (datetime.datetime(2026, 5, 19, 14, 27, 28, 36045, tzinfo=datetime.timezone.utc), 1)]
(Background on this error at: https://sqlalche.me/e/20/dbapi)
INFO:     connection closed
INFO:     127.0.0.1:50046 - "WebSocket /api/v1/pos/iot/ws/iot?token=test-token-123" [accepted]
INFO:     connection open
ERROR:pos_core.iot.websocket_handler:❌ Error crítico en sesión IoT 1: (sqlalchemy.dialects.postgresql.asyncpg.Error) <class 'asyncpg.exceptions.DataError'>: invalid input for query argument $1: datetime.datetime(2026, 5, 19, 14, 27, 2... (can't subtract offset-naive and offset-aware datetimes)
[SQL: UPDATE iotdevice SET last_seen=$1::TIMESTAMP WITHOUT TIME ZONE WHERE iotdevice.id = $2::INTEGER]
[parameters: (datetime.datetime(2026, 5, 19, 14, 27, 28, 39859, tzinfo=datetime.timezone.utc), 1)]
(Background on this error at: https://sqlalche.me/e/20/dbapi)
INFO:     connection closed
INFO:     127.0.0.1:50060 - "WebSocket /api/v1/pos/iot/ws/iot?token=test-token-123" [accepted]
INFO:     connection open
ERROR:pos_core.iot.websocket_handler:❌ Error crítico en sesión IoT 1: (sqlalchemy.dialects.postgresql.asyncpg.Error) <class 'asyncpg.exceptions.DataError'>: invalid input for query argument $1: datetime.datetime(2026, 5, 19, 14, 27, 2... (can't subtract offset-naive and offset-aware datetimes)
[SQL: UPDATE iotdevice SET last_seen=$1::TIMESTAMP WITHOUT TIME ZONE WHERE iotdevice.id = $2::INTEGER]
[parameters: (datetime.datetime(2026, 5, 19, 14, 27, 28, 43871, tzinfo=datetime.timezone.utc), 1)]
(Background on this error at: https://sqlalche.me/e/20/dbapi)
INFO:     connection closed
INFO:     127.0.0.1:50062 - "WebSocket /api/v1/pos/iot/ws/iot?token=test-token-123" [accepted]
INFO:     connection open
ERROR:pos_core.iot.websocket_handler:❌ Error crítico en sesión IoT 1: (sqlalchemy.dialects.postgresql.asyncpg.Error) <class 'asyncpg.exceptions.DataError'>: invalid input for query argument $1: datetime.datetime(2026, 5, 19, 14, 27, 2... (can't subtract offset-naive and offset-aware datetimes)
[SQL: UPDATE iotdevice SET last_seen=$1::TIMESTAMP WITHOUT TIME ZONE WHERE iotdevice.id = $2::INTEGER]
[parameters: (datetime.datetime(2026, 5, 19, 14, 27, 28, 51447, tzinfo=datetime.timezone.utc), 1)]
(Background on this error at: https://sqlalche.me/e/20/dbapi)
INFO:     connection closed
INFO:     127.0.0.1:50074 - "WebSocket /api/v1/pos/iot/ws/iot?token=test-token-123" [accepted]
INFO:     connection open
ERROR:pos_core.iot.websocket_handler:❌ Error crítico en sesión IoT 1: (sqlalchemy.dialects.postgresql.asyncpg.Error) <class 'asyncpg.exceptions.DataError'>: invalid input for query argument $1: datetime.datetime(2026, 5, 19, 14, 27, 2... (can't subtract offset-naive and offset-aware datetimes)
[SQL: UPDATE iotdevice SET last_seen=$1::TIMESTAMP WITHOUT TIME ZONE WHERE iotdevice.id = $2::INTEGER]
[parameters: (datetime.datetime(2026, 5, 19, 14, 27, 28, 56406, tzinfo=datetime.timezone.utc), 1)]
(Background on this error at: https://sqlalche.me/e/20/dbapi)
INFO:     connection closed
INFO:     127.0.0.1:50086 - "WebSocket /api/v1/pos/iot/ws/iot?token=test-token-123" [accepted]
INFO:     connection open
ERROR:pos_core.iot.websocket_handler:❌ Error crítico en sesión IoT 1: (sqlalchemy.dialects.postgresql.asyncpg.Error) <class 'asyncpg.exceptions.DataError'>: invalid input for query argument $1: datetime.datetime(2026, 5, 19, 14, 27, 2... (can't subtract offset-naive and offset-aware datetimes)
[SQL: UPDATE iotdevice SET last_seen=$1::TIMESTAMP WITHOUT TIME ZONE WHERE iotdevice.id = $2::INTEGER]
[parameters: (datetime.datetime(2026, 5, 19, 14, 27, 28, 61007, tzinfo=datetime.timezone.utc), 1)]
(Background on this error at: https://sqlalche.me/e/20/dbapi)
INFO:     connection closed
INFO:     127.0.0.1:50100 - "WebSocket /api/v1/pos/iot/ws/iot?token=test-token-123" [accepted]
INFO:     connection open
ERROR:pos_core.iot.websocket_handler:❌ Error crítico en sesión IoT 1: (sqlalchemy.dialects.postgresql.asyncpg.Error) <class 'asyncpg.exceptions.DataError'>: invalid input for query argument $1: datetime.datetime(2026, 5, 19, 14, 27, 2... (can't subtract offset-naive and offset-aware datetimes)
[SQL: UPDATE iotdevice SET last_seen=$1::TIMESTAMP WITHOUT TIME ZONE WHERE iotdevice.id = $2::INTEGER]
[parameters: (datetime.datetime(2026, 5, 19, 14, 27, 28, 66858, tzinfo=datetime.timezone.utc), 1)]
(Background on this error at: https://sqlalche.me/e/20/dbapi)
INFO:     connection closed
INFO:     127.0.0.1:50102 - "WebSocket /api/v1/pos/iot/ws/iot?token=test-token-123" [accepted]
INFO:     connection open
ERROR:pos_core.iot.websocket_handler:❌ Error crítico en sesión IoT 1: (sqlalchemy.dialects.postgresql.asyncpg.Error) <class 'asyncpg.exceptions.DataError'>: invalid input for query argument $1: datetime.datetime(2026, 5, 19, 14, 27, 2... (can't subtract offset-naive and offset-aware datetimes)
[SQL: UPDATE iotdevice SET last_seen=$1::TIMESTAMP WITHOUT TIME ZONE WHERE iotdevice.id = $2::INTEGER]
[parameters: (datetime.datetime(2026, 5, 19, 14, 27, 28, 71699, tzinfo=datetime.timezone.utc), 1)]
(Background on this error at: https://sqlalche.me/e/20/dbapi)
INFO:     connection closed
INFO:     127.0.0.1:50108 - "WebSocket /api/v1/pos/iot/ws/iot?token=test-token-123" [accepted]
INFO:     connection open
ERROR:pos_core.iot.websocket_handler:❌ Error crítico en sesión IoT 1: (sqlalchemy.dialects.postgresql.asyncpg.Error) <class 'asyncpg.exceptions.DataError'>: invalid input for query argument $1: datetime.datetime(2026, 5, 19, 14, 27, 2... (can't subtract offset-naive and offset-aware datetimes)
[SQL: UPDATE iotdevice SET last_seen=$1::TIMESTAMP WITHOUT TIME ZONE WHERE iotdevice.id = $2::INTEGER]
[parameters: (datetime.datetime(2026, 5, 19, 14, 27, 28, 76342, tzinfo=datetime.timezone.utc), 1)]
(Background on this error at: https://sqlalche.me/e/20/dbapi)
INFO:     connection closed
INFO:     127.0.0.1:50118 - "WebSocket /api/v1/pos/iot/ws/iot?token=test-token-123" [accepted]
INFO:     connection open
ERROR:pos_core.iot.websocket_handler:❌ Error crítico en sesión IoT 1: (sqlalchemy.dialects.postgresql.asyncpg.Error) <class 'asyncpg.exceptions.DataError'>: invalid input for query argument $1: datetime.datetime(2026, 5, 19, 14, 27, 2... (can't subtract offset-naive and offset-aware datetimes)
[SQL: UPDATE iotdevice SET last_seen=$1::TIMESTAMP WITHOUT TIME ZONE WHERE iotdevice.id = $2::INTEGER]
[parameters: (datetime.datetime(2026, 5, 19, 14, 27, 28, 80210, tzinfo=datetime.timezone.utc), 1)]
(Background on this error at: https://sqlalche.me/e/20/dbapi)
INFO:     connection closed
INFO:     127.0.0.1:50120 - "WebSocket /api/v1/pos/iot/ws/iot?token=test-token-123" [accepted]
INFO:     connection open
ERROR:pos_core.iot.websocket_handler:❌ Error crítico en sesión IoT 1: (sqlalchemy.dialects.postgresql.asyncpg.Error) <class 'asyncpg.exceptions.DataError'>: invalid input for query argument $1: datetime.datetime(2026, 5, 19, 14, 27, 2... (can't subtract offset-naive and offset-aware datetimes)
[SQL: UPDATE iotdevice SET last_seen=$1::TIMESTAMP WITHOUT TIME ZONE WHERE iotdevice.id = $2::INTEGER]
[parameters: (datetime.datetime(2026, 5, 19, 14, 27, 28, 85914, tzinfo=datetime.timezone.utc), 1)]
(Background on this error at: https://sqlalche.me/e/20/dbapi)
INFO:     connection closed
INFO:     127.0.0.1:50132 - "WebSocket /api/v1/pos/iot/ws/iot?token=test-token-123" [accepted]
INFO:     connection open
ERROR:pos_core.iot.websocket_handler:❌ Error crítico en sesión IoT 1: (sqlalchemy.dialects.postgresql.asyncpg.Error) <class 'asyncpg.exceptions.DataError'>: invalid input for query argument $1: datetime.datetime(2026, 5, 19, 14, 27, 2... (can't subtract offset-naive and offset-aware datetimes)
[SQL: UPDATE iotdevice SET last_seen=$1::TIMESTAMP WITHOUT TIME ZONE WHERE iotdevice.id = $2::INTEGER]
[parameters: (datetime.datetime(2026, 5, 19, 14, 27, 28, 90646, tzinfo=datetime.timezone.utc), 1)]
(Background on this error at: https://sqlalche.me/e/20/dbapi)
INFO:     connection closed
INFO:     127.0.0.1:50138 - "WebSocket /api/v1/pos/iot/ws/iot?token=test-token-123" [accepted]
INFO:     connection open
ERROR:pos_core.iot.websocket_handler:❌ Error crítico en sesión IoT 1: (sqlalchemy.dialects.postgresql.asyncpg.Error) <class 'asyncpg.exceptions.DataError'>: invalid input for query argument $1: datetime.datetime(2026, 5, 19, 14, 27, 2... (can't subtract offset-naive and offset-aware datetimes)
[SQL: UPDATE iotdevice SET last_seen=$1::TIMESTAMP WITHOUT TIME ZONE WHERE iotdevice.id = $2::INTEGER]
[parameters: (datetime.datetime(2026, 5, 19, 14, 27, 28, 95572, tzinfo=datetime.timezone.utc), 1)]
(Background on this error at: https://sqlalche.me/e/20/dbapi)
INFO:     connection closed
INFO:     127.0.0.1:50154 - "WebSocket /api/v1/pos/iot/ws/iot?token=test-token-123" [accepted]
INFO:     connection open
ERROR:pos_core.iot.websocket_handler:❌ Error crítico en sesión IoT 1: (sqlalchemy.dialects.postgresql.asyncpg.Error) <class 'asyncpg.exceptions.DataError'>: invalid input for query argument $1: datetime.datetime(2026, 5, 19, 14, 27, 2... (can't subtract offset-naive and offset-aware datetimes)
[SQL: UPDATE iotdevice SET last_seen=$1::TIMESTAMP WITHOUT TIME ZONE WHERE iotdevice.id = $2::INTEGER]
[parameters: (datetime.datetime(2026, 5, 19, 14, 27, 28, 101602, tzinfo=datetime.timezone.utc), 1)]
(Background on this error at: https://sqlalche.me/e/20/dbapi)
INFO:     connection closed
INFO:     127.0.0.1:50156 - "WebSocket /api/v1/pos/iot/ws/iot?token=test-token-123" [accepted]
INFO:     connection open
ERROR:pos_core.iot.websocket_handler:❌ Error crítico en sesión IoT 1: (sqlalchemy.dialects.postgresql.asyncpg.Error) <class 'asyncpg.exceptions.DataError'>: invalid input for query argument $1: datetime.datetime(2026, 5, 19, 14, 27, 2... (can't subtract offset-naive and offset-aware datetimes)
[SQL: UPDATE iotdevice SET last_seen=$1::TIMESTAMP WITHOUT TIME ZONE WHERE iotdevice.id = $2::INTEGER]
[parameters: (datetime.datetime(2026, 5, 19, 14, 27, 28, 106933, tzinfo=datetime.timezone.utc), 1)]
(Background on this error at: https://sqlalche.me/e/20/dbapi)
INFO:     connection closed
INFO:     127.0.0.1:50168 - "WebSocket /api/v1/pos/iot/ws/iot?token=test-token-123" [accepted]
INFO:     connection open
ERROR:pos_core.iot.websocket_handler:❌ Error crítico en sesión IoT 1: (sqlalchemy.dialects.postgresql.asyncpg.Error) <class 'asyncpg.exceptions.DataError'>: invalid input for query argument $1: datetime.datetime(2026, 5, 19, 14, 27, 2... (can't subtract offset-naive and offset-aware datetimes)
[SQL: UPDATE iotdevice SET last_seen=$1::TIMESTAMP WITHOUT TIME ZONE WHERE iotdevice.id = $2::INTEGER]
[parameters: (datetime.datetime(2026, 5, 19, 14, 27, 28, 111735, tzinfo=datetime.timezone.utc), 1)]
(Background on this error at: https://sqlalche.me/e/20/dbapi)
INFO:     connection closed
INFO:     127.0.0.1:50174 - "WebSocket /api/v1/pos/iot/ws/iot?token=test-token-123" [accepted]
INFO:     connection open
ERROR:pos_core.iot.websocket_handler:❌ Error crítico en sesión IoT 1: (sqlalchemy.dialects.postgresql.asyncpg.Error) <class 'asyncpg.exceptions.DataError'>: invalid input for query argument $1: datetime.datetime(2026, 5, 19, 14, 27, 2... (can't subtract offset-naive and offset-aware datetimes)
[SQL: UPDATE iotdevice SET last_seen=$1::TIMESTAMP WITHOUT TIME ZONE WHERE iotdevice.id = $2::INTEGER]
[parameters: (datetime.datetime(2026, 5, 19, 14, 27, 28, 118048, tzinfo=datetime.timezone.utc), 1)]
(Background on this error at: https://sqlalche.me/e/20/dbapi)
INFO:     connection closed
INFO:     127.0.0.1:50180 - "WebSocket /api/v1/pos/iot/ws/iot?token=test-token-123" [accepted]
INFO:     connection open
ERROR:pos_core.iot.websocket_handler:❌ Error crítico en sesión IoT 1: (sqlalchemy.dialects.postgresql.asyncpg.Error) <class 'asyncpg.exceptions.DataError'>: invalid input for query argument $1: datetime.datetime(2026, 5, 19, 14, 27, 2... (can't subtract offset-naive and offset-aware datetimes)
[SQL: UPDATE iotdevice SET last_seen=$1::TIMESTAMP WITHOUT TIME ZONE WHERE iotdevice.id = $2::INTEGER]
[parameters: (datetime.datetime(2026, 5, 19, 14, 27, 28, 122281, tzinfo=datetime.timezone.utc), 1)]
(Background on this error at: https://sqlalche.me/e/20/dbapi)
INFO:     connection closed
INFO:     127.0.0.1:50186 - "WebSocket /api/v1/pos/iot/ws/iot?token=test-token-123" [accepted]
INFO:     connection open
ERROR:pos_core.iot.websocket_handler:❌ Error crítico en sesión IoT 1: (sqlalchemy.dialects.postgresql.asyncpg.Error) <class 'asyncpg.exceptions.DataError'>: invalid input for query argument $1: datetime.datetime(2026, 5, 19, 14, 27, 2... (can't subtract offset-naive and offset-aware datetimes)
[SQL: UPDATE iotdevice SET last_seen=$1::TIMESTAMP WITHOUT TIME ZONE WHERE iotdevice.id = $2::INTEGER]
[parameters: (datetime.datetime(2026, 5, 19, 14, 27, 28, 126111, tzinfo=datetime.timezone.utc), 1)]
(Background on this error at: https://sqlalche.me/e/20/dbapi)
INFO:     connection closed
INFO:     127.0.0.1:50202 - "WebSocket /api/v1/pos/iot/ws/iot?token=test-token-123" [accepted]
INFO:     connection open
ERROR:pos_core.iot.websocket_handler:❌ Error crítico en sesión IoT 1: (sqlalchemy.dialects.postgresql.asyncpg.Error) <class 'asyncpg.exceptions.DataError'>: invalid input for query argument $1: datetime.datetime(2026, 5, 19, 14, 27, 2... (can't subtract offset-naive and offset-aware datetimes)
[SQL: UPDATE iotdevice SET last_seen=$1::TIMESTAMP WITHOUT TIME ZONE WHERE iotdevice.id = $2::INTEGER]
[parameters: (datetime.datetime(2026, 5, 19, 14, 27, 28, 130313, tzinfo=datetime.timezone.utc), 1)]
(Background on this error at: https://sqlalche.me/e/20/dbapi)
INFO:     connection closed
INFO:     127.0.0.1:50208 - "WebSocket /api/v1/pos/iot/ws/iot?token=test-token-123" [accepted]
INFO:     connection open
ERROR:pos_core.iot.websocket_handler:❌ Error crítico en sesión IoT 1: (sqlalchemy.dialects.postgresql.asyncpg.Error) <class 'asyncpg.exceptions.DataError'>: invalid input for query argument $1: datetime.datetime(2026, 5, 19, 14, 27, 2... (can't subtract offset-naive and offset-aware datetimes)
[SQL: UPDATE iotdevice SET last_seen=$1::TIMESTAMP WITHOUT TIME ZONE WHERE iotdevice.id = $2::INTEGER]
[parameters: (datetime.datetime(2026, 5, 19, 14, 27, 28, 135574, tzinfo=datetime.timezone.utc), 1)]
(Background on this error at: https://sqlalche.me/e/20/dbapi)
INFO:     connection closed
INFO:     127.0.0.1:50220 - "WebSocket /api/v1/pos/iot/ws/iot?token=test-token-123" [accepted]
INFO:     connection open
ERROR:pos_core.iot.websocket_handler:❌ Error crítico en sesión IoT 1: (sqlalchemy.dialects.postgresql.asyncpg.Error) <class 'asyncpg.exceptions.DataError'>: invalid input for query argument $1: datetime.datetime(2026, 5, 19, 14, 27, 2... (can't subtract offset-naive and offset-aware datetimes)
[SQL: UPDATE iotdevice SET last_seen=$1::TIMESTAMP WITHOUT TIME ZONE WHERE iotdevice.id = $2::INTEGER]
[parameters: (datetime.datetime(2026, 5, 19, 14, 27, 28, 139631, tzinfo=datetime.timezone.utc), 1)]
(Background on this error at: https://sqlalche.me/e/20/dbapi)
INFO:     connection closed
INFO:     127.0.0.1:50234 - "WebSocket /api/v1/pos/iot/ws/iot?token=test-token-123" [accepted]
INFO:     connection open
ERROR:pos_core.iot.websocket_handler:❌ Error crítico en sesión IoT 1: (sqlalchemy.dialects.postgresql.asyncpg.Error) <class 'asyncpg.exceptions.DataError'>: invalid input for query argument $1: datetime.datetime(2026, 5, 19, 14, 27, 2... (can't subtract offset-naive and offset-aware datetimes)
[SQL: UPDATE iotdevice SET last_seen=$1::TIMESTAMP WITHOUT TIME ZONE WHERE iotdevice.id = $2::INTEGER]
[parameters: (datetime.datetime(2026, 5, 19, 14, 27, 28, 143987, tzinfo=datetime.timezone.utc), 1)]
(Background on this error at: https://sqlalche.me/e/20/dbapi)
INFO:     connection closed
INFO:     127.0.0.1:50246 - "WebSocket /api/v1/pos/iot/ws/iot?token=test-token-123" [accepted]
INFO:     connection open
ERROR:pos_core.iot.websocket_handler:❌ Error crítico en sesión IoT 1: (sqlalchemy.dialects.postgresql.asyncpg.Error) <class 'asyncpg.exceptions.DataError'>: invalid input for query argument $1: datetime.datetime(2026, 5, 19, 14, 27, 2... (can't subtract offset-naive and offset-aware datetimes)
[SQL: UPDATE iotdevice SET last_seen=$1::TIMESTAMP WITHOUT TIME ZONE WHERE iotdevice.id = $2::INTEGER]
[parameters: (datetime.datetime(2026, 5, 19, 14, 27, 28, 150445, tzinfo=datetime.timezone.utc), 1)]
(Background on this error at: https://sqlalche.me/e/20/dbapi)
INFO:     connection closed
INFO:     127.0.0.1:50260 - "WebSocket /api/v1/pos/iot/ws/iot?token=test-token-123" [accepted]
INFO:     connection open
ERROR:pos_core.iot.websocket_handler:❌ Error crítico en sesión IoT 1: (sqlalchemy.dialects.postgresql.asyncpg.Error) <class 'asyncpg.exceptions.DataError'>: invalid input for query argument $1: datetime.datetime(2026, 5, 19, 14, 27, 2... (can't subtract offset-naive and offset-aware datetimes)
[SQL: UPDATE iotdevice SET last_seen=$1::TIMESTAMP WITHOUT TIME ZONE WHERE iotdevice.id = $2::INTEGER]
[parameters: (datetime.datetime(2026, 5, 19, 14, 27, 28, 155359, tzinfo=datetime.timezone.utc), 1)]
(Background on this error at: https://sqlalche.me/e/20/dbapi)
INFO:     connection closed
INFO:     127.0.0.1:50274 - "WebSocket /api/v1/pos/iot/ws/iot?token=test-token-123" [accepted]
INFO:     connection open
ERROR:pos_core.iot.websocket_handler:❌ Error crítico en sesión IoT 1: (sqlalchemy.dialects.postgresql.asyncpg.Error) <class 'asyncpg.exceptions.DataError'>: invalid input for query argument $1: datetime.datetime(2026, 5, 19, 14, 27, 2... (can't subtract offset-naive and offset-aware datetimes)
[SQL: UPDATE iotdevice SET last_seen=$1::TIMESTAMP WITHOUT TIME ZONE WHERE iotdevice.id = $2::INTEGER]
[parameters: (datetime.datetime(2026, 5, 19, 14, 27, 28, 160078, tzinfo=datetime.timezone.utc), 1)]
(Background on this error at: https://sqlalche.me/e/20/dbapi)
INFO:     connection closed
INFO:     127.0.0.1:50282 - "WebSocket /api/v1/pos/iot/ws/iot?token=test-token-123" [accepted]
INFO:     connection open
ERROR:pos_core.iot.websocket_handler:❌ Error crítico en sesión IoT 1: (sqlalchemy.dialects.postgresql.asyncpg.Error) <class 'asyncpg.exceptions.DataError'>: invalid input for query argument $1: datetime.datetime(2026, 5, 19, 14, 27, 2... (can't subtract offset-naive and offset-aware datetimes)
[SQL: UPDATE iotdevice SET last_seen=$1::TIMESTAMP WITHOUT TIME ZONE WHERE iotdevice.id = $2::INTEGER]
[parameters: (datetime.datetime(2026, 5, 19, 14, 27, 28, 165991, tzinfo=datetime.timezone.utc), 1)]
(Background on this error at: https://sqlalche.me/e/20/dbapi)
INFO:     connection closed
INFO:     127.0.0.1:50294 - "WebSocket /api/v1/pos/iot/ws/iot?token=test-token-123" [accepted]
INFO:     connection open
ERROR:pos_core.iot.websocket_handler:❌ Error crítico en sesión IoT 1: (sqlalchemy.dialects.postgresql.asyncpg.Error) <class 'asyncpg.exceptions.DataError'>: invalid input for query argument $1: datetime.datetime(2026, 5, 19, 14, 27, 2... (can't subtract offset-naive and offset-aware datetimes)
[SQL: UPDATE iotdevice SET last_seen=$1::TIMESTAMP WITHOUT TIME ZONE WHERE iotdevice.id = $2::INTEGER]
[parameters: (datetime.datetime(2026, 5, 19, 14, 27, 28, 170459, tzinfo=datetime.timezone.utc), 1)]
(Background on this error at: https://sqlalche.me/e/20/dbapi)
INFO:     connection closed
INFO:     127.0.0.1:50306 - "WebSocket /api/v1/pos/iot/ws/iot?token=test-token-123" [accepted]
INFO:     connection open
ERROR:pos_core.iot.websocket_handler:❌ Error crítico en sesión IoT 1: (sqlalchemy.dialects.postgresql.asyncpg.Error) <class 'asyncpg.exceptions.DataError'>: invalid input for query argument $1: datetime.datetime(2026, 5, 19, 14, 27, 2... (can't subtract offset-naive and offset-aware datetimes)
[SQL: UPDATE iotdevice SET last_seen=$1::TIMESTAMP WITHOUT TIME ZONE WHERE iotdevice.id = $2::INTEGER]
[parameters: (datetime.datetime(2026, 5, 19, 14, 27, 28, 174328, tzinfo=datetime.timezone.utc), 1)]
(Background on this error at: https://sqlalche.me/e/20/dbapi)
INFO:     connection closed
INFO:     127.0.0.1:50322 - "WebSocket /api/v1/pos/iot/ws/iot?token=test-token-123" [accepted]
INFO:     connection open
ERROR:pos_core.iot.websocket_handler:❌ Error crítico en sesión IoT 1: (sqlalchemy.dialects.postgresql.asyncpg.Error) <class 'asyncpg.exceptions.DataError'>: invalid input for query argument $1: datetime.datetime(2026, 5, 19, 14, 27, 2... (can't subtract offset-naive and offset-aware datetimes)
[SQL: UPDATE iotdevice SET last_seen=$1::TIMESTAMP WITHOUT TIME ZONE WHERE iotdevice.id = $2::INTEGER]
[parameters: (datetime.datetime(2026, 5, 19, 14, 27, 28, 178089, tzinfo=datetime.timezone.utc), 1)]
(Background on this error at: https://sqlalche.me/e/20/dbapi)
INFO:     connection closed
INFO:     127.0.0.1:50328 - "WebSocket /api/v1/pos/iot/ws/iot?token=test-token-123" [accepted]
INFO:     connection open
ERROR:pos_core.iot.websocket_handler:❌ Error crítico en sesión IoT 1: (sqlalchemy.dialects.postgresql.asyncpg.Error) <class 'asyncpg.exceptions.DataError'>: invalid input for query argument $1: datetime.datetime(2026, 5, 19, 14, 27, 2... (can't subtract offset-naive and offset-aware datetimes)
[SQL: UPDATE iotdevice SET last_seen=$1::TIMESTAMP WITHOUT TIME ZONE WHERE iotdevice.id = $2::INTEGER]
[parameters: (datetime.datetime(2026, 5, 19, 14, 27, 28, 182897, tzinfo=datetime.timezone.utc), 1)]
(Background on this error at: https://sqlalche.me/e/20/dbapi)
INFO:     connection closed
INFO:     127.0.0.1:50342 - "WebSocket /api/v1/pos/iot/ws/iot?token=test-token-123" [accepted]
INFO:     connection open
ERROR:pos_core.iot.websocket_handler:❌ Error crítico en sesión IoT 1: (sqlalchemy.dialects.postgresql.asyncpg.Error) <class 'asyncpg.exceptions.DataError'>: invalid input for query argument $1: datetime.datetime(2026, 5, 19, 14, 27, 2... (can't subtract offset-naive and offset-aware datetimes)
[SQL: UPDATE iotdevice SET last_seen=$1::TIMESTAMP WITHOUT TIME ZONE WHERE iotdevice.id = $2::INTEGER]
[parameters: (datetime.datetime(2026, 5, 19, 14, 27, 28, 187465, tzinfo=datetime.timezone.utc), 1)]
(Background on this error at: https://sqlalche.me/e/20/dbapi)
INFO:     connection closed
INFO:     127.0.0.1:50344 - "WebSocket /api/v1/pos/iot/ws/iot?token=test-token-123" [accepted]
INFO:     connection open
ERROR:pos_core.iot.websocket_handler:❌ Error crítico en sesión IoT 1: (sqlalchemy.dialects.postgresql.asyncpg.Error) <class 'asyncpg.exceptions.DataError'>: invalid input for query argument $1: datetime.datetime(2026, 5, 19, 14, 27, 2... (can't subtract offset-naive and offset-aware datetimes)
[SQL: UPDATE iotdevice SET last_seen=$1::TIMESTAMP WITHOUT TIME ZONE WHERE iotdevice.id = $2::INTEGER]
[parameters: (datetime.datetime(2026, 5, 19, 14, 27, 28, 191296, tzinfo=datetime.timezone.utc), 1)]
(Background on this error at: https://sqlalche.me/e/20/dbapi)
INFO:     connection closed
INFO:     127.0.0.1:50360 - "WebSocket /api/v1/pos/iot/ws/iot?token=test-token-123" [accepted]
INFO:     connection open
ERROR:pos_core.iot.websocket_handler:❌ Error crítico en sesión IoT 1: (sqlalchemy.dialects.postgresql.asyncpg.Error) <class 'asyncpg.exceptions.DataError'>: invalid input for query argument $1: datetime.datetime(2026, 5, 19, 14, 27, 2... (can't subtract offset-naive and offset-aware datetimes)
[SQL: UPDATE iotdevice SET last_seen=$1::TIMESTAMP WITHOUT TIME ZONE WHERE iotdevice.id = $2::INTEGER]
[parameters: (datetime.datetime(2026, 5, 19, 14, 27, 28, 196068, tzinfo=datetime.timezone.utc), 1)]
(Background on this error at: https://sqlalche.me/e/20/dbapi)
INFO:     connection closed
INFO:     127.0.0.1:50368 - "WebSocket /api/v1/pos/iot/ws/iot?token=test-token-123" [accepted]
INFO:     connection open
ERROR:pos_core.iot.websocket_handler:❌ Error crítico en sesión IoT 1: (sqlalchemy.dialects.postgresql.asyncpg.Error) <class 'asyncpg.exceptions.DataError'>: invalid input for query argument $1: datetime.datetime(2026, 5, 19, 14, 27, 2... (can't subtract offset-naive and offset-aware datetimes)
[SQL: UPDATE iotdevice SET last_seen=$1::TIMESTAMP WITHOUT TIME ZONE WHERE iotdevice.id = $2::INTEGER]
[parameters: (datetime.datetime(2026, 5, 19, 14, 27, 28, 201506, tzinfo=datetime.timezone.utc), 1)]
(Background on this error at: https://sqlalche.me/e/20/dbapi)
INFO:     connection closed
INFO:     127.0.0.1:50378 - "WebSocket /api/v1/pos/iot/ws/iot?token=test-token-123" [accepted]
INFO:     connection open
ERROR:pos_core.iot.websocket_handler:❌ Error crítico en sesión IoT 1: (sqlalchemy.dialects.postgresql.asyncpg.Error) <class 'asyncpg.exceptions.DataError'>: invalid input for query argument $1: datetime.datetime(2026, 5, 19, 14, 27, 2... (can't subtract offset-naive and offset-aware datetimes)
[SQL: UPDATE iotdevice SET last_seen=$1::TIMESTAMP WITHOUT TIME ZONE WHERE iotdevice.id = $2::INTEGER]
[parameters: (datetime.datetime(2026, 5, 19, 14, 27, 28, 206360, tzinfo=datetime.timezone.utc), 1)]
(Background on this error at: https://sqlalche.me/e/20/dbapi)
INFO:     connection closed
INFO:     127.0.0.1:50386 - "WebSocket /api/v1/pos/iot/ws/iot?token=test-token-123" [accepted]
INFO:     connection open
ERROR:pos_core.iot.websocket_handler:❌ Error crítico en sesión IoT 1: (sqlalchemy.dialects.postgresql.asyncpg.Error) <class 'asyncpg.exceptions.DataError'>: invalid input for query argument $1: datetime.datetime(2026, 5, 19, 14, 27, 2... (can't subtract offset-naive and offset-aware datetimes)
[SQL: UPDATE iotdevice SET last_seen=$1::TIMESTAMP WITHOUT TIME ZONE WHERE iotdevice.id = $2::INTEGER]
[parameters: (datetime.datetime(2026, 5, 19, 14, 27, 28, 210680, tzinfo=datetime.timezone.utc), 1)]
(Background on this error at: https://sqlalche.me/e/20/dbapi)
INFO:     connection closed
INFO:     127.0.0.1:50402 - "WebSocket /api/v1/pos/iot/ws/iot?token=test-token-123" [accepted]
INFO:     connection open
ERROR:pos_core.iot.websocket_handler:❌ Error crítico en sesión IoT 1: (sqlalchemy.dialects.postgresql.asyncpg.Error) <class 'asyncpg.exceptions.DataError'>: invalid input for query argument $1: datetime.datetime(2026, 5, 19, 14, 27, 2... (can't subtract offset-naive and offset-aware datetimes)
[SQL: UPDATE iotdevice SET last_seen=$1::TIMESTAMP WITHOUT TIME ZONE WHERE iotdevice.id = $2::INTEGER]
[parameters: (datetime.datetime(2026, 5, 19, 14, 27, 28, 220215, tzinfo=datetime.timezone.utc), 1)]
(Background on this error at: https://sqlalche.me/e/20/dbapi)
INFO:     connection closed
INFO:     127.0.0.1:50412 - "WebSocket /api/v1/pos/iot/ws/iot?token=test-token-123" [accepted]
INFO:     connection open
ERROR:pos_core.iot.websocket_handler:❌ Error crítico en sesión IoT 1: (sqlalchemy.dialects.postgresql.asyncpg.Error) <class 'asyncpg.exceptions.DataError'>: invalid input for query argument $1: datetime.datetime(2026, 5, 19, 14, 27, 2... (can't subtract offset-naive and offset-aware datetimes)
[SQL: UPDATE iotdevice SET last_seen=$1::TIMESTAMP WITHOUT TIME ZONE WHERE iotdevice.id = $2::INTEGER]
[parameters: (datetime.datetime(2026, 5, 19, 14, 27, 28, 224861, tzinfo=datetime.timezone.utc), 1)]
(Background on this error at: https://sqlalche.me/e/20/dbapi)
INFO:     connection closed
INFO:     127.0.0.1:50418 - "WebSocket /api/v1/pos/iot/ws/iot?token=test-token-123" [accepted]
INFO:     connection open
ERROR:pos_core.iot.websocket_handler:❌ Error crítico en sesión IoT 1: (sqlalchemy.dialects.postgresql.asyncpg.Error) <class 'asyncpg.exceptions.DataError'>: invalid input for query argument $1: datetime.datetime(2026, 5, 19, 14, 27, 2... (can't subtract offset-naive and offset-aware datetimes)
[SQL: UPDATE iotdevice SET last_seen=$1::TIMESTAMP WITHOUT TIME ZONE WHERE iotdevice.id = $2::INTEGER]
[parameters: (datetime.datetime(2026, 5, 19, 14, 27, 28, 228774, tzinfo=datetime.timezone.utc), 1)]
(Background on this error at: https://sqlalche.me/e/20/dbapi)
INFO:     connection closed
INFO:     127.0.0.1:50422 - "WebSocket /api/v1/pos/iot/ws/iot?token=test-token-123" [accepted]
INFO:     connection open
ERROR:pos_core.iot.websocket_handler:❌ Error crítico en sesión IoT 1: (sqlalchemy.dialects.postgresql.asyncpg.Error) <class 'asyncpg.exceptions.DataError'>: invalid input for query argument $1: datetime.datetime(2026, 5, 19, 14, 27, 2... (can't subtract offset-naive and offset-aware datetimes)
[SQL: UPDATE iotdevice SET last_seen=$1::TIMESTAMP WITHOUT TIME ZONE WHERE iotdevice.id = $2::INTEGER]
[parameters: (datetime.datetime(2026, 5, 19, 14, 27, 28, 233602, tzinfo=datetime.timezone.utc), 1)]
(Background on this error at: https://sqlalche.me/e/20/dbapi)
INFO:     connection closed
INFO:     127.0.0.1:50434 - "WebSocket /api/v1/pos/iot/ws/iot?token=test-token-123" [accepted]
INFO:     connection open
ERROR:pos_core.iot.websocket_handler:❌ Error crítico en sesión IoT 1: (sqlalchemy.dialects.postgresql.asyncpg.Error) <class 'asyncpg.exceptions.DataError'>: invalid input for query argument $1: datetime.datetime(2026, 5, 19, 14, 27, 2... (can't subtract offset-naive and offset-aware datetimes)
[SQL: UPDATE iotdevice SET last_seen=$1::TIMESTAMP WITHOUT TIME ZONE WHERE iotdevice.id = $2::INTEGER]
[parameters: (datetime.datetime(2026, 5, 19, 14, 27, 28, 238044, tzinfo=datetime.timezone.utc), 1)]
(Background on this error at: https://sqlalche.me/e/20/dbapi)
INFO:     connection closed
INFO:     127.0.0.1:50444 - "WebSocket /api/v1/pos/iot/ws/iot?token=test-token-123" [accepted]
INFO:     connection open
ERROR:pos_core.iot.websocket_handler:❌ Error crítico en sesión IoT 1: (sqlalchemy.dialects.postgresql.asyncpg.Error) <class 'asyncpg.exceptions.DataError'>: invalid input for query argument $1: datetime.datetime(2026, 5, 19, 14, 27, 2... (can't subtract offset-naive and offset-aware datetimes)
[SQL: UPDATE iotdevice SET last_seen=$1::TIMESTAMP WITHOUT TIME ZONE WHERE iotdevice.id = $2::INTEGER]
[parameters: (datetime.datetime(2026, 5, 19, 14, 27, 28, 242237, tzinfo=datetime.timezone.utc), 1)]
(Background on this error at: https://sqlalche.me/e/20/dbapi)
INFO:     connection closed
INFO:     127.0.0.1:50450 - "WebSocket /api/v1/pos/iot/ws/iot?token=test-token-123" [accepted]
INFO:     connection open
ERROR:pos_core.iot.websocket_handler:❌ Error crítico en sesión IoT 1: (sqlalchemy.dialects.postgresql.asyncpg.Error) <class 'asyncpg.exceptions.DataError'>: invalid input for query argument $1: datetime.datetime(2026, 5, 19, 14, 27, 2... (can't subtract offset-naive and offset-aware datetimes)
[SQL: UPDATE iotdevice SET last_seen=$1::TIMESTAMP WITHOUT TIME ZONE WHERE iotdevice.id = $2::INTEGER]
[parameters: (datetime.datetime(2026, 5, 19, 14, 27, 28, 246640, tzinfo=datetime.timezone.utc), 1)]
(Background on this error at: https://sqlalche.me/e/20/dbapi)
INFO:     connection closed
INFO:     127.0.0.1:50462 - "WebSocket /api/v1/pos/iot/ws/iot?token=test-token-123" [accepted]
INFO:     connection open
ERROR:pos_core.iot.websocket_handler:❌ Error crítico en sesión IoT 1: (sqlalchemy.dialects.postgresql.asyncpg.Error) <class 'asyncpg.exceptions.DataError'>: invalid input for query argument $1: datetime.datetime(2026, 5, 19, 14, 27, 2... (can't subtract offset-naive and offset-aware datetimes)
[SQL: UPDATE iotdevice SET last_seen=$1::TIMESTAMP WITHOUT TIME ZONE WHERE iotdevice.id = $2::INTEGER]
[parameters: (datetime.datetime(2026, 5, 19, 14, 27, 28, 251596, tzinfo=datetime.timezone.utc), 1)]
(Background on this error at: https://sqlalche.me/e/20/dbapi)
INFO:     connection closed
INFO:     127.0.0.1:50468 - "WebSocket /api/v1/pos/iot/ws/iot?token=test-token-123" [accepted]
INFO:     connection open
ERROR:pos_core.iot.websocket_handler:❌ Error crítico en sesión IoT 1: (sqlalchemy.dialects.postgresql.asyncpg.Error) <class 'asyncpg.exceptions.DataError'>: invalid input for query argument $1: datetime.datetime(2026, 5, 19, 14, 27, 2... (can't subtract offset-naive and offset-aware datetimes)
[SQL: UPDATE iotdevice SET last_seen=$1::TIMESTAMP WITHOUT TIME ZONE WHERE iotdevice.id = $2::INTEGER]
[parameters: (datetime.datetime(2026, 5, 19, 14, 27, 28, 256713, tzinfo=datetime.timezone.utc), 1)]
(Background on this error at: https://sqlalche.me/e/20/dbapi)
INFO:     connection closed
INFO:     127.0.0.1:50484 - "WebSocket /api/v1/pos/iot/ws/iot?token=test-token-123" [accepted]
INFO:     connection open
ERROR:pos_core.iot.websocket_handler:❌ Error crítico en sesión IoT 1: (sqlalchemy.dialects.postgresql.asyncpg.Error) <class 'asyncpg.exceptions.DataError'>: invalid input for query argument $1: datetime.datetime(2026, 5, 19, 14, 27, 2... (can't subtract offset-naive and offset-aware datetimes)
[SQL: UPDATE iotdevice SET last_seen=$1::TIMESTAMP WITHOUT TIME ZONE WHERE iotdevice.id = $2::INTEGER]
[parameters: (datetime.datetime(2026, 5, 19, 14, 27, 28, 261342, tzinfo=datetime.timezone.utc), 1)]
(Background on this error at: https://sqlalche.me/e/20/dbapi)
INFO:     connection closed
INFO:     127.0.0.1:50492 - "WebSocket /api/v1/pos/iot/ws/iot?token=test-token-123" [accepted]
INFO:     connection open
ERROR:pos_core.iot.websocket_handler:❌ Error crítico en sesión IoT 1: (sqlalchemy.dialects.postgresql.asyncpg.Error) <class 'asyncpg.exceptions.DataError'>: invalid input for query argument $1: datetime.datetime(2026, 5, 19, 14, 27, 2... (can't subtract offset-naive and offset-aware datetimes)
[SQL: UPDATE iotdevice SET last_seen=$1::TIMESTAMP WITHOUT TIME ZONE WHERE iotdevice.id = $2::INTEGER]
[parameters: (datetime.datetime(2026, 5, 19, 14, 27, 28, 267007, tzinfo=datetime.timezone.utc), 1)]
(Background on this error at: https://sqlalche.me/e/20/dbapi)
INFO:     connection closed
INFO:     127.0.0.1:50508 - "WebSocket /api/v1/pos/iot/ws/iot?token=test-token-123" [accepted]
INFO:     connection open
ERROR:pos_core.iot.websocket_handler:❌ Error crítico en sesión IoT 1: (sqlalchemy.dialects.postgresql.asyncpg.Error) <class 'asyncpg.exceptions.DataError'>: invalid input for query argument $1: datetime.datetime(2026, 5, 19, 14, 27, 2... (can't subtract offset-naive and offset-aware datetimes)
[SQL: UPDATE iotdevice SET last_seen=$1::TIMESTAMP WITHOUT TIME ZONE WHERE iotdevice.id = $2::INTEGER]
[parameters: (datetime.datetime(2026, 5, 19, 14, 27, 28, 271589, tzinfo=datetime.timezone.utc), 1)]
(Background on this error at: https://sqlalche.me/e/20/dbapi)
INFO:     connection closed
INFO:     127.0.0.1:50522 - "WebSocket /api/v1/pos/iot/ws/iot?token=test-token-123" [accepted]
INFO:     connection open
ERROR:pos_core.iot.websocket_handler:❌ Error crítico en sesión IoT 1: (sqlalchemy.dialects.postgresql.asyncpg.Error) <class 'asyncpg.exceptions.DataError'>: invalid input for query argument $1: datetime.datetime(2026, 5, 19, 14, 27, 2... (can't subtract offset-naive and offset-aware datetimes)
[SQL: UPDATE iotdevice SET last_seen=$1::TIMESTAMP WITHOUT TIME ZONE WHERE iotdevice.id = $2::INTEGER]
[parameters: (datetime.datetime(2026, 5, 19, 14, 27, 28, 275584, tzinfo=datetime.timezone.utc), 1)]
(Background on this error at: https://sqlalche.me/e/20/dbapi)
INFO:     connection closed
INFO:     127.0.0.1:50536 - "WebSocket /api/v1/pos/iot/ws/iot?token=test-token-123" [accepted]
INFO:     connection open
ERROR:pos_core.iot.websocket_handler:❌ Error crítico en sesión IoT 1: (sqlalchemy.dialects.postgresql.asyncpg.Error) <class 'asyncpg.exceptions.DataError'>: invalid input for query argument $1: datetime.datetime(2026, 5, 19, 14, 27, 2... (can't subtract offset-naive and offset-aware datetimes)
[SQL: UPDATE iotdevice SET last_seen=$1::TIMESTAMP WITHOUT TIME ZONE WHERE iotdevice.id = $2::INTEGER]
[parameters: (datetime.datetime(2026, 5, 19, 14, 27, 28, 279398, tzinfo=datetime.timezone.utc), 1)]
(Background on this error at: https://sqlalche.me/e/20/dbapi)
INFO:     connection closed
INFO:     127.0.0.1:50546 - "WebSocket /api/v1/pos/iot/ws/iot?token=test-token-123" [accepted]
INFO:     connection open
ERROR:pos_core.iot.websocket_handler:❌ Error crítico en sesión IoT 1: (sqlalchemy.dialects.postgresql.asyncpg.Error) <class 'asyncpg.exceptions.DataError'>: invalid input for query argument $1: datetime.datetime(2026, 5, 19, 14, 27, 2... (can't subtract offset-naive and offset-aware datetimes)
[SQL: UPDATE iotdevice SET last_seen=$1::TIMESTAMP WITHOUT TIME ZONE WHERE iotdevice.id = $2::INTEGER]
[parameters: (datetime.datetime(2026, 5, 19, 14, 27, 28, 284474, tzinfo=datetime.timezone.utc), 1)]
(Background on this error at: https://sqlalche.me/e/20/dbapi)
INFO:     connection closed
INFO:     127.0.0.1:50548 - "WebSocket /api/v1/pos/iot/ws/iot?token=test-token-123" [accepted]
INFO:     connection open
ERROR:pos_core.iot.websocket_handler:❌ Error crítico en sesión IoT 1: (sqlalchemy.dialects.postgresql.asyncpg.Error) <class 'asyncpg.exceptions.DataError'>: invalid input for query argument $1: datetime.datetime(2026, 5, 19, 14, 27, 2... (can't subtract offset-naive and offset-aware datetimes)
[SQL: UPDATE iotdevice SET last_seen=$1::TIMESTAMP WITHOUT TIME ZONE WHERE iotdevice.id = $2::INTEGER]
[parameters: (datetime.datetime(2026, 5, 19, 14, 27, 28, 289210, tzinfo=datetime.timezone.utc), 1)]
(Background on this error at: https://sqlalche.me/e/20/dbapi)
INFO:     connection closed
INFO:     127.0.0.1:50552 - "WebSocket /api/v1/pos/iot/ws/iot?token=test-token-123" [accepted]
INFO:     connection open
ERROR:pos_core.iot.websocket_handler:❌ Error crítico en sesión IoT 1: (sqlalchemy.dialects.postgresql.asyncpg.Error) <class 'asyncpg.exceptions.DataError'>: invalid input for query argument $1: datetime.datetime(2026, 5, 19, 14, 27, 2... (can't subtract offset-naive and offset-aware datetimes)
[SQL: UPDATE iotdevice SET last_seen=$1::TIMESTAMP WITHOUT TIME ZONE WHERE iotdevice.id = $2::INTEGER]
[parameters: (datetime.datetime(2026, 5, 19, 14, 27, 28, 293241, tzinfo=datetime.timezone.utc), 1)]
(Background on this error at: https://sqlalche.me/e/20/dbapi)
INFO:     connection closed
INFO:     127.0.0.1:50566 - "WebSocket /api/v1/pos/iot/ws/iot?token=test-token-123" [accepted]
INFO:     connection open
ERROR:pos_core.iot.websocket_handler:❌ Error crítico en sesión IoT 1: (sqlalchemy.dialects.postgresql.asyncpg.Error) <class 'asyncpg.exceptions.DataError'>: invalid input for query argument $1: datetime.datetime(2026, 5, 19, 14, 27, 2... (can't subtract offset-naive and offset-aware datetimes)
[SQL: UPDATE iotdevice SET last_seen=$1::TIMESTAMP WITHOUT TIME ZONE WHERE iotdevice.id = $2::INTEGER]
[parameters: (datetime.datetime(2026, 5, 19, 14, 27, 28, 298424, tzinfo=datetime.timezone.utc), 1)]
(Background on this error at: https://sqlalche.me/e/20/dbapi)
INFO:     connection closed
INFO:     127.0.0.1:50582 - "WebSocket /api/v1/pos/iot/ws/iot?token=test-token-123" [accepted]
INFO:     connection open
ERROR:pos_core.iot.websocket_handler:❌ Error crítico en sesión IoT 1: (sqlalchemy.dialects.postgresql.asyncpg.Error) <class 'asyncpg.exceptions.DataError'>: invalid input for query argument $1: datetime.datetime(2026, 5, 19, 14, 27, 2... (can't subtract offset-naive and offset-aware datetimes)
[SQL: UPDATE iotdevice SET last_seen=$1::TIMESTAMP WITHOUT TIME ZONE WHERE iotdevice.id = $2::INTEGER]
[parameters: (datetime.datetime(2026, 5, 19, 14, 27, 28, 303573, tzinfo=datetime.timezone.utc), 1)]
(Background on this error at: https://sqlalche.me/e/20/dbapi)
INFO:     connection closed
INFO:     127.0.0.1:50584 - "WebSocket /api/v1/pos/iot/ws/iot?token=test-token-123" [accepted]
INFO:     connection open
ERROR:pos_core.iot.websocket_handler:❌ Error crítico en sesión IoT 1: (sqlalchemy.dialects.postgresql.asyncpg.Error) <class 'asyncpg.exceptions.DataError'>: invalid input for query argument $1: datetime.datetime(2026, 5, 19, 14, 27, 2... (can't subtract offset-naive and offset-aware datetimes)
[SQL: UPDATE iotdevice SET last_seen=$1::TIMESTAMP WITHOUT TIME ZONE WHERE iotdevice.id = $2::INTEGER]
[parameters: (datetime.datetime(2026, 5, 19, 14, 27, 28, 308420, tzinfo=datetime.timezone.utc), 1)]
(Background on this error at: https://sqlalche.me/e/20/dbapi)
INFO:     connection closed
INFO:     127.0.0.1:50586 - "WebSocket /api/v1/pos/iot/ws/iot?token=test-token-123" [accepted]
INFO:     connection open
ERROR:pos_core.iot.websocket_handler:❌ Error crítico en sesión IoT 1: (sqlalchemy.dialects.postgresql.asyncpg.Error) <class 'asyncpg.exceptions.DataError'>: invalid input for query argument $1: datetime.datetime(2026, 5, 19, 14, 27, 2... (can't subtract offset-naive and offset-aware datetimes)
[SQL: UPDATE iotdevice SET last_seen=$1::TIMESTAMP WITHOUT TIME ZONE WHERE iotdevice.id = $2::INTEGER]
[parameters: (datetime.datetime(2026, 5, 19, 14, 27, 28, 312841, tzinfo=datetime.timezone.utc), 1)]
(Background on this error at: https://sqlalche.me/e/20/dbapi)
INFO:     connection closed
INFO:     127.0.0.1:50592 - "WebSocket /api/v1/pos/iot/ws/iot?token=test-token-123" [accepted]
INFO:     connection open
ERROR:pos_core.iot.websocket_handler:❌ Error crítico en sesión IoT 1: (sqlalchemy.dialects.postgresql.asyncpg.Error) <class 'asyncpg.exceptions.DataError'>: invalid input for query argument $1: datetime.datetime(2026, 5, 19, 14, 27, 2... (can't subtract offset-naive and offset-aware datetimes)
[SQL: UPDATE iotdevice SET last_seen=$1::TIMESTAMP WITHOUT TIME ZONE WHERE iotdevice.id = $2::INTEGER]
[parameters: (datetime.datetime(2026, 5, 19, 14, 27, 28, 318379, tzinfo=datetime.timezone.utc), 1)]
(Background on this error at: https://sqlalche.me/e/20/dbapi)
INFO:     connection closed
INFO:     127.0.0.1:50600 - "WebSocket /api/v1/pos/iot/ws/iot?token=test-token-123" [accepted]
INFO:     connection open
ERROR:pos_core.iot.websocket_handler:❌ Error crítico en sesión IoT 1: (sqlalchemy.dialects.postgresql.asyncpg.Error) <class 'asyncpg.exceptions.DataError'>: invalid input for query argument $1: datetime.datetime(2026, 5, 19, 14, 27, 2... (can't subtract offset-naive and offset-aware datetimes)
[SQL: UPDATE iotdevice SET last_seen=$1::TIMESTAMP WITHOUT TIME ZONE WHERE iotdevice.id = $2::INTEGER]
[parameters: (datetime.datetime(2026, 5, 19, 14, 27, 28, 322995, tzinfo=datetime.timezone.utc), 1)]
(Background on this error at: https://sqlalche.me/e/20/dbapi)
INFO:     connection closed
INFO:     127.0.0.1:50606 - "WebSocket /api/v1/pos/iot/ws/iot?token=test-token-123" [accepted]
INFO:     connection open
ERROR:pos_core.iot.websocket_handler:❌ Error crítico en sesión IoT 1: (sqlalchemy.dialects.postgresql.asyncpg.Error) <class 'asyncpg.exceptions.DataError'>: invalid input for query argument $1: datetime.datetime(2026, 5, 19, 14, 27, 2... (can't subtract offset-naive and offset-aware datetimes)
[SQL: UPDATE iotdevice SET last_seen=$1::TIMESTAMP WITHOUT TIME ZONE WHERE iotdevice.id = $2::INTEGER]
[parameters: (datetime.datetime(2026, 5, 19, 14, 27, 28, 327069, tzinfo=datetime.timezone.utc), 1)]
(Background on this error at: https://sqlalche.me/e/20/dbapi)
INFO:     connection closed
INFO:     127.0.0.1:50612 - "WebSocket /api/v1/pos/iot/ws/iot?token=test-token-123" [accepted]
INFO:     connection open
ERROR:pos_core.iot.websocket_handler:❌ Error crítico en sesión IoT 1: (sqlalchemy.dialects.postgresql.asyncpg.Error) <class 'asyncpg.exceptions.DataError'>: invalid input for query argument $1: datetime.datetime(2026, 5, 19, 14, 27, 2... (can't subtract offset-naive and offset-aware datetimes)
[SQL: UPDATE iotdevice SET last_seen=$1::TIMESTAMP WITHOUT TIME ZONE WHERE iotdevice.id = $2::INTEGER]
[parameters: (datetime.datetime(2026, 5, 19, 14, 27, 28, 332077, tzinfo=datetime.timezone.utc), 1)]
(Background on this error at: https://sqlalche.me/e/20/dbapi)
INFO:     connection closed
INFO:     127.0.0.1:50616 - "WebSocket /api/v1/pos/iot/ws/iot?token=test-token-123" [accepted]
INFO:     connection open
ERROR:pos_core.iot.websocket_handler:❌ Error crítico en sesión IoT 1: (sqlalchemy.dialects.postgresql.asyncpg.Error) <class 'asyncpg.exceptions.DataError'>: invalid input for query argument $1: datetime.datetime(2026, 5, 19, 14, 27, 2... (can't subtract offset-naive and offset-aware datetimes)
[SQL: UPDATE iotdevice SET last_seen=$1::TIMESTAMP WITHOUT TIME ZONE WHERE iotdevice.id = $2::INTEGER]
[parameters: (datetime.datetime(2026, 5, 19, 14, 27, 28, 336751, tzinfo=datetime.timezone.utc), 1)]
(Background on this error at: https://sqlalche.me/e/20/dbapi)
INFO:     connection closed
INFO:     127.0.0.1:50622 - "WebSocket /api/v1/pos/iot/ws/iot?token=test-token-123" [accepted]
INFO:     connection open
ERROR:pos_core.iot.websocket_handler:❌ Error crítico en sesión IoT 1: (sqlalchemy.dialects.postgresql.asyncpg.Error) <class 'asyncpg.exceptions.DataError'>: invalid input for query argument $1: datetime.datetime(2026, 5, 19, 14, 27, 2... (can't subtract offset-naive and offset-aware datetimes)
[SQL: UPDATE iotdevice SET last_seen=$1::TIMESTAMP WITHOUT TIME ZONE WHERE iotdevice.id = $2::INTEGER]
[parameters: (datetime.datetime(2026, 5, 19, 14, 27, 28, 340956, tzinfo=datetime.timezone.utc), 1)]
(Background on this error at: https://sqlalche.me/e/20/dbapi)
INFO:     connection closed
INFO:     127.0.0.1:50624 - "WebSocket /api/v1/pos/iot/ws/iot?token=test-token-123" [accepted]
INFO:     connection open
ERROR:pos_core.iot.websocket_handler:❌ Error crítico en sesión IoT 1: (sqlalchemy.dialects.postgresql.asyncpg.Error) <class 'asyncpg.exceptions.DataError'>: invalid input for query argument $1: datetime.datetime(2026, 5, 19, 14, 27, 2... (can't subtract offset-naive and offset-aware datetimes)
[SQL: UPDATE iotdevice SET last_seen=$1::TIMESTAMP WITHOUT TIME ZONE WHERE iotdevice.id = $2::INTEGER]
[parameters: (datetime.datetime(2026, 5, 19, 14, 27, 28, 345251, tzinfo=datetime.timezone.utc), 1)]
(Background on this error at: https://sqlalche.me/e/20/dbapi)
INFO:     connection closed
INFO:     127.0.0.1:50628 - "WebSocket /api/v1/pos/iot/ws/iot?token=test-token-123" [accepted]
INFO:     connection open
ERROR:pos_core.iot.websocket_handler:❌ Error crítico en sesión IoT 1: (sqlalchemy.dialects.postgresql.asyncpg.Error) <class 'asyncpg.exceptions.DataError'>: invalid input for query argument $1: datetime.datetime(2026, 5, 19, 14, 27, 2... (can't subtract offset-naive and offset-aware datetimes)
[SQL: UPDATE iotdevice SET last_seen=$1::TIMESTAMP WITHOUT TIME ZONE WHERE iotdevice.id = $2::INTEGER]
[parameters: (datetime.datetime(2026, 5, 19, 14, 27, 28, 351030, tzinfo=datetime.timezone.utc), 1)]
(Background on this error at: https://sqlalche.me/e/20/dbapi)
INFO:     connection closed
INFO:     127.0.0.1:50636 - "WebSocket /api/v1/pos/iot/ws/iot?token=test-token-123" [accepted]
INFO:     connection open
ERROR:pos_core.iot.websocket_handler:❌ Error crítico en sesión IoT 1: (sqlalchemy.dialects.postgresql.asyncpg.Error) <class 'asyncpg.exceptions.DataError'>: invalid input for query argument $1: datetime.datetime(2026, 5, 19, 14, 27, 2... (can't subtract offset-naive and offset-aware datetimes)
[SQL: UPDATE iotdevice SET last_seen=$1::TIMESTAMP WITHOUT TIME ZONE WHERE iotdevice.id = $2::INTEGER]
[parameters: (datetime.datetime(2026, 5, 19, 14, 27, 28, 356314, tzinfo=datetime.timezone.utc), 1)]
(Background on this error at: https://sqlalche.me/e/20/dbapi)
INFO:     connection closed
INFO:     127.0.0.1:50650 - "WebSocket /api/v1/pos/iot/ws/iot?token=test-token-123" [accepted]
INFO:     connection open
ERROR:pos_core.iot.websocket_handler:❌ Error crítico en sesión IoT 1: (sqlalchemy.dialects.postgresql.asyncpg.Error) <class 'asyncpg.exceptions.DataError'>: invalid input for query argument $1: datetime.datetime(2026, 5, 19, 14, 27, 2... (can't subtract offset-naive and offset-aware datetimes)
[SQL: UPDATE iotdevice SET last_seen=$1::TIMESTAMP WITHOUT TIME ZONE WHERE iotdevice.id = $2::INTEGER]
[parameters: (datetime.datetime(2026, 5, 19, 14, 27, 28, 360661, tzinfo=datetime.timezone.utc), 1)]
(Background on this error at: https://sqlalche.me/e/20/dbapi)
INFO:     connection closed
INFO:     127.0.0.1:50652 - "WebSocket /api/v1/pos/iot/ws/iot?token=test-token-123" [accepted]
INFO:     connection open
ERROR:pos_core.iot.websocket_handler:❌ Error crítico en sesión IoT 1: (sqlalchemy.dialects.postgresql.asyncpg.Error) <class 'asyncpg.exceptions.DataError'>: invalid input for query argument $1: datetime.datetime(2026, 5, 19, 14, 27, 2... (can't subtract offset-naive and offset-aware datetimes)
[SQL: UPDATE iotdevice SET last_seen=$1::TIMESTAMP WITHOUT TIME ZONE WHERE iotdevice.id = $2::INTEGER]
[parameters: (datetime.datetime(2026, 5, 19, 14, 27, 28, 366077, tzinfo=datetime.timezone.utc), 1)]
(Background on this error at: https://sqlalche.me/e/20/dbapi)
INFO:     connection closed
INFO:     127.0.0.1:50654 - "WebSocket /api/v1/pos/iot/ws/iot?token=test-token-123" [accepted]
INFO:     connection open
ERROR:pos_core.iot.websocket_handler:❌ Error crítico en sesión IoT 1: (sqlalchemy.dialects.postgresql.asyncpg.Error) <class 'asyncpg.exceptions.DataError'>: invalid input for query argument $1: datetime.datetime(2026, 5, 19, 14, 27, 2... (can't subtract offset-naive and offset-aware datetimes)
[SQL: UPDATE iotdevice SET last_seen=$1::TIMESTAMP WITHOUT TIME ZONE WHERE iotdevice.id = $2::INTEGER]
[parameters: (datetime.datetime(2026, 5, 19, 14, 27, 28, 371427, tzinfo=datetime.timezone.utc), 1)]
(Background on this error at: https://sqlalche.me/e/20/dbapi)
INFO:     connection closed
INFO:     127.0.0.1:50664 - "WebSocket /api/v1/pos/iot/ws/iot?token=test-token-123" [accepted]
INFO:     connection open
ERROR:pos_core.iot.websocket_handler:❌ Error crítico en sesión IoT 1: (sqlalchemy.dialects.postgresql.asyncpg.Error) <class 'asyncpg.exceptions.DataError'>: invalid input for query argument $1: datetime.datetime(2026, 5, 19, 14, 27, 2... (can't subtract offset-naive and offset-aware datetimes)
[SQL: UPDATE iotdevice SET last_seen=$1::TIMESTAMP WITHOUT TIME ZONE WHERE iotdevice.id = $2::INTEGER]
[parameters: (datetime.datetime(2026, 5, 19, 14, 27, 28, 375693, tzinfo=datetime.timezone.utc), 1)]
(Background on this error at: https://sqlalche.me/e/20/dbapi)
INFO:     connection closed
INFO:     127.0.0.1:50676 - "WebSocket /api/v1/pos/iot/ws/iot?token=test-token-123" [accepted]
INFO:     connection open
ERROR:pos_core.iot.websocket_handler:❌ Error crítico en sesión IoT 1: (sqlalchemy.dialects.postgresql.asyncpg.Error) <class 'asyncpg.exceptions.DataError'>: invalid input for query argument $1: datetime.datetime(2026, 5, 19, 14, 27, 2... (can't subtract offset-naive and offset-aware datetimes)
[SQL: UPDATE iotdevice SET last_seen=$1::TIMESTAMP WITHOUT TIME ZONE WHERE iotdevice.id = $2::INTEGER]
[parameters: (datetime.datetime(2026, 5, 19, 14, 27, 28, 379620, tzinfo=datetime.timezone.utc), 1)]
(Background on this error at: https://sqlalche.me/e/20/dbapi)
INFO:     connection closed
INFO:     127.0.0.1:50690 - "WebSocket /api/v1/pos/iot/ws/iot?token=test-token-123" [accepted]
INFO:     connection open
ERROR:pos_core.iot.websocket_handler:❌ Error crítico en sesión IoT 1: (sqlalchemy.dialects.postgresql.asyncpg.Error) <class 'asyncpg.exceptions.DataError'>: invalid input for query argument $1: datetime.datetime(2026, 5, 19, 14, 27, 2... (can't subtract offset-naive and offset-aware datetimes)
[SQL: UPDATE iotdevice SET last_seen=$1::TIMESTAMP WITHOUT TIME ZONE WHERE iotdevice.id = $2::INTEGER]
[parameters: (datetime.datetime(2026, 5, 19, 14, 27, 28, 384352, tzinfo=datetime.timezone.utc), 1)]
(Background on this error at: https://sqlalche.me/e/20/dbapi)
INFO:     connection closed
INFO:     127.0.0.1:50702 - "WebSocket /api/v1/pos/iot/ws/iot?token=test-token-123" [accepted]
INFO:     connection open
ERROR:pos_core.iot.websocket_handler:❌ Error crítico en sesión IoT 1: (sqlalchemy.dialects.postgresql.asyncpg.Error) <class 'asyncpg.exceptions.DataError'>: invalid input for query argument $1: datetime.datetime(2026, 5, 19, 14, 27, 2... (can't subtract offset-naive and offset-aware datetimes)
[SQL: UPDATE iotdevice SET last_seen=$1::TIMESTAMP WITHOUT TIME ZONE WHERE iotdevice.id = $2::INTEGER]
[parameters: (datetime.datetime(2026, 5, 19, 14, 27, 28, 388977, tzinfo=datetime.timezone.utc), 1)]
(Background on this error at: https://sqlalche.me/e/20/dbapi)
INFO:     connection closed
INFO:     127.0.0.1:50712 - "WebSocket /api/v1/pos/iot/ws/iot?token=test-token-123" [accepted]
INFO:     connection open
ERROR:pos_core.iot.websocket_handler:❌ Error crítico en sesión IoT 1: (sqlalchemy.dialects.postgresql.asyncpg.Error) <class 'asyncpg.exceptions.DataError'>: invalid input for query argument $1: datetime.datetime(2026, 5, 19, 14, 27, 2... (can't subtract offset-naive and offset-aware datetimes)
[SQL: UPDATE iotdevice SET last_seen=$1::TIMESTAMP WITHOUT TIME ZONE WHERE iotdevice.id = $2::INTEGER]
[parameters: (datetime.datetime(2026, 5, 19, 14, 27, 28, 393248, tzinfo=datetime.timezone.utc), 1)]
(Background on this error at: https://sqlalche.me/e/20/dbapi)
INFO:     connection closed
INFO:     127.0.0.1:50720 - "WebSocket /api/v1/pos/iot/ws/iot?token=test-token-123" [accepted]
INFO:     connection open
ERROR:pos_core.iot.websocket_handler:❌ Error crítico en sesión IoT 1: (sqlalchemy.dialects.postgresql.asyncpg.Error) <class 'asyncpg.exceptions.DataError'>: invalid input for query argument $1: datetime.datetime(2026, 5, 19, 14, 27, 2... (can't subtract offset-naive and offset-aware datetimes)
[SQL: UPDATE iotdevice SET last_seen=$1::TIMESTAMP WITHOUT TIME ZONE WHERE iotdevice.id = $2::INTEGER]
[parameters: (datetime.datetime(2026, 5, 19, 14, 27, 28, 398167, tzinfo=datetime.timezone.utc), 1)]
(Background on this error at: https://sqlalche.me/e/20/dbapi)
INFO:     connection closed
INFO:     127.0.0.1:50724 - "WebSocket /api/v1/pos/iot/ws/iot?token=test-token-123" [accepted]
INFO:     connection open
ERROR:pos_core.iot.websocket_handler:❌ Error crítico en sesión IoT 1: (sqlalchemy.dialects.postgresql.asyncpg.Error) <class 'asyncpg.exceptions.DataError'>: invalid input for query argument $1: datetime.datetime(2026, 5, 19, 14, 27, 2... (can't subtract offset-naive and offset-aware datetimes)
[SQL: UPDATE iotdevice SET last_seen=$1::TIMESTAMP WITHOUT TIME ZONE WHERE iotdevice.id = $2::INTEGER]
[parameters: (datetime.datetime(2026, 5, 19, 14, 27, 28, 403563, tzinfo=datetime.timezone.utc), 1)]
(Background on this error at: https://sqlalche.me/e/20/dbapi)
INFO:     connection closed
INFO:     127.0.0.1:50728 - "WebSocket /api/v1/pos/iot/ws/iot?token=test-token-123" [accepted]
INFO:     connection open
ERROR:pos_core.iot.websocket_handler:❌ Error crítico en sesión IoT 1: (sqlalchemy.dialects.postgresql.asyncpg.Error) <class 'asyncpg.exceptions.DataError'>: invalid input for query argument $1: datetime.datetime(2026, 5, 19, 14, 27, 2... (can't subtract offset-naive and offset-aware datetimes)
[SQL: UPDATE iotdevice SET last_seen=$1::TIMESTAMP WITHOUT TIME ZONE WHERE iotdevice.id = $2::INTEGER]
[parameters: (datetime.datetime(2026, 5, 19, 14, 27, 28, 408480, tzinfo=datetime.timezone.utc), 1)]
(Background on this error at: https://sqlalche.me/e/20/dbapi)
INFO:     connection closed
INFO:     127.0.0.1:50732 - "WebSocket /api/v1/pos/iot/ws/iot?token=test-token-123" [accepted]
INFO:     connection open
ERROR:pos_core.iot.websocket_handler:❌ Error crítico en sesión IoT 1: (sqlalchemy.dialects.postgresql.asyncpg.Error) <class 'asyncpg.exceptions.DataError'>: invalid input for query argument $1: datetime.datetime(2026, 5, 19, 14, 27, 2... (can't subtract offset-naive and offset-aware datetimes)
[SQL: UPDATE iotdevice SET last_seen=$1::TIMESTAMP WITHOUT TIME ZONE WHERE iotdevice.id = $2::INTEGER]
[parameters: (datetime.datetime(2026, 5, 19, 14, 27, 28, 413267, tzinfo=datetime.timezone.utc), 1)]
(Background on this error at: https://sqlalche.me/e/20/dbapi)
INFO:     connection closed
INFO:     127.0.0.1:50740 - "WebSocket /api/v1/pos/iot/ws/iot?token=test-token-123" [accepted]
INFO:     connection open
ERROR:pos_core.iot.websocket_handler:❌ Error crítico en sesión IoT 1: (sqlalchemy.dialects.postgresql.asyncpg.Error) <class 'asyncpg.exceptions.DataError'>: invalid input for query argument $1: datetime.datetime(2026, 5, 19, 14, 27, 2... (can't subtract offset-naive and offset-aware datetimes)
[SQL: UPDATE iotdevice SET last_seen=$1::TIMESTAMP WITHOUT TIME ZONE WHERE iotdevice.id = $2::INTEGER]
[parameters: (datetime.datetime(2026, 5, 19, 14, 27, 28, 419323, tzinfo=datetime.timezone.utc), 1)]
(Background on this error at: https://sqlalche.me/e/20/dbapi)
INFO:     connection closed
INFO:     127.0.0.1:50750 - "WebSocket /api/v1/pos/iot/ws/iot?token=test-token-123" [accepted]
INFO:     connection open
ERROR:pos_core.iot.websocket_handler:❌ Error crítico en sesión IoT 1: (sqlalchemy.dialects.postgresql.asyncpg.Error) <class 'asyncpg.exceptions.DataError'>: invalid input for query argument $1: datetime.datetime(2026, 5, 19, 14, 27, 2... (can't subtract offset-naive and offset-aware datetimes)
[SQL: UPDATE iotdevice SET last_seen=$1::TIMESTAMP WITHOUT TIME ZONE WHERE iotdevice.id = $2::INTEGER]
[parameters: (datetime.datetime(2026, 5, 19, 14, 27, 28, 476815, tzinfo=datetime.timezone.utc), 1)]
(Background on this error at: https://sqlalche.me/e/20/dbapi)
INFO:     connection closed
INFO:     127.0.0.1:50766 - "WebSocket /api/v1/pos/iot/ws/iot?token=test-token-123" [accepted]
INFO:     connection open
ERROR:pos_core.iot.websocket_handler:❌ Error crítico en sesión IoT 1: (sqlalchemy.dialects.postgresql.asyncpg.Error) <class 'asyncpg.exceptions.DataError'>: invalid input for query argument $1: datetime.datetime(2026, 5, 19, 14, 27, 2... (can't subtract offset-naive and offset-aware datetimes)
[SQL: UPDATE iotdevice SET last_seen=$1::TIMESTAMP WITHOUT TIME ZONE WHERE iotdevice.id = $2::INTEGER]
[parameters: (datetime.datetime(2026, 5, 19, 14, 27, 28, 482039, tzinfo=datetime.timezone.utc), 1)]
(Background on this error at: https://sqlalche.me/e/20/dbapi)
INFO:     connection closed
INFO:     127.0.0.1:50778 - "WebSocket /api/v1/pos/iot/ws/iot?token=test-token-123" [accepted]
INFO:     connection open
ERROR:pos_core.iot.websocket_handler:❌ Error crítico en sesión IoT 1: (sqlalchemy.dialects.postgresql.asyncpg.Error) <class 'asyncpg.exceptions.DataError'>: invalid input for query argument $1: datetime.datetime(2026, 5, 19, 14, 27, 2... (can't subtract offset-naive and offset-aware datetimes)
[SQL: UPDATE iotdevice SET last_seen=$1::TIMESTAMP WITHOUT TIME ZONE WHERE iotdevice.id = $2::INTEGER]
[parameters: (datetime.datetime(2026, 5, 19, 14, 27, 28, 486924, tzinfo=datetime.timezone.utc), 1)]
(Background on this error at: https://sqlalche.me/e/20/dbapi)
INFO:     connection closed
INFO:     127.0.0.1:50784 - "WebSocket /api/v1/pos/iot/ws/iot?token=test-token-123" [accepted]
INFO:     connection open
ERROR:pos_core.iot.websocket_handler:❌ Error crítico en sesión IoT 1: (sqlalchemy.dialects.postgresql.asyncpg.Error) <class 'asyncpg.exceptions.DataError'>: invalid input for query argument $1: datetime.datetime(2026, 5, 19, 14, 27, 2... (can't subtract offset-naive and offset-aware datetimes)
[SQL: UPDATE iotdevice SET last_seen=$1::TIMESTAMP WITHOUT TIME ZONE WHERE iotdevice.id = $2::INTEGER]
[parameters: (datetime.datetime(2026, 5, 19, 14, 27, 28, 491630, tzinfo=datetime.timezone.utc), 1)]
(Background on this error at: https://sqlalche.me/e/20/dbapi)
INFO:     connection closed
INFO:     127.0.0.1:50796 - "WebSocket /api/v1/pos/iot/ws/iot?token=test-token-123" [accepted]
INFO:     connection open
ERROR:pos_core.iot.websocket_handler:❌ Error crítico en sesión IoT 1: (sqlalchemy.dialects.postgresql.asyncpg.Error) <class 'asyncpg.exceptions.DataError'>: invalid input for query argument $1: datetime.datetime(2026, 5, 19, 14, 27, 2... (can't subtract offset-naive and offset-aware datetimes)
[SQL: UPDATE iotdevice SET last_seen=$1::TIMESTAMP WITHOUT TIME ZONE WHERE iotdevice.id = $2::INTEGER]
[parameters: (datetime.datetime(2026, 5, 19, 14, 27, 28, 496305, tzinfo=datetime.timezone.utc), 1)]
(Background on this error at: https://sqlalche.me/e/20/dbapi)
INFO:     connection closed
INFO:     127.0.0.1:50798 - "WebSocket /api/v1/pos/iot/ws/iot?token=test-token-123" [accepted]
INFO:     connection open
ERROR:pos_core.iot.websocket_handler:❌ Error crítico en sesión IoT 1: (sqlalchemy.dialects.postgresql.asyncpg.Error) <class 'asyncpg.exceptions.DataError'>: invalid input for query argument $1: datetime.datetime(2026, 5, 19, 14, 27, 2... (can't subtract offset-naive and offset-aware datetimes)
[SQL: UPDATE iotdevice SET last_seen=$1::TIMESTAMP WITHOUT TIME ZONE WHERE iotdevice.id = $2::INTEGER]
[parameters: (datetime.datetime(2026, 5, 19, 14, 27, 28, 502260, tzinfo=datetime.timezone.utc), 1)]
(Background on this error at: https://sqlalche.me/e/20/dbapi)
INFO:     connection closed
INFO:     127.0.0.1:50800 - "WebSocket /api/v1/pos/iot/ws/iot?token=test-token-123" [accepted]
INFO:     connection open
ERROR:pos_core.iot.websocket_handler:❌ Error crítico en sesión IoT 1: (sqlalchemy.dialects.postgresql.asyncpg.Error) <class 'asyncpg.exceptions.DataError'>: invalid input for query argument $1: datetime.datetime(2026, 5, 19, 14, 27, 2... (can't subtract offset-naive and offset-aware datetimes)
[SQL: UPDATE iotdevice SET last_seen=$1::TIMESTAMP WITHOUT TIME ZONE WHERE iotdevice.id = $2::INTEGER]
[parameters: (datetime.datetime(2026, 5, 19, 14, 27, 28, 507206, tzinfo=datetime.timezone.utc), 1)]
(Background on this error at: https://sqlalche.me/e/20/dbapi)
INFO:     connection closed
INFO:     127.0.0.1:50808 - "WebSocket /api/v1/pos/iot/ws/iot?token=test-token-123" [accepted]
INFO:     connection open
ERROR:pos_core.iot.websocket_handler:❌ Error crítico en sesión IoT 1: (sqlalchemy.dialects.postgresql.asyncpg.Error) <class 'asyncpg.exceptions.DataError'>: invalid input for query argument $1: datetime.datetime(2026, 5, 19, 14, 27, 2... (can't subtract offset-naive and offset-aware datetimes)
[SQL: UPDATE iotdevice SET last_seen=$1::TIMESTAMP WITHOUT TIME ZONE WHERE iotdevice.id = $2::INTEGER]
[parameters: (datetime.datetime(2026, 5, 19, 14, 27, 28, 511936, tzinfo=datetime.timezone.utc), 1)]
(Background on this error at: https://sqlalche.me/e/20/dbapi)
INFO:     connection closed
INFO:     127.0.0.1:50812 - "WebSocket /api/v1/pos/iot/ws/iot?token=test-token-123" [accepted]
INFO:     connection open
ERROR:pos_core.iot.websocket_handler:❌ Error crítico en sesión IoT 1: (sqlalchemy.dialects.postgresql.asyncpg.Error) <class 'asyncpg.exceptions.DataError'>: invalid input for query argument $1: datetime.datetime(2026, 5, 19, 14, 27, 2... (can't subtract offset-naive and offset-aware datetimes)
[SQL: UPDATE iotdevice SET last_seen=$1::TIMESTAMP WITHOUT TIME ZONE WHERE iotdevice.id = $2::INTEGER]
[parameters: (datetime.datetime(2026, 5, 19, 14, 27, 28, 517813, tzinfo=datetime.timezone.utc), 1)]
(Background on this error at: https://sqlalche.me/e/20/dbapi)
INFO:     connection closed
INFO:     127.0.0.1:50818 - "WebSocket /api/v1/pos/iot/ws/iot?token=test-token-123" [accepted]
INFO:     connection open
ERROR:pos_core.iot.websocket_handler:❌ Error crítico en sesión IoT 1: (sqlalchemy.dialects.postgresql.asyncpg.Error) <class 'asyncpg.exceptions.DataError'>: invalid input for query argument $1: datetime.datetime(2026, 5, 19, 14, 27, 2... (can't subtract offset-naive and offset-aware datetimes)
[SQL: UPDATE iotdevice SET last_seen=$1::TIMESTAMP WITHOUT TIME ZONE WHERE iotdevice.id = $2::INTEGER]
[parameters: (datetime.datetime(2026, 5, 19, 14, 27, 28, 523312, tzinfo=datetime.timezone.utc), 1)]
(Background on this error at: https://sqlalche.me/e/20/dbapi)
INFO:     connection closed
INFO:     127.0.0.1:50824 - "WebSocket /api/v1/pos/iot/ws/iot?token=test-token-123" [accepted]
INFO:     connection open
ERROR:pos_core.iot.websocket_handler:❌ Error crítico en sesión IoT 1: (sqlalchemy.dialects.postgresql.asyncpg.Error) <class 'asyncpg.exceptions.DataError'>: invalid input for query argument $1: datetime.datetime(2026, 5, 19, 14, 27, 2... (can't subtract offset-naive and offset-aware datetimes)
[SQL: UPDATE iotdevice SET last_seen=$1::TIMESTAMP WITHOUT TIME ZONE WHERE iotdevice.id = $2::INTEGER]
[parameters: (datetime.datetime(2026, 5, 19, 14, 27, 28, 527305, tzinfo=datetime.timezone.utc), 1)]
(Background on this error at: https://sqlalche.me/e/20/dbapi)
INFO:     connection closed
INFO:     127.0.0.1:50836 - "WebSocket /api/v1/pos/iot/ws/iot?token=test-token-123" [accepted]
INFO:     connection open
ERROR:pos_core.iot.websocket_handler:❌ Error crítico en sesión IoT 1: (sqlalchemy.dialects.postgresql.asyncpg.Error) <class 'asyncpg.exceptions.DataError'>: invalid input for query argument $1: datetime.datetime(2026, 5, 19, 14, 27, 2... (can't subtract offset-naive and offset-aware datetimes)
[SQL: UPDATE iotdevice SET last_seen=$1::TIMESTAMP WITHOUT TIME ZONE WHERE iotdevice.id = $2::INTEGER]
[parameters: (datetime.datetime(2026, 5, 19, 14, 27, 28, 531977, tzinfo=datetime.timezone.utc), 1)]
(Background on this error at: https://sqlalche.me/e/20/dbapi)
INFO:     connection closed
INFO:     127.0.0.1:50844 - "WebSocket /api/v1/pos/iot/ws/iot?token=test-token-123" [accepted]
INFO:     connection open
ERROR:pos_core.iot.websocket_handler:❌ Error crítico en sesión IoT 1: (sqlalchemy.dialects.postgresql.asyncpg.Error) <class 'asyncpg.exceptions.DataError'>: invalid input for query argument $1: datetime.datetime(2026, 5, 19, 14, 27, 2... (can't subtract offset-naive and offset-aware datetimes)
[SQL: UPDATE iotdevice SET last_seen=$1::TIMESTAMP WITHOUT TIME ZONE WHERE iotdevice.id = $2::INTEGER]
[parameters: (datetime.datetime(2026, 5, 19, 14, 27, 28, 536685, tzinfo=datetime.timezone.utc), 1)]
(Background on this error at: https://sqlalche.me/e/20/dbapi)
INFO:     connection closed
INFO:     127.0.0.1:50856 - "WebSocket /api/v1/pos/iot/ws/iot?token=test-token-123" [accepted]
INFO:     connection open
ERROR:pos_core.iot.websocket_handler:❌ Error crítico en sesión IoT 1: (sqlalchemy.dialects.postgresql.asyncpg.Error) <class 'asyncpg.exceptions.DataError'>: invalid input for query argument $1: datetime.datetime(2026, 5, 19, 14, 27, 2... (can't subtract offset-naive and offset-aware datetimes)
[SQL: UPDATE iotdevice SET last_seen=$1::TIMESTAMP WITHOUT TIME ZONE WHERE iotdevice.id = $2::INTEGER]
[parameters: (datetime.datetime(2026, 5, 19, 14, 27, 28, 541190, tzinfo=datetime.timezone.utc), 1)]
(Background on this error at: https://sqlalche.me/e/20/dbapi)
INFO:     connection closed
INFO:     127.0.0.1:50858 - "WebSocket /api/v1/pos/iot/ws/iot?token=test-token-123" [accepted]
INFO:     connection open
ERROR:pos_core.iot.websocket_handler:❌ Error crítico en sesión IoT 1: (sqlalchemy.dialects.postgresql.asyncpg.Error) <class 'asyncpg.exceptions.DataError'>: invalid input for query argument $1: datetime.datetime(2026, 5, 19, 14, 27, 2... (can't subtract offset-naive and offset-aware datetimes)
[SQL: UPDATE iotdevice SET last_seen=$1::TIMESTAMP WITHOUT TIME ZONE WHERE iotdevice.id = $2::INTEGER]
[parameters: (datetime.datetime(2026, 5, 19, 14, 27, 28, 545564, tzinfo=datetime.timezone.utc), 1)]
(Background on this error at: https://sqlalche.me/e/20/dbapi)
INFO:     connection closed
INFO:     127.0.0.1:50866 - "WebSocket /api/v1/pos/iot/ws/iot?token=test-token-123" [accepted]
INFO:     connection open
ERROR:pos_core.iot.websocket_handler:❌ Error crítico en sesión IoT 1: (sqlalchemy.dialects.postgresql.asyncpg.Error) <class 'asyncpg.exceptions.DataError'>: invalid input for query argument $1: datetime.datetime(2026, 5, 19, 14, 27, 2... (can't subtract offset-naive and offset-aware datetimes)
[SQL: UPDATE iotdevice SET last_seen=$1::TIMESTAMP WITHOUT TIME ZONE WHERE iotdevice.id = $2::INTEGER]
[parameters: (datetime.datetime(2026, 5, 19, 14, 27, 28, 550849, tzinfo=datetime.timezone.utc), 1)]
(Background on this error at: https://sqlalche.me/e/20/dbapi)
INFO:     connection closed
INFO:     127.0.0.1:50870 - "WebSocket /api/v1/pos/iot/ws/iot?token=test-token-123" [accepted]
INFO:     connection open
ERROR:pos_core.iot.websocket_handler:❌ Error crítico en sesión IoT 1: (sqlalchemy.dialects.postgresql.asyncpg.Error) <class 'asyncpg.exceptions.DataError'>: invalid input for query argument $1: datetime.datetime(2026, 5, 19, 14, 27, 2... (can't subtract offset-naive and offset-aware datetimes)
[SQL: UPDATE iotdevice SET last_seen=$1::TIMESTAMP WITHOUT TIME ZONE WHERE iotdevice.id = $2::INTEGER]
[parameters: (datetime.datetime(2026, 5, 19, 14, 27, 28, 555788, tzinfo=datetime.timezone.utc), 1)]
(Background on this error at: https://sqlalche.me/e/20/dbapi)
INFO:     connection closed
INFO:     127.0.0.1:50886 - "WebSocket /api/v1/pos/iot/ws/iot?token=test-token-123" [accepted]
INFO:     connection open
ERROR:pos_core.iot.websocket_handler:❌ Error crítico en sesión IoT 1: (sqlalchemy.dialects.postgresql.asyncpg.Error) <class 'asyncpg.exceptions.DataError'>: invalid input for query argument $1: datetime.datetime(2026, 5, 19, 14, 27, 2... (can't subtract offset-naive and offset-aware datetimes)
[SQL: UPDATE iotdevice SET last_seen=$1::TIMESTAMP WITHOUT TIME ZONE WHERE iotdevice.id = $2::INTEGER]
[parameters: (datetime.datetime(2026, 5, 19, 14, 27, 28, 560459, tzinfo=datetime.timezone.utc), 1)]
(Background on this error at: https://sqlalche.me/e/20/dbapi)
INFO:     connection closed
INFO:     127.0.0.1:50890 - "WebSocket /api/v1/pos/iot/ws/iot?token=test-token-123" [accepted]
INFO:     connection open
ERROR:pos_core.iot.websocket_handler:❌ Error crítico en sesión IoT 1: (sqlalchemy.dialects.postgresql.asyncpg.Error) <class 'asyncpg.exceptions.DataError'>: invalid input for query argument $1: datetime.datetime(2026, 5, 19, 14, 27, 2... (can't subtract offset-naive and offset-aware datetimes)
[SQL: UPDATE iotdevice SET last_seen=$1::TIMESTAMP WITHOUT TIME ZONE WHERE iotdevice.id = $2::INTEGER]
[parameters: (datetime.datetime(2026, 5, 19, 14, 27, 28, 566842, tzinfo=datetime.timezone.utc), 1)]
(Background on this error at: https://sqlalche.me/e/20/dbapi)
INFO:     connection closed
INFO:     127.0.0.1:50902 - "WebSocket /api/v1/pos/iot/ws/iot?token=test-token-123" [accepted]
INFO:     connection open
ERROR:pos_core.iot.websocket_handler:❌ Error crítico en sesión IoT 1: (sqlalchemy.dialects.postgresql.asyncpg.Error) <class 'asyncpg.exceptions.DataError'>: invalid input for query argument $1: datetime.datetime(2026, 5, 19, 14, 27, 2... (can't subtract offset-naive and offset-aware datetimes)
[SQL: UPDATE iotdevice SET last_seen=$1::TIMESTAMP WITHOUT TIME ZONE WHERE iotdevice.id = $2::INTEGER]
[parameters: (datetime.datetime(2026, 5, 19, 14, 27, 28, 571635, tzinfo=datetime.timezone.utc), 1)]
(Background on this error at: https://sqlalche.me/e/20/dbapi)
INFO:     connection closed
INFO:     127.0.0.1:50918 - "WebSocket /api/v1/pos/iot/ws/iot?token=test-token-123" [accepted]
INFO:     connection open
ERROR:pos_core.iot.websocket_handler:❌ Error crítico en sesión IoT 1: (sqlalchemy.dialects.postgresql.asyncpg.Error) <class 'asyncpg.exceptions.DataError'>: invalid input for query argument $1: datetime.datetime(2026, 5, 19, 14, 27, 2... (can't subtract offset-naive and offset-aware datetimes)
[SQL: UPDATE iotdevice SET last_seen=$1::TIMESTAMP WITHOUT TIME ZONE WHERE iotdevice.id = $2::INTEGER]
[parameters: (datetime.datetime(2026, 5, 19, 14, 27, 28, 575576, tzinfo=datetime.timezone.utc), 1)]
(Background on this error at: https://sqlalche.me/e/20/dbapi)
INFO:     connection closed
INFO:     127.0.0.1:50934 - "WebSocket /api/v1/pos/iot/ws/iot?token=test-token-123" [accepted]
INFO:     connection open
ERROR:pos_core.iot.websocket_handler:❌ Error crítico en sesión IoT 1: (sqlalchemy.dialects.postgresql.asyncpg.Error) <class 'asyncpg.exceptions.DataError'>: invalid input for query argument $1: datetime.datetime(2026, 5, 19, 14, 27, 2... (can't subtract offset-naive and offset-aware datetimes)
[SQL: UPDATE iotdevice SET last_seen=$1::TIMESTAMP WITHOUT TIME ZONE WHERE iotdevice.id = $2::INTEGER]
[parameters: (datetime.datetime(2026, 5, 19, 14, 27, 28, 579457, tzinfo=datetime.timezone.utc), 1)]
(Background on this error at: https://sqlalche.me/e/20/dbapi)
INFO:     connection closed
INFO:     127.0.0.1:50936 - "WebSocket /api/v1/pos/iot/ws/iot?token=test-token-123" [accepted]
INFO:     connection open
ERROR:pos_core.iot.websocket_handler:❌ Error crítico en sesión IoT 1: (sqlalchemy.dialects.postgresql.asyncpg.Error) <class 'asyncpg.exceptions.DataError'>: invalid input for query argument $1: datetime.datetime(2026, 5, 19, 14, 27, 2... (can't subtract offset-naive and offset-aware datetimes)
[SQL: UPDATE iotdevice SET last_seen=$1::TIMESTAMP WITHOUT TIME ZONE WHERE iotdevice.id = $2::INTEGER]
[parameters: (datetime.datetime(2026, 5, 19, 14, 27, 28, 584563, tzinfo=datetime.timezone.utc), 1)]
(Background on this error at: https://sqlalche.me/e/20/dbapi)
INFO:     connection closed
INFO:     127.0.0.1:50938 - "WebSocket /api/v1/pos/iot/ws/iot?token=test-token-123" [accepted]
INFO:     connection open
ERROR:pos_core.iot.websocket_handler:❌ Error crítico en sesión IoT 1: (sqlalchemy.dialects.postgresql.asyncpg.Error) <class 'asyncpg.exceptions.DataError'>: invalid input for query argument $1: datetime.datetime(2026, 5, 19, 14, 27, 2... (can't subtract offset-naive and offset-aware datetimes)
[SQL: UPDATE iotdevice SET last_seen=$1::TIMESTAMP WITHOUT TIME ZONE WHERE iotdevice.id = $2::INTEGER]
[parameters: (datetime.datetime(2026, 5, 19, 14, 27, 28, 588919, tzinfo=datetime.timezone.utc), 1)]
(Background on this error at: https://sqlalche.me/e/20/dbapi)
INFO:     connection closed
INFO:     127.0.0.1:50946 - "WebSocket /api/v1/pos/iot/ws/iot?token=test-token-123" [accepted]
INFO:     connection open
ERROR:pos_core.iot.websocket_handler:❌ Error crítico en sesión IoT 1: (sqlalchemy.dialects.postgresql.asyncpg.Error) <class 'asyncpg.exceptions.DataError'>: invalid input for query argument $1: datetime.datetime(2026, 5, 19, 14, 27, 2... (can't subtract offset-naive and offset-aware datetimes)
[SQL: UPDATE iotdevice SET last_seen=$1::TIMESTAMP WITHOUT TIME ZONE WHERE iotdevice.id = $2::INTEGER]
[parameters: (datetime.datetime(2026, 5, 19, 14, 27, 28, 593376, tzinfo=datetime.timezone.utc), 1)]
(Background on this error at: https://sqlalche.me/e/20/dbapi)
INFO:     connection closed
INFO:     127.0.0.1:50948 - "WebSocket /api/v1/pos/iot/ws/iot?token=test-token-123" [accepted]
INFO:     connection open
ERROR:pos_core.iot.websocket_handler:❌ Error crítico en sesión IoT 1: (sqlalchemy.dialects.postgresql.asyncpg.Error) <class 'asyncpg.exceptions.DataError'>: invalid input for query argument $1: datetime.datetime(2026, 5, 19, 14, 27, 2... (can't subtract offset-naive and offset-aware datetimes)
[SQL: UPDATE iotdevice SET last_seen=$1::TIMESTAMP WITHOUT TIME ZONE WHERE iotdevice.id = $2::INTEGER]
[parameters: (datetime.datetime(2026, 5, 19, 14, 27, 28, 598968, tzinfo=datetime.timezone.utc), 1)]
(Background on this error at: https://sqlalche.me/e/20/dbapi)
INFO:     connection closed
INFO:     127.0.0.1:50960 - "WebSocket /api/v1/pos/iot/ws/iot?token=test-token-123" [accepted]
INFO:     connection open
ERROR:pos_core.iot.websocket_handler:❌ Error crítico en sesión IoT 1: (sqlalchemy.dialects.postgresql.asyncpg.Error) <class 'asyncpg.exceptions.DataError'>: invalid input for query argument $1: datetime.datetime(2026, 5, 19, 14, 27, 2... (can't subtract offset-naive and offset-aware datetimes)
[SQL: UPDATE iotdevice SET last_seen=$1::TIMESTAMP WITHOUT TIME ZONE WHERE iotdevice.id = $2::INTEGER]
[parameters: (datetime.datetime(2026, 5, 19, 14, 27, 28, 604221, tzinfo=datetime.timezone.utc), 1)]
(Background on this error at: https://sqlalche.me/e/20/dbapi)
INFO:     connection closed
INFO:     127.0.0.1:50970 - "WebSocket /api/v1/pos/iot/ws/iot?token=test-token-123" [accepted]
INFO:     connection open
ERROR:pos_core.iot.websocket_handler:❌ Error crítico en sesión IoT 1: (sqlalchemy.dialects.postgresql.asyncpg.Error) <class 'asyncpg.exceptions.DataError'>: invalid input for query argument $1: datetime.datetime(2026, 5, 19, 14, 27, 2... (can't subtract offset-naive and offset-aware datetimes)
[SQL: UPDATE iotdevice SET last_seen=$1::TIMESTAMP WITHOUT TIME ZONE WHERE iotdevice.id = $2::INTEGER]
[parameters: (datetime.datetime(2026, 5, 19, 14, 27, 28, 608763, tzinfo=datetime.timezone.utc), 1)]
(Background on this error at: https://sqlalche.me/e/20/dbapi)
INFO:     connection closed
INFO:     127.0.0.1:50978 - "WebSocket /api/v1/pos/iot/ws/iot?token=test-token-123" [accepted]
INFO:     connection open
ERROR:pos_core.iot.websocket_handler:❌ Error crítico en sesión IoT 1: (sqlalchemy.dialects.postgresql.asyncpg.Error) <class 'asyncpg.exceptions.DataError'>: invalid input for query argument $1: datetime.datetime(2026, 5, 19, 14, 27, 2... (can't subtract offset-naive and offset-aware datetimes)
[SQL: UPDATE iotdevice SET last_seen=$1::TIMESTAMP WITHOUT TIME ZONE WHERE iotdevice.id = $2::INTEGER]
[parameters: (datetime.datetime(2026, 5, 19, 14, 27, 28, 613505, tzinfo=datetime.timezone.utc), 1)]
(Background on this error at: https://sqlalche.me/e/20/dbapi)
INFO:     connection closed
INFO:     127.0.0.1:50992 - "WebSocket /api/v1/pos/iot/ws/iot?token=test-token-123" [accepted]
INFO:     connection open
ERROR:pos_core.iot.websocket_handler:❌ Error crítico en sesión IoT 1: (sqlalchemy.dialects.postgresql.asyncpg.Error) <class 'asyncpg.exceptions.DataError'>: invalid input for query argument $1: datetime.datetime(2026, 5, 19, 14, 27, 2... (can't subtract offset-naive and offset-aware datetimes)
[SQL: UPDATE iotdevice SET last_seen=$1::TIMESTAMP WITHOUT TIME ZONE WHERE iotdevice.id = $2::INTEGER]
[parameters: (datetime.datetime(2026, 5, 19, 14, 27, 28, 618825, tzinfo=datetime.timezone.utc), 1)]
(Background on this error at: https://sqlalche.me/e/20/dbapi)
INFO:     connection closed
INFO:     127.0.0.1:51006 - "WebSocket /api/v1/pos/iot/ws/iot?token=test-token-123" [accepted]
INFO:     connection open
ERROR:pos_core.iot.websocket_handler:❌ Error crítico en sesión IoT 1: (sqlalchemy.dialects.postgresql.asyncpg.Error) <class 'asyncpg.exceptions.DataError'>: invalid input for query argument $1: datetime.datetime(2026, 5, 19, 14, 27, 2... (can't subtract offset-naive and offset-aware datetimes)
[SQL: UPDATE iotdevice SET last_seen=$1::TIMESTAMP WITHOUT TIME ZONE WHERE iotdevice.id = $2::INTEGER]
[parameters: (datetime.datetime(2026, 5, 19, 14, 27, 28, 623402, tzinfo=datetime.timezone.utc), 1)]
(Background on this error at: https://sqlalche.me/e/20/dbapi)
INFO:     connection closed
INFO:     127.0.0.1:51008 - "WebSocket /api/v1/pos/iot/ws/iot?token=test-token-123" [accepted]
INFO:     connection open
ERROR:pos_core.iot.websocket_handler:❌ Error crítico en sesión IoT 1: (sqlalchemy.dialects.postgresql.asyncpg.Error) <class 'asyncpg.exceptions.DataError'>: invalid input for query argument $1: datetime.datetime(2026, 5, 19, 14, 27, 2... (can't subtract offset-naive and offset-aware datetimes)
[SQL: UPDATE iotdevice SET last_seen=$1::TIMESTAMP WITHOUT TIME ZONE WHERE iotdevice.id = $2::INTEGER]
[parameters: (datetime.datetime(2026, 5, 19, 14, 27, 28, 627492, tzinfo=datetime.timezone.utc), 1)]
(Background on this error at: https://sqlalche.me/e/20/dbapi)
INFO:     connection closed
INFO:     127.0.0.1:51022 - "WebSocket /api/v1/pos/iot/ws/iot?token=test-token-123" [accepted]
INFO:     connection open
ERROR:pos_core.iot.websocket_handler:❌ Error crítico en sesión IoT 1: (sqlalchemy.dialects.postgresql.asyncpg.Error) <class 'asyncpg.exceptions.DataError'>: invalid input for query argument $1: datetime.datetime(2026, 5, 19, 14, 27, 2... (can't subtract offset-naive and offset-aware datetimes)
[SQL: UPDATE iotdevice SET last_seen=$1::TIMESTAMP WITHOUT TIME ZONE WHERE iotdevice.id = $2::INTEGER]
[parameters: (datetime.datetime(2026, 5, 19, 14, 27, 28, 632626, tzinfo=datetime.timezone.utc), 1)]
(Background on this error at: https://sqlalche.me/e/20/dbapi)
INFO:     connection closed
INFO:     127.0.0.1:51032 - "WebSocket /api/v1/pos/iot/ws/iot?token=test-token-123" [accepted]
INFO:     connection open
ERROR:pos_core.iot.websocket_handler:❌ Error crítico en sesión IoT 1: (sqlalchemy.dialects.postgresql.asyncpg.Error) <class 'asyncpg.exceptions.DataError'>: invalid input for query argument $1: datetime.datetime(2026, 5, 19, 14, 27, 2... (can't subtract offset-naive and offset-aware datetimes)
[SQL: UPDATE iotdevice SET last_seen=$1::TIMESTAMP WITHOUT TIME ZONE WHERE iotdevice.id = $2::INTEGER]
[parameters: (datetime.datetime(2026, 5, 19, 14, 27, 28, 637967, tzinfo=datetime.timezone.utc), 1)]
(Background on this error at: https://sqlalche.me/e/20/dbapi)
INFO:     connection closed
INFO:     127.0.0.1:51036 - "WebSocket /api/v1/pos/iot/ws/iot?token=test-token-123" [accepted]
INFO:     connection open
ERROR:pos_core.iot.websocket_handler:❌ Error crítico en sesión IoT 1: (sqlalchemy.dialects.postgresql.asyncpg.Error) <class 'asyncpg.exceptions.DataError'>: invalid input for query argument $1: datetime.datetime(2026, 5, 19, 14, 27, 2... (can't subtract offset-naive and offset-aware datetimes)
[SQL: UPDATE iotdevice SET last_seen=$1::TIMESTAMP WITHOUT TIME ZONE WHERE iotdevice.id = $2::INTEGER]
[parameters: (datetime.datetime(2026, 5, 19, 14, 27, 28, 642452, tzinfo=datetime.timezone.utc), 1)]
(Background on this error at: https://sqlalche.me/e/20/dbapi)
INFO:     connection closed
INFO:     127.0.0.1:51048 - "WebSocket /api/v1/pos/iot/ws/iot?token=test-token-123" [accepted]
INFO:     connection open
ERROR:pos_core.iot.websocket_handler:❌ Error crítico en sesión IoT 1: (sqlalchemy.dialects.postgresql.asyncpg.Error) <class 'asyncpg.exceptions.DataError'>: invalid input for query argument $1: datetime.datetime(2026, 5, 19, 14, 27, 2... (can't subtract offset-naive and offset-aware datetimes)
[SQL: UPDATE iotdevice SET last_seen=$1::TIMESTAMP WITHOUT TIME ZONE WHERE iotdevice.id = $2::INTEGER]
[parameters: (datetime.datetime(2026, 5, 19, 14, 27, 28, 646999, tzinfo=datetime.timezone.utc), 1)]
(Background on this error at: https://sqlalche.me/e/20/dbapi)
INFO:     connection closed
INFO:     127.0.0.1:51052 - "WebSocket /api/v1/pos/iot/ws/iot?token=test-token-123" [accepted]
INFO:     connection open
ERROR:pos_core.iot.websocket_handler:❌ Error crítico en sesión IoT 1: (sqlalchemy.dialects.postgresql.asyncpg.Error) <class 'asyncpg.exceptions.DataError'>: invalid input for query argument $1: datetime.datetime(2026, 5, 19, 14, 27, 2... (can't subtract offset-naive and offset-aware datetimes)
[SQL: UPDATE iotdevice SET last_seen=$1::TIMESTAMP WITHOUT TIME ZONE WHERE iotdevice.id = $2::INTEGER]
[parameters: (datetime.datetime(2026, 5, 19, 14, 27, 28, 652040, tzinfo=datetime.timezone.utc), 1)]
(Background on this error at: https://sqlalche.me/e/20/dbapi)
INFO:     connection closed
INFO:     127.0.0.1:51054 - "WebSocket /api/v1/pos/iot/ws/iot?token=test-token-123" [accepted]
INFO:     connection open
ERROR:pos_core.iot.websocket_handler:❌ Error crítico en sesión IoT 1: (sqlalchemy.dialects.postgresql.asyncpg.Error) <class 'asyncpg.exceptions.DataError'>: invalid input for query argument $1: datetime.datetime(2026, 5, 19, 14, 27, 2... (can't subtract offset-naive and offset-aware datetimes)
[SQL: UPDATE iotdevice SET last_seen=$1::TIMESTAMP WITHOUT TIME ZONE WHERE iotdevice.id = $2::INTEGER]
[parameters: (datetime.datetime(2026, 5, 19, 14, 27, 28, 656985, tzinfo=datetime.timezone.utc), 1)]
(Background on this error at: https://sqlalche.me/e/20/dbapi)
INFO:     connection closed
INFO:     127.0.0.1:51060 - "WebSocket /api/v1/pos/iot/ws/iot?token=test-token-123" [accepted]
INFO:     connection open
ERROR:pos_core.iot.websocket_handler:❌ Error crítico en sesión IoT 1: (sqlalchemy.dialects.postgresql.asyncpg.Error) <class 'asyncpg.exceptions.DataError'>: invalid input for query argument $1: datetime.datetime(2026, 5, 19, 14, 27, 2... (can't subtract offset-naive and offset-aware datetimes)
[SQL: UPDATE iotdevice SET last_seen=$1::TIMESTAMP WITHOUT TIME ZONE WHERE iotdevice.id = $2::INTEGER]
[parameters: (datetime.datetime(2026, 5, 19, 14, 27, 28, 662103, tzinfo=datetime.timezone.utc), 1)]
(Background on this error at: https://sqlalche.me/e/20/dbapi)
INFO:     connection closed
INFO:     127.0.0.1:51066 - "WebSocket /api/v1/pos/iot/ws/iot?token=test-token-123" [accepted]
INFO:     connection open
ERROR:pos_core.iot.websocket_handler:❌ Error crítico en sesión IoT 1: (sqlalchemy.dialects.postgresql.asyncpg.Error) <class 'asyncpg.exceptions.DataError'>: invalid input for query argument $1: datetime.datetime(2026, 5, 19, 14, 27, 2... (can't subtract offset-naive and offset-aware datetimes)
[SQL: UPDATE iotdevice SET last_seen=$1::TIMESTAMP WITHOUT TIME ZONE WHERE iotdevice.id = $2::INTEGER]
[parameters: (datetime.datetime(2026, 5, 19, 14, 27, 28, 668585, tzinfo=datetime.timezone.utc), 1)]
(Background on this error at: https://sqlalche.me/e/20/dbapi)
INFO:     connection closed
INFO:     127.0.0.1:51080 - "WebSocket /api/v1/pos/iot/ws/iot?token=test-token-123" [accepted]
INFO:     connection open
ERROR:pos_core.iot.websocket_handler:❌ Error crítico en sesión IoT 1: (sqlalchemy.dialects.postgresql.asyncpg.Error) <class 'asyncpg.exceptions.DataError'>: invalid input for query argument $1: datetime.datetime(2026, 5, 19, 14, 27, 2... (can't subtract offset-naive and offset-aware datetimes)
[SQL: UPDATE iotdevice SET last_seen=$1::TIMESTAMP WITHOUT TIME ZONE WHERE iotdevice.id = $2::INTEGER]
[parameters: (datetime.datetime(2026, 5, 19, 14, 27, 28, 674364, tzinfo=datetime.timezone.utc), 1)]
(Background on this error at: https://sqlalche.me/e/20/dbapi)
INFO:     connection closed
INFO:     127.0.0.1:51082 - "WebSocket /api/v1/pos/iot/ws/iot?token=test-token-123" [accepted]
INFO:     connection open
ERROR:pos_core.iot.websocket_handler:❌ Error crítico en sesión IoT 1: (sqlalchemy.dialects.postgresql.asyncpg.Error) <class 'asyncpg.exceptions.DataError'>: invalid input for query argument $1: datetime.datetime(2026, 5, 19, 14, 27, 2... (can't subtract offset-naive and offset-aware datetimes)
[SQL: UPDATE iotdevice SET last_seen=$1::TIMESTAMP WITHOUT TIME ZONE WHERE iotdevice.id = $2::INTEGER]
[parameters: (datetime.datetime(2026, 5, 19, 14, 27, 28, 679436, tzinfo=datetime.timezone.utc), 1)]
(Background on this error at: https://sqlalche.me/e/20/dbapi)
INFO:     connection closed
INFO:     127.0.0.1:51092 - "WebSocket /api/v1/pos/iot/ws/iot?token=test-token-123" [accepted]
INFO:     connection open
ERROR:pos_core.iot.websocket_handler:❌ Error crítico en sesión IoT 1: (sqlalchemy.dialects.postgresql.asyncpg.Error) <class 'asyncpg.exceptions.DataError'>: invalid input for query argument $1: datetime.datetime(2026, 5, 19, 14, 27, 2... (can't subtract offset-naive and offset-aware datetimes)
[SQL: UPDATE iotdevice SET last_seen=$1::TIMESTAMP WITHOUT TIME ZONE WHERE iotdevice.id = $2::INTEGER]
[parameters: (datetime.datetime(2026, 5, 19, 14, 27, 28, 684991, tzinfo=datetime.timezone.utc), 1)]
(Background on this error at: https://sqlalche.me/e/20/dbapi)
INFO:     connection closed
INFO:     127.0.0.1:51098 - "WebSocket /api/v1/pos/iot/ws/iot?token=test-token-123" [accepted]
INFO:     connection open
ERROR:pos_core.iot.websocket_handler:❌ Error crítico en sesión IoT 1: (sqlalchemy.dialects.postgresql.asyncpg.Error) <class 'asyncpg.exceptions.DataError'>: invalid input for query argument $1: datetime.datetime(2026, 5, 19, 14, 27, 2... (can't subtract offset-naive and offset-aware datetimes)
[SQL: UPDATE iotdevice SET last_seen=$1::TIMESTAMP WITHOUT TIME ZONE WHERE iotdevice.id = $2::INTEGER]
[parameters: (datetime.datetime(2026, 5, 19, 14, 27, 28, 689790, tzinfo=datetime.timezone.utc), 1)]
(Background on this error at: https://sqlalche.me/e/20/dbapi)
INFO:     connection closed
INFO:     127.0.0.1:51114 - "WebSocket /api/v1/pos/iot/ws/iot?token=test-token-123" [accepted]
INFO:     connection open
ERROR:pos_core.iot.websocket_handler:❌ Error crítico en sesión IoT 1: (sqlalchemy.dialects.postgresql.asyncpg.Error) <class 'asyncpg.exceptions.DataError'>: invalid input for query argument $1: datetime.datetime(2026, 5, 19, 14, 27, 2... (can't subtract offset-naive and offset-aware datetimes)
[SQL: UPDATE iotdevice SET last_seen=$1::TIMESTAMP WITHOUT TIME ZONE WHERE iotdevice.id = $2::INTEGER]
[parameters: (datetime.datetime(2026, 5, 19, 14, 27, 28, 695401, tzinfo=datetime.timezone.utc), 1)]
(Background on this error at: https://sqlalche.me/e/20/dbapi)
INFO:     connection closed
INFO:     127.0.0.1:51120 - "WebSocket /api/v1/pos/iot/ws/iot?token=test-token-123" [accepted]
INFO:     connection open
ERROR:pos_core.iot.websocket_handler:❌ Error crítico en sesión IoT 1: (sqlalchemy.dialects.postgresql.asyncpg.Error) <class 'asyncpg.exceptions.DataError'>: invalid input for query argument $1: datetime.datetime(2026, 5, 19, 14, 27, 2... (can't subtract offset-naive and offset-aware datetimes)
[SQL: UPDATE iotdevice SET last_seen=$1::TIMESTAMP WITHOUT TIME ZONE WHERE iotdevice.id = $2::INTEGER]
[parameters: (datetime.datetime(2026, 5, 19, 14, 27, 28, 701355, tzinfo=datetime.timezone.utc), 1)]
(Background on this error at: https://sqlalche.me/e/20/dbapi)
INFO:     connection closed
INFO:     127.0.0.1:51134 - "WebSocket /api/v1/pos/iot/ws/iot?token=test-token-123" [accepted]
INFO:     connection open
ERROR:pos_core.iot.websocket_handler:❌ Error crítico en sesión IoT 1: (sqlalchemy.dialects.postgresql.asyncpg.Error) <class 'asyncpg.exceptions.DataError'>: invalid input for query argument $1: datetime.datetime(2026, 5, 19, 14, 27, 2... (can't subtract offset-naive and offset-aware datetimes)
[SQL: UPDATE iotdevice SET last_seen=$1::TIMESTAMP WITHOUT TIME ZONE WHERE iotdevice.id = $2::INTEGER]
[parameters: (datetime.datetime(2026, 5, 19, 14, 27, 28, 706307, tzinfo=datetime.timezone.utc), 1)]
(Background on this error at: https://sqlalche.me/e/20/dbapi)
INFO:     connection closed
INFO:     127.0.0.1:51146 - "WebSocket /api/v1/pos/iot/ws/iot?token=test-token-123" [accepted]
INFO:     connection open
ERROR:pos_core.iot.websocket_handler:❌ Error crítico en sesión IoT 1: (sqlalchemy.dialects.postgresql.asyncpg.Error) <class 'asyncpg.exceptions.DataError'>: invalid input for query argument $1: datetime.datetime(2026, 5, 19, 14, 27, 2... (can't subtract offset-naive and offset-aware datetimes)
[SQL: UPDATE iotdevice SET last_seen=$1::TIMESTAMP WITHOUT TIME ZONE WHERE iotdevice.id = $2::INTEGER]
[parameters: (datetime.datetime(2026, 5, 19, 14, 27, 28, 710947, tzinfo=datetime.timezone.utc), 1)]
(Background on this error at: https://sqlalche.me/e/20/dbapi)
INFO:     connection closed
INFO:     127.0.0.1:51156 - "WebSocket /api/v1/pos/iot/ws/iot?token=test-token-123" [accepted]
INFO:     connection open
ERROR:pos_core.iot.websocket_handler:❌ Error crítico en sesión IoT 1: (sqlalchemy.dialects.postgresql.asyncpg.Error) <class 'asyncpg.exceptions.DataError'>: invalid input for query argument $1: datetime.datetime(2026, 5, 19, 14, 27, 2... (can't subtract offset-naive and offset-aware datetimes)
[SQL: UPDATE iotdevice SET last_seen=$1::TIMESTAMP WITHOUT TIME ZONE WHERE iotdevice.id = $2::INTEGER]
[parameters: (datetime.datetime(2026, 5, 19, 14, 27, 28, 717269, tzinfo=datetime.timezone.utc), 1)]
(Background on this error at: https://sqlalche.me/e/20/dbapi)
INFO:     connection closed
INFO:     127.0.0.1:51168 - "WebSocket /api/v1/pos/iot/ws/iot?token=test-token-123" [accepted]
INFO:     connection open
ERROR:pos_core.iot.websocket_handler:❌ Error crítico en sesión IoT 1: (sqlalchemy.dialects.postgresql.asyncpg.Error) <class 'asyncpg.exceptions.DataError'>: invalid input for query argument $1: datetime.datetime(2026, 5, 19, 14, 27, 2... (can't subtract offset-naive and offset-aware datetimes)
[SQL: UPDATE iotdevice SET last_seen=$1::TIMESTAMP WITHOUT TIME ZONE WHERE iotdevice.id = $2::INTEGER]
[parameters: (datetime.datetime(2026, 5, 19, 14, 27, 28, 726131, tzinfo=datetime.timezone.utc), 1)]
(Background on this error at: https://sqlalche.me/e/20/dbapi)
INFO:     connection closed
INFO:     127.0.0.1:51180 - "WebSocket /api/v1/pos/iot/ws/iot?token=test-token-123" [accepted]
INFO:     connection open
ERROR:pos_core.iot.websocket_handler:❌ Error crítico en sesión IoT 1: (sqlalchemy.dialects.postgresql.asyncpg.Error) <class 'asyncpg.exceptions.DataError'>: invalid input for query argument $1: datetime.datetime(2026, 5, 19, 14, 27, 2... (can't subtract offset-naive and offset-aware datetimes)
[SQL: UPDATE iotdevice SET last_seen=$1::TIMESTAMP WITHOUT TIME ZONE WHERE iotdevice.id = $2::INTEGER]
[parameters: (datetime.datetime(2026, 5, 19, 14, 27, 28, 730988, tzinfo=datetime.timezone.utc), 1)]
(Background on this error at: https://sqlalche.me/e/20/dbapi)
INFO:     connection closed
INFO:     127.0.0.1:51182 - "WebSocket /api/v1/pos/iot/ws/iot?token=test-token-123" [accepted]
INFO:     connection open
ERROR:pos_core.iot.websocket_handler:❌ Error crítico en sesión IoT 1: (sqlalchemy.dialects.postgresql.asyncpg.Error) <class 'asyncpg.exceptions.DataError'>: invalid input for query argument $1: datetime.datetime(2026, 5, 19, 14, 27, 2... (can't subtract offset-naive and offset-aware datetimes)
[SQL: UPDATE iotdevice SET last_seen=$1::TIMESTAMP WITHOUT TIME ZONE WHERE iotdevice.id = $2::INTEGER]
[parameters: (datetime.datetime(2026, 5, 19, 14, 27, 28, 736226, tzinfo=datetime.timezone.utc), 1)]
(Background on this error at: https://sqlalche.me/e/20/dbapi)
INFO:     connection closed
INFO:     127.0.0.1:51194 - "WebSocket /api/v1/pos/iot/ws/iot?token=test-token-123" [accepted]
INFO:     connection open
ERROR:pos_core.iot.websocket_handler:❌ Error crítico en sesión IoT 1: (sqlalchemy.dialects.postgresql.asyncpg.Error) <class 'asyncpg.exceptions.DataError'>: invalid input for query argument $1: datetime.datetime(2026, 5, 19, 14, 27, 2... (can't subtract offset-naive and offset-aware datetimes)
[SQL: UPDATE iotdevice SET last_seen=$1::TIMESTAMP WITHOUT TIME ZONE WHERE iotdevice.id = $2::INTEGER]
[parameters: (datetime.datetime(2026, 5, 19, 14, 27, 28, 741380, tzinfo=datetime.timezone.utc), 1)]
(Background on this error at: https://sqlalche.me/e/20/dbapi)
INFO:     connection closed
INFO:     127.0.0.1:51202 - "WebSocket /api/v1/pos/iot/ws/iot?token=test-token-123" [accepted]
INFO:     connection open
ERROR:pos_core.iot.websocket_handler:❌ Error crítico en sesión IoT 1: (sqlalchemy.dialects.postgresql.asyncpg.Error) <class 'asyncpg.exceptions.DataError'>: invalid input for query argument $1: datetime.datetime(2026, 5, 19, 14, 27, 2... (can't subtract offset-naive and offset-aware datetimes)
[SQL: UPDATE iotdevice SET last_seen=$1::TIMESTAMP WITHOUT TIME ZONE WHERE iotdevice.id = $2::INTEGER]
[parameters: (datetime.datetime(2026, 5, 19, 14, 27, 28, 746092, tzinfo=datetime.timezone.utc), 1)]
(Background on this error at: https://sqlalche.me/e/20/dbapi)
INFO:     connection closed
INFO:     127.0.0.1:51204 - "WebSocket /api/v1/pos/iot/ws/iot?token=test-token-123" [accepted]
INFO:     connection open
ERROR:pos_core.iot.websocket_handler:❌ Error crítico en sesión IoT 1: (sqlalchemy.dialects.postgresql.asyncpg.Error) <class 'asyncpg.exceptions.DataError'>: invalid input for query argument $1: datetime.datetime(2026, 5, 19, 14, 27, 2... (can't subtract offset-naive and offset-aware datetimes)
[SQL: UPDATE iotdevice SET last_seen=$1::TIMESTAMP WITHOUT TIME ZONE WHERE iotdevice.id = $2::INTEGER]
[parameters: (datetime.datetime(2026, 5, 19, 14, 27, 28, 751461, tzinfo=datetime.timezone.utc), 1)]
(Background on this error at: https://sqlalche.me/e/20/dbapi)
INFO:     connection closed
INFO:     127.0.0.1:51214 - "WebSocket /api/v1/pos/iot/ws/iot?token=test-token-123" [accepted]
INFO:     connection open
ERROR:pos_core.iot.websocket_handler:❌ Error crítico en sesión IoT 1: (sqlalchemy.dialects.postgresql.asyncpg.Error) <class 'asyncpg.exceptions.DataError'>: invalid input for query argument $1: datetime.datetime(2026, 5, 19, 14, 27, 2... (can't subtract offset-naive and offset-aware datetimes)
[SQL: UPDATE iotdevice SET last_seen=$1::TIMESTAMP WITHOUT TIME ZONE WHERE iotdevice.id = $2::INTEGER]
[parameters: (datetime.datetime(2026, 5, 19, 14, 27, 28, 756607, tzinfo=datetime.timezone.utc), 1)]
(Background on this error at: https://sqlalche.me/e/20/dbapi)
INFO:     connection closed
INFO:     127.0.0.1:51228 - "WebSocket /api/v1/pos/iot/ws/iot?token=test-token-123" [accepted]
INFO:     connection open
ERROR:pos_core.iot.websocket_handler:❌ Error crítico en sesión IoT 1: (sqlalchemy.dialects.postgresql.asyncpg.Error) <class 'asyncpg.exceptions.DataError'>: invalid input for query argument $1: datetime.datetime(2026, 5, 19, 14, 27, 2... (can't subtract offset-naive and offset-aware datetimes)
[SQL: UPDATE iotdevice SET last_seen=$1::TIMESTAMP WITHOUT TIME ZONE WHERE iotdevice.id = $2::INTEGER]
[parameters: (datetime.datetime(2026, 5, 19, 14, 27, 28, 762104, tzinfo=datetime.timezone.utc), 1)]
(Background on this error at: https://sqlalche.me/e/20/dbapi)
INFO:     connection closed
INFO:     127.0.0.1:51230 - "WebSocket /api/v1/pos/iot/ws/iot?token=test-token-123" [accepted]
INFO:     connection open
ERROR:pos_core.iot.websocket_handler:❌ Error crítico en sesión IoT 1: (sqlalchemy.dialects.postgresql.asyncpg.Error) <class 'asyncpg.exceptions.DataError'>: invalid input for query argument $1: datetime.datetime(2026, 5, 19, 14, 27, 2... (can't subtract offset-naive and offset-aware datetimes)
[SQL: UPDATE iotdevice SET last_seen=$1::TIMESTAMP WITHOUT TIME ZONE WHERE iotdevice.id = $2::INTEGER]
[parameters: (datetime.datetime(2026, 5, 19, 14, 27, 28, 768709, tzinfo=datetime.timezone.utc), 1)]
(Background on this error at: https://sqlalche.me/e/20/dbapi)
INFO:     connection closed
INFO:     127.0.0.1:51242 - "WebSocket /api/v1/pos/iot/ws/iot?token=test-token-123" [accepted]
INFO:     connection open
ERROR:pos_core.iot.websocket_handler:❌ Error crítico en sesión IoT 1: (sqlalchemy.dialects.postgresql.asyncpg.Error) <class 'asyncpg.exceptions.DataError'>: invalid input for query argument $1: datetime.datetime(2026, 5, 19, 14, 27, 2... (can't subtract offset-naive and offset-aware datetimes)
[SQL: UPDATE iotdevice SET last_seen=$1::TIMESTAMP WITHOUT TIME ZONE WHERE iotdevice.id = $2::INTEGER]
[parameters: (datetime.datetime(2026, 5, 19, 14, 27, 28, 773468, tzinfo=datetime.timezone.utc), 1)]
(Background on this error at: https://sqlalche.me/e/20/dbapi)
INFO:     connection closed
INFO:     127.0.0.1:51254 - "WebSocket /api/v1/pos/iot/ws/iot?token=test-token-123" [accepted]
INFO:     connection open
ERROR:pos_core.iot.websocket_handler:❌ Error crítico en sesión IoT 1: (sqlalchemy.dialects.postgresql.asyncpg.Error) <class 'asyncpg.exceptions.DataError'>: invalid input for query argument $1: datetime.datetime(2026, 5, 19, 14, 27, 2... (can't subtract offset-naive and offset-aware datetimes)
[SQL: UPDATE iotdevice SET last_seen=$1::TIMESTAMP WITHOUT TIME ZONE WHERE iotdevice.id = $2::INTEGER]
[parameters: (datetime.datetime(2026, 5, 19, 14, 27, 28, 777445, tzinfo=datetime.timezone.utc), 1)]
(Background on this error at: https://sqlalche.me/e/20/dbapi)
INFO:     connection closed
INFO:     127.0.0.1:51268 - "WebSocket /api/v1/pos/iot/ws/iot?token=test-token-123" [accepted]
INFO:     connection open
ERROR:pos_core.iot.websocket_handler:❌ Error crítico en sesión IoT 1: (sqlalchemy.dialects.postgresql.asyncpg.Error) <class 'asyncpg.exceptions.DataError'>: invalid input for query argument $1: datetime.datetime(2026, 5, 19, 14, 27, 2... (can't subtract offset-naive and offset-aware datetimes)
[SQL: UPDATE iotdevice SET last_seen=$1::TIMESTAMP WITHOUT TIME ZONE WHERE iotdevice.id = $2::INTEGER]
[parameters: (datetime.datetime(2026, 5, 19, 14, 27, 28, 783067, tzinfo=datetime.timezone.utc), 1)]
(Background on this error at: https://sqlalche.me/e/20/dbapi)
INFO:     connection closed
INFO:     127.0.0.1:51284 - "WebSocket /api/v1/pos/iot/ws/iot?token=test-token-123" [accepted]
INFO:     connection open
ERROR:pos_core.iot.websocket_handler:❌ Error crítico en sesión IoT 1: (sqlalchemy.dialects.postgresql.asyncpg.Error) <class 'asyncpg.exceptions.DataError'>: invalid input for query argument $1: datetime.datetime(2026, 5, 19, 14, 27, 2... (can't subtract offset-naive and offset-aware datetimes)
[SQL: UPDATE iotdevice SET last_seen=$1::TIMESTAMP WITHOUT TIME ZONE WHERE iotdevice.id = $2::INTEGER]
[parameters: (datetime.datetime(2026, 5, 19, 14, 27, 28, 789075, tzinfo=datetime.timezone.utc), 1)]
(Background on this error at: https://sqlalche.me/e/20/dbapi)
INFO:     connection closed
INFO:     127.0.0.1:51286 - "WebSocket /api/v1/pos/iot/ws/iot?token=test-token-123" [accepted]
INFO:     connection open
ERROR:pos_core.iot.websocket_handler:❌ Error crítico en sesión IoT 1: (sqlalchemy.dialects.postgresql.asyncpg.Error) <class 'asyncpg.exceptions.DataError'>: invalid input for query argument $1: datetime.datetime(2026, 5, 19, 14, 27, 2... (can't subtract offset-naive and offset-aware datetimes)
[SQL: UPDATE iotdevice SET last_seen=$1::TIMESTAMP WITHOUT TIME ZONE WHERE iotdevice.id = $2::INTEGER]
[parameters: (datetime.datetime(2026, 5, 19, 14, 27, 28, 795133, tzinfo=datetime.timezone.utc), 1)]
(Background on this error at: https://sqlalche.me/e/20/dbapi)
INFO:     connection closed
INFO:     127.0.0.1:51300 - "WebSocket /api/v1/pos/iot/ws/iot?token=test-token-123" [accepted]
INFO:     connection open
ERROR:pos_core.iot.websocket_handler:❌ Error crítico en sesión IoT 1: (sqlalchemy.dialects.postgresql.asyncpg.Error) <class 'asyncpg.exceptions.DataError'>: invalid input for query argument $1: datetime.datetime(2026, 5, 19, 14, 27, 2... (can't subtract offset-naive and offset-aware datetimes)
[SQL: UPDATE iotdevice SET last_seen=$1::TIMESTAMP WITHOUT TIME ZONE WHERE iotdevice.id = $2::INTEGER]
[parameters: (datetime.datetime(2026, 5, 19, 14, 27, 28, 804317, tzinfo=datetime.timezone.utc), 1)]
(Background on this error at: https://sqlalche.me/e/20/dbapi)
INFO:     connection closed
INFO:     127.0.0.1:51310 - "WebSocket /api/v1/pos/iot/ws/iot?token=test-token-123" [accepted]
INFO:     connection open
ERROR:pos_core.iot.websocket_handler:❌ Error crítico en sesión IoT 1: (sqlalchemy.dialects.postgresql.asyncpg.Error) <class 'asyncpg.exceptions.DataError'>: invalid input for query argument $1: datetime.datetime(2026, 5, 19, 14, 27, 2... (can't subtract offset-naive and offset-aware datetimes)
[SQL: UPDATE iotdevice SET last_seen=$1::TIMESTAMP WITHOUT TIME ZONE WHERE iotdevice.id = $2::INTEGER]
[parameters: (datetime.datetime(2026, 5, 19, 14, 27, 28, 810296, tzinfo=datetime.timezone.utc), 1)]
(Background on this error at: https://sqlalche.me/e/20/dbapi)
INFO:     connection closed
INFO:     127.0.0.1:51326 - "WebSocket /api/v1/pos/iot/ws/iot?token=test-token-123" [accepted]
INFO:     connection open
ERROR:pos_core.iot.websocket_handler:❌ Error crítico en sesión IoT 1: (sqlalchemy.dialects.postgresql.asyncpg.Error) <class 'asyncpg.exceptions.DataError'>: invalid input for query argument $1: datetime.datetime(2026, 5, 19, 14, 27, 2... (can't subtract offset-naive and offset-aware datetimes)
[SQL: UPDATE iotdevice SET last_seen=$1::TIMESTAMP WITHOUT TIME ZONE WHERE iotdevice.id = $2::INTEGER]
[parameters: (datetime.datetime(2026, 5, 19, 14, 27, 28, 815477, tzinfo=datetime.timezone.utc), 1)]
(Background on this error at: https://sqlalche.me/e/20/dbapi)
INFO:     connection closed
INFO:     127.0.0.1:51334 - "WebSocket /api/v1/pos/iot/ws/iot?token=test-token-123" [accepted]
INFO:     connection open
ERROR:pos_core.iot.websocket_handler:❌ Error crítico en sesión IoT 1: (sqlalchemy.dialects.postgresql.asyncpg.Error) <class 'asyncpg.exceptions.DataError'>: invalid input for query argument $1: datetime.datetime(2026, 5, 19, 14, 27, 2... (can't subtract offset-naive and offset-aware datetimes)
[SQL: UPDATE iotdevice SET last_seen=$1::TIMESTAMP WITHOUT TIME ZONE WHERE iotdevice.id = $2::INTEGER]
[parameters: (datetime.datetime(2026, 5, 19, 14, 27, 28, 821099, tzinfo=datetime.timezone.utc), 1)]
(Background on this error at: https://sqlalche.me/e/20/dbapi)
INFO:     connection closed
INFO:     127.0.0.1:51344 - "WebSocket /api/v1/pos/iot/ws/iot?token=test-token-123" [accepted]
INFO:     connection open
ERROR:pos_core.iot.websocket_handler:❌ Error crítico en sesión IoT 1: (sqlalchemy.dialects.postgresql.asyncpg.Error) <class 'asyncpg.exceptions.DataError'>: invalid input for query argument $1: datetime.datetime(2026, 5, 19, 14, 27, 2... (can't subtract offset-naive and offset-aware datetimes)
[SQL: UPDATE iotdevice SET last_seen=$1::TIMESTAMP WITHOUT TIME ZONE WHERE iotdevice.id = $2::INTEGER]
[parameters: (datetime.datetime(2026, 5, 19, 14, 27, 28, 826361, tzinfo=datetime.timezone.utc), 1)]
(Background on this error at: https://sqlalche.me/e/20/dbapi)
INFO:     connection closed
INFO:     127.0.0.1:51348 - "WebSocket /api/v1/pos/iot/ws/iot?token=test-token-123" [accepted]
INFO:     connection open
ERROR:pos_core.iot.websocket_handler:❌ Error crítico en sesión IoT 1: (sqlalchemy.dialects.postgresql.asyncpg.Error) <class 'asyncpg.exceptions.DataError'>: invalid input for query argument $1: datetime.datetime(2026, 5, 19, 14, 27, 2... (can't subtract offset-naive and offset-aware datetimes)
[SQL: UPDATE iotdevice SET last_seen=$1::TIMESTAMP WITHOUT TIME ZONE WHERE iotdevice.id = $2::INTEGER]
[parameters: (datetime.datetime(2026, 5, 19, 14, 27, 28, 833281, tzinfo=datetime.timezone.utc), 1)]
(Background on this error at: https://sqlalche.me/e/20/dbapi)
INFO:     connection closed
INFO:     127.0.0.1:51354 - "WebSocket /api/v1/pos/iot/ws/iot?token=test-token-123" [accepted]
INFO:     connection open
ERROR:pos_core.iot.websocket_handler:❌ Error crítico en sesión IoT 1: (sqlalchemy.dialects.postgresql.asyncpg.Error) <class 'asyncpg.exceptions.DataError'>: invalid input for query argument $1: datetime.datetime(2026, 5, 19, 14, 27, 2... (can't subtract offset-naive and offset-aware datetimes)
[SQL: UPDATE iotdevice SET last_seen=$1::TIMESTAMP WITHOUT TIME ZONE WHERE iotdevice.id = $2::INTEGER]
[parameters: (datetime.datetime(2026, 5, 19, 14, 27, 28, 839569, tzinfo=datetime.timezone.utc), 1)]
(Background on this error at: https://sqlalche.me/e/20/dbapi)
INFO:     connection closed
INFO:     127.0.0.1:51368 - "WebSocket /api/v1/pos/iot/ws/iot?token=test-token-123" [accepted]
INFO:     connection open
ERROR:pos_core.iot.websocket_handler:❌ Error crítico en sesión IoT 1: (sqlalchemy.dialects.postgresql.asyncpg.Error) <class 'asyncpg.exceptions.DataError'>: invalid input for query argument $1: datetime.datetime(2026, 5, 19, 14, 27, 2... (can't subtract offset-naive and offset-aware datetimes)
[SQL: UPDATE iotdevice SET last_seen=$1::TIMESTAMP WITHOUT TIME ZONE WHERE iotdevice.id = $2::INTEGER]
[parameters: (datetime.datetime(2026, 5, 19, 14, 27, 28, 845337, tzinfo=datetime.timezone.utc), 1)]
(Background on this error at: https://sqlalche.me/e/20/dbapi)
INFO:     connection closed
INFO:     127.0.0.1:51384 - "WebSocket /api/v1/pos/iot/ws/iot?token=test-token-123" [accepted]
INFO:     connection open
ERROR:pos_core.iot.websocket_handler:❌ Error crítico en sesión IoT 1: (sqlalchemy.dialects.postgresql.asyncpg.Error) <class 'asyncpg.exceptions.DataError'>: invalid input for query argument $1: datetime.datetime(2026, 5, 19, 14, 27, 2... (can't subtract offset-naive and offset-aware datetimes)
[SQL: UPDATE iotdevice SET last_seen=$1::TIMESTAMP WITHOUT TIME ZONE WHERE iotdevice.id = $2::INTEGER]
[parameters: (datetime.datetime(2026, 5, 19, 14, 27, 28, 854954, tzinfo=datetime.timezone.utc), 1)]
(Background on this error at: https://sqlalche.me/e/20/dbapi)
INFO:     connection closed
INFO:     127.0.0.1:51390 - "WebSocket /api/v1/pos/iot/ws/iot?token=test-token-123" [accepted]
INFO:     connection open
ERROR:pos_core.iot.websocket_handler:❌ Error crítico en sesión IoT 1: (sqlalchemy.dialects.postgresql.asyncpg.Error) <class 'asyncpg.exceptions.DataError'>: invalid input for query argument $1: datetime.datetime(2026, 5, 19, 14, 27, 2... (can't subtract offset-naive and offset-aware datetimes)
[SQL: UPDATE iotdevice SET last_seen=$1::TIMESTAMP WITHOUT TIME ZONE WHERE iotdevice.id = $2::INTEGER]
[parameters: (datetime.datetime(2026, 5, 19, 14, 27, 28, 861953, tzinfo=datetime.timezone.utc), 1)]
(Background on this error at: https://sqlalche.me/e/20/dbapi)
INFO:     connection closed
INFO:     127.0.0.1:51400 - "WebSocket /api/v1/pos/iot/ws/iot?token=test-token-123" [accepted]
INFO:     connection open
ERROR:pos_core.iot.websocket_handler:❌ Error crítico en sesión IoT 1: (sqlalchemy.dialects.postgresql.asyncpg.Error) <class 'asyncpg.exceptions.DataError'>: invalid input for query argument $1: datetime.datetime(2026, 5, 19, 14, 27, 2... (can't subtract offset-naive and offset-aware datetimes)
[SQL: UPDATE iotdevice SET last_seen=$1::TIMESTAMP WITHOUT TIME ZONE WHERE iotdevice.id = $2::INTEGER]
[parameters: (datetime.datetime(2026, 5, 19, 14, 27, 28, 868046, tzinfo=datetime.timezone.utc), 1)]
(Background on this error at: https://sqlalche.me/e/20/dbapi)
INFO:     connection closed
INFO:     127.0.0.1:51406 - "WebSocket /api/v1/pos/iot/ws/iot?token=test-token-123" [accepted]
INFO:     connection open
ERROR:pos_core.iot.websocket_handler:❌ Error crítico en sesión IoT 1: (sqlalchemy.dialects.postgresql.asyncpg.Error) <class 'asyncpg.exceptions.DataError'>: invalid input for query argument $1: datetime.datetime(2026, 5, 19, 14, 27, 2... (can't subtract offset-naive and offset-aware datetimes)
[SQL: UPDATE iotdevice SET last_seen=$1::TIMESTAMP WITHOUT TIME ZONE WHERE iotdevice.id = $2::INTEGER]
[parameters: (datetime.datetime(2026, 5, 19, 14, 27, 28, 873565, tzinfo=datetime.timezone.utc), 1)]
(Background on this error at: https://sqlalche.me/e/20/dbapi)
INFO:     connection closed
INFO:     127.0.0.1:51422 - "WebSocket /api/v1/pos/iot/ws/iot?token=test-token-123" [accepted]
INFO:     connection open
ERROR:pos_core.iot.websocket_handler:❌ Error crítico en sesión IoT 1: (sqlalchemy.dialects.postgresql.asyncpg.Error) <class 'asyncpg.exceptions.DataError'>: invalid input for query argument $1: datetime.datetime(2026, 5, 19, 14, 27, 2... (can't subtract offset-naive and offset-aware datetimes)
[SQL: UPDATE iotdevice SET last_seen=$1::TIMESTAMP WITHOUT TIME ZONE WHERE iotdevice.id = $2::INTEGER]
[parameters: (datetime.datetime(2026, 5, 19, 14, 27, 28, 877777, tzinfo=datetime.timezone.utc), 1)]
(Background on this error at: https://sqlalche.me/e/20/dbapi)
INFO:     connection closed
INFO:     127.0.0.1:51438 - "WebSocket /api/v1/pos/iot/ws/iot?token=test-token-123" [accepted]
INFO:     connection open
ERROR:pos_core.iot.websocket_handler:❌ Error crítico en sesión IoT 1: (sqlalchemy.dialects.postgresql.asyncpg.Error) <class 'asyncpg.exceptions.DataError'>: invalid input for query argument $1: datetime.datetime(2026, 5, 19, 14, 27, 2... (can't subtract offset-naive and offset-aware datetimes)
[SQL: UPDATE iotdevice SET last_seen=$1::TIMESTAMP WITHOUT TIME ZONE WHERE iotdevice.id = $2::INTEGER]
[parameters: (datetime.datetime(2026, 5, 19, 14, 27, 28, 882982, tzinfo=datetime.timezone.utc), 1)]
(Background on this error at: https://sqlalche.me/e/20/dbapi)
INFO:     connection closed
INFO:     127.0.0.1:51446 - "WebSocket /api/v1/pos/iot/ws/iot?token=test-token-123" [accepted]
INFO:     connection open
ERROR:pos_core.iot.websocket_handler:❌ Error crítico en sesión IoT 1: (sqlalchemy.dialects.postgresql.asyncpg.Error) <class 'asyncpg.exceptions.DataError'>: invalid input for query argument $1: datetime.datetime(2026, 5, 19, 14, 27, 2... (can't subtract offset-naive and offset-aware datetimes)
[SQL: UPDATE iotdevice SET last_seen=$1::TIMESTAMP WITHOUT TIME ZONE WHERE iotdevice.id = $2::INTEGER]
[parameters: (datetime.datetime(2026, 5, 19, 14, 27, 28, 888361, tzinfo=datetime.timezone.utc), 1)]
(Background on this error at: https://sqlalche.me/e/20/dbapi)
INFO:     connection closed
INFO:     127.0.0.1:51458 - "WebSocket /api/v1/pos/iot/ws/iot?token=test-token-123" [accepted]
INFO:     connection open
ERROR:pos_core.iot.websocket_handler:❌ Error crítico en sesión IoT 1: (sqlalchemy.dialects.postgresql.asyncpg.Error) <class 'asyncpg.exceptions.DataError'>: invalid input for query argument $1: datetime.datetime(2026, 5, 19, 14, 27, 2... (can't subtract offset-naive and offset-aware datetimes)
[SQL: UPDATE iotdevice SET last_seen=$1::TIMESTAMP WITHOUT TIME ZONE WHERE iotdevice.id = $2::INTEGER]
[parameters: (datetime.datetime(2026, 5, 19, 14, 27, 28, 893016, tzinfo=datetime.timezone.utc), 1)]
(Background on this error at: https://sqlalche.me/e/20/dbapi)
INFO:     connection closed
INFO:     127.0.0.1:51462 - "WebSocket /api/v1/pos/iot/ws/iot?token=test-token-123" [accepted]
INFO:     connection open
ERROR:pos_core.iot.websocket_handler:❌ Error crítico en sesión IoT 1: (sqlalchemy.dialects.postgresql.asyncpg.Error) <class 'asyncpg.exceptions.DataError'>: invalid input for query argument $1: datetime.datetime(2026, 5, 19, 14, 27, 2... (can't subtract offset-naive and offset-aware datetimes)
[SQL: UPDATE iotdevice SET last_seen=$1::TIMESTAMP WITHOUT TIME ZONE WHERE iotdevice.id = $2::INTEGER]
[parameters: (datetime.datetime(2026, 5, 19, 14, 27, 28, 898755, tzinfo=datetime.timezone.utc), 1)]
(Background on this error at: https://sqlalche.me/e/20/dbapi)
INFO:     connection closed
INFO:     127.0.0.1:51470 - "WebSocket /api/v1/pos/iot/ws/iot?token=test-token-123" [accepted]
INFO:     connection open
ERROR:pos_core.iot.websocket_handler:❌ Error crítico en sesión IoT 1: (sqlalchemy.dialects.postgresql.asyncpg.Error) <class 'asyncpg.exceptions.DataError'>: invalid input for query argument $1: datetime.datetime(2026, 5, 19, 14, 27, 2... (can't subtract offset-naive and offset-aware datetimes)
[SQL: UPDATE iotdevice SET last_seen=$1::TIMESTAMP WITHOUT TIME ZONE WHERE iotdevice.id = $2::INTEGER]
[parameters: (datetime.datetime(2026, 5, 19, 14, 27, 28, 905103, tzinfo=datetime.timezone.utc), 1)]
(Background on this error at: https://sqlalche.me/e/20/dbapi)
INFO:     connection closed
INFO:     127.0.0.1:51482 - "WebSocket /api/v1/pos/iot/ws/iot?token=test-token-123" [accepted]
INFO:     connection open
ERROR:pos_core.iot.websocket_handler:❌ Error crítico en sesión IoT 1: (sqlalchemy.dialects.postgresql.asyncpg.Error) <class 'asyncpg.exceptions.DataError'>: invalid input for query argument $1: datetime.datetime(2026, 5, 19, 14, 27, 2... (can't subtract offset-naive and offset-aware datetimes)
[SQL: UPDATE iotdevice SET last_seen=$1::TIMESTAMP WITHOUT TIME ZONE WHERE iotdevice.id = $2::INTEGER]
[parameters: (datetime.datetime(2026, 5, 19, 14, 27, 28, 909717, tzinfo=datetime.timezone.utc), 1)]
(Background on this error at: https://sqlalche.me/e/20/dbapi)
INFO:     connection closed
INFO:     127.0.0.1:51484 - "WebSocket /api/v1/pos/iot/ws/iot?token=test-token-123" [accepted]
INFO:     connection open
ERROR:pos_core.iot.websocket_handler:❌ Error crítico en sesión IoT 1: (sqlalchemy.dialects.postgresql.asyncpg.Error) <class 'asyncpg.exceptions.DataError'>: invalid input for query argument $1: datetime.datetime(2026, 5, 19, 14, 27, 2... (can't subtract offset-naive and offset-aware datetimes)
[SQL: UPDATE iotdevice SET last_seen=$1::TIMESTAMP WITHOUT TIME ZONE WHERE iotdevice.id = $2::INTEGER]
[parameters: (datetime.datetime(2026, 5, 19, 14, 27, 28, 916042, tzinfo=datetime.timezone.utc), 1)]
(Background on this error at: https://sqlalche.me/e/20/dbapi)
INFO:     connection closed
INFO:     127.0.0.1:51500 - "WebSocket /api/v1/pos/iot/ws/iot?token=test-token-123" [accepted]
INFO:     connection open
ERROR:pos_core.iot.websocket_handler:❌ Error crítico en sesión IoT 1: (sqlalchemy.dialects.postgresql.asyncpg.Error) <class 'asyncpg.exceptions.DataError'>: invalid input for query argument $1: datetime.datetime(2026, 5, 19, 14, 27, 2... (can't subtract offset-naive and offset-aware datetimes)
[SQL: UPDATE iotdevice SET last_seen=$1::TIMESTAMP WITHOUT TIME ZONE WHERE iotdevice.id = $2::INTEGER]
[parameters: (datetime.datetime(2026, 5, 19, 14, 27, 28, 920876, tzinfo=datetime.timezone.utc), 1)]
(Background on this error at: https://sqlalche.me/e/20/dbapi)
INFO:     connection closed
INFO:     127.0.0.1:51510 - "WebSocket /api/v1/pos/iot/ws/iot?token=test-token-123" [accepted]
INFO:     connection open
ERROR:pos_core.iot.websocket_handler:❌ Error crítico en sesión IoT 1: (sqlalchemy.dialects.postgresql.asyncpg.Error) <class 'asyncpg.exceptions.DataError'>: invalid input for query argument $1: datetime.datetime(2026, 5, 19, 14, 27, 2... (can't subtract offset-naive and offset-aware datetimes)
[SQL: UPDATE iotdevice SET last_seen=$1::TIMESTAMP WITHOUT TIME ZONE WHERE iotdevice.id = $2::INTEGER]
[parameters: (datetime.datetime(2026, 5, 19, 14, 27, 28, 925029, tzinfo=datetime.timezone.utc), 1)]
(Background on this error at: https://sqlalche.me/e/20/dbapi)
INFO:     connection closed
INFO:     127.0.0.1:51516 - "WebSocket /api/v1/pos/iot/ws/iot?token=test-token-123" [accepted]
INFO:     connection open
ERROR:pos_core.iot.websocket_handler:❌ Error crítico en sesión IoT 1: (sqlalchemy.dialects.postgresql.asyncpg.Error) <class 'asyncpg.exceptions.DataError'>: invalid input for query argument $1: datetime.datetime(2026, 5, 19, 14, 27, 2... (can't subtract offset-naive and offset-aware datetimes)
[SQL: UPDATE iotdevice SET last_seen=$1::TIMESTAMP WITHOUT TIME ZONE WHERE iotdevice.id = $2::INTEGER]
[parameters: (datetime.datetime(2026, 5, 19, 14, 27, 28, 928879, tzinfo=datetime.timezone.utc), 1)]
(Background on this error at: https://sqlalche.me/e/20/dbapi)
INFO:     connection closed
INFO:     127.0.0.1:51530 - "WebSocket /api/v1/pos/iot/ws/iot?token=test-token-123" [accepted]
INFO:     connection open
ERROR:pos_core.iot.websocket_handler:❌ Error crítico en sesión IoT 1: (sqlalchemy.dialects.postgresql.asyncpg.Error) <class 'asyncpg.exceptions.DataError'>: invalid input for query argument $1: datetime.datetime(2026, 5, 19, 14, 27, 2... (can't subtract offset-naive and offset-aware datetimes)
[SQL: UPDATE iotdevice SET last_seen=$1::TIMESTAMP WITHOUT TIME ZONE WHERE iotdevice.id = $2::INTEGER]
[parameters: (datetime.datetime(2026, 5, 19, 14, 27, 28, 934556, tzinfo=datetime.timezone.utc), 1)]
(Background on this error at: https://sqlalche.me/e/20/dbapi)
INFO:     connection closed
INFO:     127.0.0.1:51540 - "WebSocket /api/v1/pos/iot/ws/iot?token=test-token-123" [accepted]
INFO:     connection open
ERROR:pos_core.iot.websocket_handler:❌ Error crítico en sesión IoT 1: (sqlalchemy.dialects.postgresql.asyncpg.Error) <class 'asyncpg.exceptions.DataError'>: invalid input for query argument $1: datetime.datetime(2026, 5, 19, 14, 27, 2... (can't subtract offset-naive and offset-aware datetimes)
[SQL: UPDATE iotdevice SET last_seen=$1::TIMESTAMP WITHOUT TIME ZONE WHERE iotdevice.id = $2::INTEGER]
[parameters: (datetime.datetime(2026, 5, 19, 14, 27, 28, 939348, tzinfo=datetime.timezone.utc), 1)]
(Background on this error at: https://sqlalche.me/e/20/dbapi)
INFO:     connection closed
INFO:     127.0.0.1:51548 - "WebSocket /api/v1/pos/iot/ws/iot?token=test-token-123" [accepted]
INFO:     connection open
ERROR:pos_core.iot.websocket_handler:❌ Error crítico en sesión IoT 1: (sqlalchemy.dialects.postgresql.asyncpg.Error) <class 'asyncpg.exceptions.DataError'>: invalid input for query argument $1: datetime.datetime(2026, 5, 19, 14, 27, 2... (can't subtract offset-naive and offset-aware datetimes)
[SQL: UPDATE iotdevice SET last_seen=$1::TIMESTAMP WITHOUT TIME ZONE WHERE iotdevice.id = $2::INTEGER]
[parameters: (datetime.datetime(2026, 5, 19, 14, 27, 28, 943534, tzinfo=datetime.timezone.utc), 1)]
(Background on this error at: https://sqlalche.me/e/20/dbapi)
INFO:     connection closed
INFO:     127.0.0.1:51560 - "WebSocket /api/v1/pos/iot/ws/iot?token=test-token-123" [accepted]
INFO:     connection open
ERROR:pos_core.iot.websocket_handler:❌ Error crítico en sesión IoT 1: (sqlalchemy.dialects.postgresql.asyncpg.Error) <class 'asyncpg.exceptions.DataError'>: invalid input for query argument $1: datetime.datetime(2026, 5, 19, 14, 27, 2... (can't subtract offset-naive and offset-aware datetimes)
[SQL: UPDATE iotdevice SET last_seen=$1::TIMESTAMP WITHOUT TIME ZONE WHERE iotdevice.id = $2::INTEGER]
[parameters: (datetime.datetime(2026, 5, 19, 14, 27, 28, 949341, tzinfo=datetime.timezone.utc), 1)]
(Background on this error at: https://sqlalche.me/e/20/dbapi)
INFO:     connection closed
INFO:     127.0.0.1:51572 - "WebSocket /api/v1/pos/iot/ws/iot?token=test-token-123" [accepted]
INFO:     connection open
ERROR:pos_core.iot.websocket_handler:❌ Error crítico en sesión IoT 1: (sqlalchemy.dialects.postgresql.asyncpg.Error) <class 'asyncpg.exceptions.DataError'>: invalid input for query argument $1: datetime.datetime(2026, 5, 19, 14, 27, 2... (can't subtract offset-naive and offset-aware datetimes)
[SQL: UPDATE iotdevice SET last_seen=$1::TIMESTAMP WITHOUT TIME ZONE WHERE iotdevice.id = $2::INTEGER]
[parameters: (datetime.datetime(2026, 5, 19, 14, 27, 28, 954469, tzinfo=datetime.timezone.utc), 1)]
(Background on this error at: https://sqlalche.me/e/20/dbapi)
INFO:     connection closed
INFO:     127.0.0.1:51582 - "WebSocket /api/v1/pos/iot/ws/iot?token=test-token-123" [accepted]
INFO:     connection open
ERROR:pos_core.iot.websocket_handler:❌ Error crítico en sesión IoT 1: (sqlalchemy.dialects.postgresql.asyncpg.Error) <class 'asyncpg.exceptions.DataError'>: invalid input for query argument $1: datetime.datetime(2026, 5, 19, 14, 27, 2... (can't subtract offset-naive and offset-aware datetimes)
[SQL: UPDATE iotdevice SET last_seen=$1::TIMESTAMP WITHOUT TIME ZONE WHERE iotdevice.id = $2::INTEGER]
[parameters: (datetime.datetime(2026, 5, 19, 14, 27, 28, 959171, tzinfo=datetime.timezone.utc), 1)]
(Background on this error at: https://sqlalche.me/e/20/dbapi)
INFO:     connection closed
INFO:     127.0.0.1:51596 - "WebSocket /api/v1/pos/iot/ws/iot?token=test-token-123" [accepted]
INFO:     connection open
ERROR:pos_core.iot.websocket_handler:❌ Error crítico en sesión IoT 1: (sqlalchemy.dialects.postgresql.asyncpg.Error) <class 'asyncpg.exceptions.DataError'>: invalid input for query argument $1: datetime.datetime(2026, 5, 19, 14, 27, 2... (can't subtract offset-naive and offset-aware datetimes)
[SQL: UPDATE iotdevice SET last_seen=$1::TIMESTAMP WITHOUT TIME ZONE WHERE iotdevice.id = $2::INTEGER]
[parameters: (datetime.datetime(2026, 5, 19, 14, 27, 28, 964860, tzinfo=datetime.timezone.utc), 1)]
(Background on this error at: https://sqlalche.me/e/20/dbapi)
INFO:     connection closed
INFO:     127.0.0.1:51606 - "WebSocket /api/v1/pos/iot/ws/iot?token=test-token-123" [accepted]
INFO:     connection open
ERROR:pos_core.iot.websocket_handler:❌ Error crítico en sesión IoT 1: (sqlalchemy.dialects.postgresql.asyncpg.Error) <class 'asyncpg.exceptions.DataError'>: invalid input for query argument $1: datetime.datetime(2026, 5, 19, 14, 27, 2... (can't subtract offset-naive and offset-aware datetimes)
[SQL: UPDATE iotdevice SET last_seen=$1::TIMESTAMP WITHOUT TIME ZONE WHERE iotdevice.id = $2::INTEGER]
[parameters: (datetime.datetime(2026, 5, 19, 14, 27, 28, 970672, tzinfo=datetime.timezone.utc), 1)]
(Background on this error at: https://sqlalche.me/e/20/dbapi)
INFO:     connection closed
INFO:     127.0.0.1:51610 - "WebSocket /api/v1/pos/iot/ws/iot?token=test-token-123" [accepted]
INFO:     connection open
ERROR:pos_core.iot.websocket_handler:❌ Error crítico en sesión IoT 1: (sqlalchemy.dialects.postgresql.asyncpg.Error) <class 'asyncpg.exceptions.DataError'>: invalid input for query argument $1: datetime.datetime(2026, 5, 19, 14, 27, 2... (can't subtract offset-naive and offset-aware datetimes)
[SQL: UPDATE iotdevice SET last_seen=$1::TIMESTAMP WITHOUT TIME ZONE WHERE iotdevice.id = $2::INTEGER]
[parameters: (datetime.datetime(2026, 5, 19, 14, 27, 28, 974940, tzinfo=datetime.timezone.utc), 1)]
(Background on this error at: https://sqlalche.me/e/20/dbapi)
INFO:     connection closed
INFO:     127.0.0.1:51618 - "WebSocket /api/v1/pos/iot/ws/iot?token=test-token-123" [accepted]
INFO:     connection open
ERROR:pos_core.iot.websocket_handler:❌ Error crítico en sesión IoT 1: (sqlalchemy.dialects.postgresql.asyncpg.Error) <class 'asyncpg.exceptions.DataError'>: invalid input for query argument $1: datetime.datetime(2026, 5, 19, 14, 27, 2... (can't subtract offset-naive and offset-aware datetimes)
[SQL: UPDATE iotdevice SET last_seen=$1::TIMESTAMP WITHOUT TIME ZONE WHERE iotdevice.id = $2::INTEGER]
[parameters: (datetime.datetime(2026, 5, 19, 14, 27, 28, 978969, tzinfo=datetime.timezone.utc), 1)]
(Background on this error at: https://sqlalche.me/e/20/dbapi)
INFO:     connection closed
INFO:     127.0.0.1:51630 - "WebSocket /api/v1/pos/iot/ws/iot?token=test-token-123" [accepted]
INFO:     connection open
ERROR:pos_core.iot.websocket_handler:❌ Error crítico en sesión IoT 1: (sqlalchemy.dialects.postgresql.asyncpg.Error) <class 'asyncpg.exceptions.DataError'>: invalid input for query argument $1: datetime.datetime(2026, 5, 19, 14, 27, 2... (can't subtract offset-naive and offset-aware datetimes)
[SQL: UPDATE iotdevice SET last_seen=$1::TIMESTAMP WITHOUT TIME ZONE WHERE iotdevice.id = $2::INTEGER]
[parameters: (datetime.datetime(2026, 5, 19, 14, 27, 28, 983964, tzinfo=datetime.timezone.utc), 1)]
(Background on this error at: https://sqlalche.me/e/20/dbapi)
INFO:     connection closed
INFO:     127.0.0.1:51636 - "WebSocket /api/v1/pos/iot/ws/iot?token=test-token-123" [accepted]
INFO:     connection open
ERROR:pos_core.iot.websocket_handler:❌ Error crítico en sesión IoT 1: (sqlalchemy.dialects.postgresql.asyncpg.Error) <class 'asyncpg.exceptions.DataError'>: invalid input for query argument $1: datetime.datetime(2026, 5, 19, 14, 27, 2... (can't subtract offset-naive and offset-aware datetimes)
[SQL: UPDATE iotdevice SET last_seen=$1::TIMESTAMP WITHOUT TIME ZONE WHERE iotdevice.id = $2::INTEGER]
[parameters: (datetime.datetime(2026, 5, 19, 14, 27, 28, 988155, tzinfo=datetime.timezone.utc), 1)]
(Background on this error at: https://sqlalche.me/e/20/dbapi)
INFO:     connection closed
INFO:     127.0.0.1:51638 - "WebSocket /api/v1/pos/iot/ws/iot?token=test-token-123" [accepted]
INFO:     connection open
ERROR:pos_core.iot.websocket_handler:❌ Error crítico en sesión IoT 1: (sqlalchemy.dialects.postgresql.asyncpg.Error) <class 'asyncpg.exceptions.DataError'>: invalid input for query argument $1: datetime.datetime(2026, 5, 19, 14, 27, 2... (can't subtract offset-naive and offset-aware datetimes)
[SQL: UPDATE iotdevice SET last_seen=$1::TIMESTAMP WITHOUT TIME ZONE WHERE iotdevice.id = $2::INTEGER]
[parameters: (datetime.datetime(2026, 5, 19, 14, 27, 28, 992286, tzinfo=datetime.timezone.utc), 1)]
(Background on this error at: https://sqlalche.me/e/20/dbapi)
INFO:     connection closed
INFO:     127.0.0.1:51654 - "WebSocket /api/v1/pos/iot/ws/iot?token=test-token-123" [accepted]
INFO:     connection open
ERROR:pos_core.iot.websocket_handler:❌ Error crítico en sesión IoT 1: (sqlalchemy.dialects.postgresql.asyncpg.Error) <class 'asyncpg.exceptions.DataError'>: invalid input for query argument $1: datetime.datetime(2026, 5, 19, 14, 27, 2... (can't subtract offset-naive and offset-aware datetimes)
[SQL: UPDATE iotdevice SET last_seen=$1::TIMESTAMP WITHOUT TIME ZONE WHERE iotdevice.id = $2::INTEGER]
[parameters: (datetime.datetime(2026, 5, 19, 14, 27, 28, 996720, tzinfo=datetime.timezone.utc), 1)]
(Background on this error at: https://sqlalche.me/e/20/dbapi)
INFO:     connection closed
INFO:     127.0.0.1:51664 - "WebSocket /api/v1/pos/iot/ws/iot?token=test-token-123" [accepted]
INFO:     connection open
ERROR:pos_core.iot.websocket_handler:❌ Error crítico en sesión IoT 1: (sqlalchemy.dialects.postgresql.asyncpg.Error) <class 'asyncpg.exceptions.DataError'>: invalid input for query argument $1: datetime.datetime(2026, 5, 19, 14, 27, 2... (can't subtract offset-naive and offset-aware datetimes)
[SQL: UPDATE iotdevice SET last_seen=$1::TIMESTAMP WITHOUT TIME ZONE WHERE iotdevice.id = $2::INTEGER]
[parameters: (datetime.datetime(2026, 5, 19, 14, 27, 29, 2344, tzinfo=datetime.timezone.utc), 1)]
(Background on this error at: https://sqlalche.me/e/20/dbapi)
INFO:     connection closed
INFO:     127.0.0.1:51678 - "WebSocket /api/v1/pos/iot/ws/iot?token=test-token-123" [accepted]
INFO:     connection open
ERROR:pos_core.iot.websocket_handler:❌ Error crítico en sesión IoT 1: (sqlalchemy.dialects.postgresql.asyncpg.Error) <class 'asyncpg.exceptions.DataError'>: invalid input for query argument $1: datetime.datetime(2026, 5, 19, 14, 27, 2... (can't subtract offset-naive and offset-aware datetimes)
[SQL: UPDATE iotdevice SET last_seen=$1::TIMESTAMP WITHOUT TIME ZONE WHERE iotdevice.id = $2::INTEGER]
[parameters: (datetime.datetime(2026, 5, 19, 14, 27, 29, 6949, tzinfo=datetime.timezone.utc), 1)]
(Background on this error at: https://sqlalche.me/e/20/dbapi)
INFO:     connection closed
INFO:     127.0.0.1:51688 - "WebSocket /api/v1/pos/iot/ws/iot?token=test-token-123" [accepted]
INFO:     connection open
ERROR:pos_core.iot.websocket_handler:❌ Error crítico en sesión IoT 1: (sqlalchemy.dialects.postgresql.asyncpg.Error) <class 'asyncpg.exceptions.DataError'>: invalid input for query argument $1: datetime.datetime(2026, 5, 19, 14, 27, 2... (can't subtract offset-naive and offset-aware datetimes)
[SQL: UPDATE iotdevice SET last_seen=$1::TIMESTAMP WITHOUT TIME ZONE WHERE iotdevice.id = $2::INTEGER]
[parameters: (datetime.datetime(2026, 5, 19, 14, 27, 29, 11476, tzinfo=datetime.timezone.utc), 1)]
(Background on this error at: https://sqlalche.me/e/20/dbapi)
INFO:     connection closed
INFO:     127.0.0.1:51702 - "WebSocket /api/v1/pos/iot/ws/iot?token=test-token-123" [accepted]
INFO:     connection open
ERROR:pos_core.iot.websocket_handler:❌ Error crítico en sesión IoT 1: (sqlalchemy.dialects.postgresql.asyncpg.Error) <class 'asyncpg.exceptions.DataError'>: invalid input for query argument $1: datetime.datetime(2026, 5, 19, 14, 27, 2... (can't subtract offset-naive and offset-aware datetimes)
[SQL: UPDATE iotdevice SET last_seen=$1::TIMESTAMP WITHOUT TIME ZONE WHERE iotdevice.id = $2::INTEGER]
[parameters: (datetime.datetime(2026, 5, 19, 14, 27, 29, 17437, tzinfo=datetime.timezone.utc), 1)]
(Background on this error at: https://sqlalche.me/e/20/dbapi)
INFO:     connection closed
INFO:     127.0.0.1:51714 - "WebSocket /api/v1/pos/iot/ws/iot?token=test-token-123" [accepted]
INFO:     connection open
ERROR:pos_core.iot.websocket_handler:❌ Error crítico en sesión IoT 1: (sqlalchemy.dialects.postgresql.asyncpg.Error) <class 'asyncpg.exceptions.DataError'>: invalid input for query argument $1: datetime.datetime(2026, 5, 19, 14, 27, 2... (can't subtract offset-naive and offset-aware datetimes)
[SQL: UPDATE iotdevice SET last_seen=$1::TIMESTAMP WITHOUT TIME ZONE WHERE iotdevice.id = $2::INTEGER]
[parameters: (datetime.datetime(2026, 5, 19, 14, 27, 29, 21420, tzinfo=datetime.timezone.utc), 1)]
(Background on this error at: https://sqlalche.me/e/20/dbapi)
INFO:     connection closed
INFO:     127.0.0.1:51722 - "WebSocket /api/v1/pos/iot/ws/iot?token=test-token-123" [accepted]
INFO:     connection open
ERROR:pos_core.iot.websocket_handler:❌ Error crítico en sesión IoT 1: (sqlalchemy.dialects.postgresql.asyncpg.Error) <class 'asyncpg.exceptions.DataError'>: invalid input for query argument $1: datetime.datetime(2026, 5, 19, 14, 27, 2... (can't subtract offset-naive and offset-aware datetimes)
[SQL: UPDATE iotdevice SET last_seen=$1::TIMESTAMP WITHOUT TIME ZONE WHERE iotdevice.id = $2::INTEGER]
[parameters: (datetime.datetime(2026, 5, 19, 14, 27, 29, 25159, tzinfo=datetime.timezone.utc), 1)]
(Background on this error at: https://sqlalche.me/e/20/dbapi)
INFO:     connection closed
INFO:     127.0.0.1:51732 - "WebSocket /api/v1/pos/iot/ws/iot?token=test-token-123" [accepted]
INFO:     connection open
ERROR:pos_core.iot.websocket_handler:❌ Error crítico en sesión IoT 1: (sqlalchemy.dialects.postgresql.asyncpg.Error) <class 'asyncpg.exceptions.DataError'>: invalid input for query argument $1: datetime.datetime(2026, 5, 19, 14, 27, 2... (can't subtract offset-naive and offset-aware datetimes)
[SQL: UPDATE iotdevice SET last_seen=$1::TIMESTAMP WITHOUT TIME ZONE WHERE iotdevice.id = $2::INTEGER]
[parameters: (datetime.datetime(2026, 5, 19, 14, 27, 29, 28747, tzinfo=datetime.timezone.utc), 1)]
(Background on this error at: https://sqlalche.me/e/20/dbapi)
INFO:     connection closed
INFO:     127.0.0.1:51740 - "WebSocket /api/v1/pos/iot/ws/iot?token=test-token-123" [accepted]
INFO:     connection open
ERROR:pos_core.iot.websocket_handler:❌ Error crítico en sesión IoT 1: (sqlalchemy.dialects.postgresql.asyncpg.Error) <class 'asyncpg.exceptions.DataError'>: invalid input for query argument $1: datetime.datetime(2026, 5, 19, 14, 27, 2... (can't subtract offset-naive and offset-aware datetimes)
[SQL: UPDATE iotdevice SET last_seen=$1::TIMESTAMP WITHOUT TIME ZONE WHERE iotdevice.id = $2::INTEGER]
[parameters: (datetime.datetime(2026, 5, 19, 14, 27, 29, 33959, tzinfo=datetime.timezone.utc), 1)]
(Background on this error at: https://sqlalche.me/e/20/dbapi)
INFO:     connection closed
INFO:     127.0.0.1:51754 - "WebSocket /api/v1/pos/iot/ws/iot?token=test-token-123" [accepted]
INFO:     connection open
ERROR:pos_core.iot.websocket_handler:❌ Error crítico en sesión IoT 1: (sqlalchemy.dialects.postgresql.asyncpg.Error) <class 'asyncpg.exceptions.DataError'>: invalid input for query argument $1: datetime.datetime(2026, 5, 19, 14, 27, 2... (can't subtract offset-naive and offset-aware datetimes)
[SQL: UPDATE iotdevice SET last_seen=$1::TIMESTAMP WITHOUT TIME ZONE WHERE iotdevice.id = $2::INTEGER]
[parameters: (datetime.datetime(2026, 5, 19, 14, 27, 29, 38189, tzinfo=datetime.timezone.utc), 1)]
(Background on this error at: https://sqlalche.me/e/20/dbapi)
INFO:     connection closed
INFO:     127.0.0.1:51756 - "WebSocket /api/v1/pos/iot/ws/iot?token=test-token-123" [accepted]
INFO:     connection open
ERROR:pos_core.iot.websocket_handler:❌ Error crítico en sesión IoT 1: (sqlalchemy.dialects.postgresql.asyncpg.Error) <class 'asyncpg.exceptions.DataError'>: invalid input for query argument $1: datetime.datetime(2026, 5, 19, 14, 27, 2... (can't subtract offset-naive and offset-aware datetimes)
[SQL: UPDATE iotdevice SET last_seen=$1::TIMESTAMP WITHOUT TIME ZONE WHERE iotdevice.id = $2::INTEGER]
[parameters: (datetime.datetime(2026, 5, 19, 14, 27, 29, 42436, tzinfo=datetime.timezone.utc), 1)]
(Background on this error at: https://sqlalche.me/e/20/dbapi)
INFO:     connection closed
INFO:     127.0.0.1:51768 - "WebSocket /api/v1/pos/iot/ws/iot?token=test-token-123" [accepted]
INFO:     connection open
ERROR:pos_core.iot.websocket_handler:❌ Error crítico en sesión IoT 1: (sqlalchemy.dialects.postgresql.asyncpg.Error) <class 'asyncpg.exceptions.DataError'>: invalid input for query argument $1: datetime.datetime(2026, 5, 19, 14, 27, 2... (can't subtract offset-naive and offset-aware datetimes)
[SQL: UPDATE iotdevice SET last_seen=$1::TIMESTAMP WITHOUT TIME ZONE WHERE iotdevice.id = $2::INTEGER]
[parameters: (datetime.datetime(2026, 5, 19, 14, 27, 29, 46822, tzinfo=datetime.timezone.utc), 1)]
(Background on this error at: https://sqlalche.me/e/20/dbapi)
INFO:     connection closed
INFO:     127.0.0.1:51776 - "WebSocket /api/v1/pos/iot/ws/iot?token=test-token-123" [accepted]
INFO:     connection open
ERROR:pos_core.iot.websocket_handler:❌ Error crítico en sesión IoT 1: (sqlalchemy.dialects.postgresql.asyncpg.Error) <class 'asyncpg.exceptions.DataError'>: invalid input for query argument $1: datetime.datetime(2026, 5, 19, 14, 27, 2... (can't subtract offset-naive and offset-aware datetimes)
[SQL: UPDATE iotdevice SET last_seen=$1::TIMESTAMP WITHOUT TIME ZONE WHERE iotdevice.id = $2::INTEGER]
[parameters: (datetime.datetime(2026, 5, 19, 14, 27, 29, 51718, tzinfo=datetime.timezone.utc), 1)]
(Background on this error at: https://sqlalche.me/e/20/dbapi)
INFO:     connection closed
INFO:     127.0.0.1:51780 - "WebSocket /api/v1/pos/iot/ws/iot?token=test-token-123" [accepted]
INFO:     connection open
ERROR:pos_core.iot.websocket_handler:❌ Error crítico en sesión IoT 1: (sqlalchemy.dialects.postgresql.asyncpg.Error) <class 'asyncpg.exceptions.DataError'>: invalid input for query argument $1: datetime.datetime(2026, 5, 19, 14, 27, 2... (can't subtract offset-naive and offset-aware datetimes)
[SQL: UPDATE iotdevice SET last_seen=$1::TIMESTAMP WITHOUT TIME ZONE WHERE iotdevice.id = $2::INTEGER]
[parameters: (datetime.datetime(2026, 5, 19, 14, 27, 29, 56118, tzinfo=datetime.timezone.utc), 1)]
(Background on this error at: https://sqlalche.me/e/20/dbapi)
INFO:     connection closed
INFO:     127.0.0.1:51786 - "WebSocket /api/v1/pos/iot/ws/iot?token=test-token-123" [accepted]
INFO:     connection open
ERROR:pos_core.iot.websocket_handler:❌ Error crítico en sesión IoT 1: (sqlalchemy.dialects.postgresql.asyncpg.Error) <class 'asyncpg.exceptions.DataError'>: invalid input for query argument $1: datetime.datetime(2026, 5, 19, 14, 27, 2... (can't subtract offset-naive and offset-aware datetimes)
[SQL: UPDATE iotdevice SET last_seen=$1::TIMESTAMP WITHOUT TIME ZONE WHERE iotdevice.id = $2::INTEGER]
[parameters: (datetime.datetime(2026, 5, 19, 14, 27, 29, 60349, tzinfo=datetime.timezone.utc), 1)]
(Background on this error at: https://sqlalche.me/e/20/dbapi)
INFO:     connection closed
INFO:     127.0.0.1:51796 - "WebSocket /api/v1/pos/iot/ws/iot?token=test-token-123" [accepted]
INFO:     connection open
ERROR:pos_core.iot.websocket_handler:❌ Error crítico en sesión IoT 1: (sqlalchemy.dialects.postgresql.asyncpg.Error) <class 'asyncpg.exceptions.DataError'>: invalid input for query argument $1: datetime.datetime(2026, 5, 19, 14, 27, 2... (can't subtract offset-naive and offset-aware datetimes)
[SQL: UPDATE iotdevice SET last_seen=$1::TIMESTAMP WITHOUT TIME ZONE WHERE iotdevice.id = $2::INTEGER]
[parameters: (datetime.datetime(2026, 5, 19, 14, 27, 29, 66265, tzinfo=datetime.timezone.utc), 1)]
(Background on this error at: https://sqlalche.me/e/20/dbapi)
INFO:     connection closed
INFO:     127.0.0.1:51812 - "WebSocket /api/v1/pos/iot/ws/iot?token=test-token-123" [accepted]
INFO:     connection open
ERROR:pos_core.iot.websocket_handler:❌ Error crítico en sesión IoT 1: (sqlalchemy.dialects.postgresql.asyncpg.Error) <class 'asyncpg.exceptions.DataError'>: invalid input for query argument $1: datetime.datetime(2026, 5, 19, 14, 27, 2... (can't subtract offset-naive and offset-aware datetimes)
[SQL: UPDATE iotdevice SET last_seen=$1::TIMESTAMP WITHOUT TIME ZONE WHERE iotdevice.id = $2::INTEGER]
[parameters: (datetime.datetime(2026, 5, 19, 14, 27, 29, 70765, tzinfo=datetime.timezone.utc), 1)]
(Background on this error at: https://sqlalche.me/e/20/dbapi)
INFO:     connection closed
INFO:     127.0.0.1:51814 - "WebSocket /api/v1/pos/iot/ws/iot?token=test-token-123" [accepted]
INFO:     connection open
ERROR:pos_core.iot.websocket_handler:❌ Error crítico en sesión IoT 1: (sqlalchemy.dialects.postgresql.asyncpg.Error) <class 'asyncpg.exceptions.DataError'>: invalid input for query argument $1: datetime.datetime(2026, 5, 19, 14, 27, 2... (can't subtract offset-naive and offset-aware datetimes)
[SQL: UPDATE iotdevice SET last_seen=$1::TIMESTAMP WITHOUT TIME ZONE WHERE iotdevice.id = $2::INTEGER]
[parameters: (datetime.datetime(2026, 5, 19, 14, 27, 29, 74652, tzinfo=datetime.timezone.utc), 1)]
(Background on this error at: https://sqlalche.me/e/20/dbapi)
INFO:     connection closed
INFO:     127.0.0.1:51828 - "WebSocket /api/v1/pos/iot/ws/iot?token=test-token-123" [accepted]
INFO:     connection open
ERROR:pos_core.iot.websocket_handler:❌ Error crítico en sesión IoT 1: (sqlalchemy.dialects.postgresql.asyncpg.Error) <class 'asyncpg.exceptions.DataError'>: invalid input for query argument $1: datetime.datetime(2026, 5, 19, 14, 27, 2... (can't subtract offset-naive and offset-aware datetimes)
[SQL: UPDATE iotdevice SET last_seen=$1::TIMESTAMP WITHOUT TIME ZONE WHERE iotdevice.id = $2::INTEGER]
[parameters: (datetime.datetime(2026, 5, 19, 14, 27, 29, 78263, tzinfo=datetime.timezone.utc), 1)]
(Background on this error at: https://sqlalche.me/e/20/dbapi)
INFO:     connection closed
INFO:     127.0.0.1:51840 - "WebSocket /api/v1/pos/iot/ws/iot?token=test-token-123" [accepted]
INFO:     connection open
ERROR:pos_core.iot.websocket_handler:❌ Error crítico en sesión IoT 1: (sqlalchemy.dialects.postgresql.asyncpg.Error) <class 'asyncpg.exceptions.DataError'>: invalid input for query argument $1: datetime.datetime(2026, 5, 19, 14, 27, 2... (can't subtract offset-naive and offset-aware datetimes)
[SQL: UPDATE iotdevice SET last_seen=$1::TIMESTAMP WITHOUT TIME ZONE WHERE iotdevice.id = $2::INTEGER]
[parameters: (datetime.datetime(2026, 5, 19, 14, 27, 29, 83013, tzinfo=datetime.timezone.utc), 1)]
(Background on this error at: https://sqlalche.me/e/20/dbapi)
INFO:     connection closed
INFO:     127.0.0.1:51850 - "WebSocket /api/v1/pos/iot/ws/iot?token=test-token-123" [accepted]
INFO:     connection open
ERROR:pos_core.iot.websocket_handler:❌ Error crítico en sesión IoT 1: (sqlalchemy.dialects.postgresql.asyncpg.Error) <class 'asyncpg.exceptions.DataError'>: invalid input for query argument $1: datetime.datetime(2026, 5, 19, 14, 27, 2... (can't subtract offset-naive and offset-aware datetimes)
[SQL: UPDATE iotdevice SET last_seen=$1::TIMESTAMP WITHOUT TIME ZONE WHERE iotdevice.id = $2::INTEGER]
[parameters: (datetime.datetime(2026, 5, 19, 14, 27, 29, 87023, tzinfo=datetime.timezone.utc), 1)]
(Background on this error at: https://sqlalche.me/e/20/dbapi)
INFO:     connection closed
INFO:     127.0.0.1:51866 - "WebSocket /api/v1/pos/iot/ws/iot?token=test-token-123" [accepted]
INFO:     connection open
ERROR:pos_core.iot.websocket_handler:❌ Error crítico en sesión IoT 1: (sqlalchemy.dialects.postgresql.asyncpg.Error) <class 'asyncpg.exceptions.DataError'>: invalid input for query argument $1: datetime.datetime(2026, 5, 19, 14, 27, 2... (can't subtract offset-naive and offset-aware datetimes)
[SQL: UPDATE iotdevice SET last_seen=$1::TIMESTAMP WITHOUT TIME ZONE WHERE iotdevice.id = $2::INTEGER]
[parameters: (datetime.datetime(2026, 5, 19, 14, 27, 29, 90864, tzinfo=datetime.timezone.utc), 1)]
(Background on this error at: https://sqlalche.me/e/20/dbapi)
INFO:     connection closed
INFO:     127.0.0.1:51870 - "WebSocket /api/v1/pos/iot/ws/iot?token=test-token-123" [accepted]
INFO:     connection open
ERROR:pos_core.iot.websocket_handler:❌ Error crítico en sesión IoT 1: (sqlalchemy.dialects.postgresql.asyncpg.Error) <class 'asyncpg.exceptions.DataError'>: invalid input for query argument $1: datetime.datetime(2026, 5, 19, 14, 27, 2... (can't subtract offset-naive and offset-aware datetimes)
[SQL: UPDATE iotdevice SET last_seen=$1::TIMESTAMP WITHOUT TIME ZONE WHERE iotdevice.id = $2::INTEGER]
[parameters: (datetime.datetime(2026, 5, 19, 14, 27, 29, 95502, tzinfo=datetime.timezone.utc), 1)]
(Background on this error at: https://sqlalche.me/e/20/dbapi)
INFO:     connection closed
INFO:     127.0.0.1:51880 - "WebSocket /api/v1/pos/iot/ws/iot?token=test-token-123" [accepted]
INFO:     connection open
ERROR:pos_core.iot.websocket_handler:❌ Error crítico en sesión IoT 1: (sqlalchemy.dialects.postgresql.asyncpg.Error) <class 'asyncpg.exceptions.DataError'>: invalid input for query argument $1: datetime.datetime(2026, 5, 19, 14, 27, 2... (can't subtract offset-naive and offset-aware datetimes)
[SQL: UPDATE iotdevice SET last_seen=$1::TIMESTAMP WITHOUT TIME ZONE WHERE iotdevice.id = $2::INTEGER]
[parameters: (datetime.datetime(2026, 5, 19, 14, 27, 29, 101362, tzinfo=datetime.timezone.utc), 1)]
(Background on this error at: https://sqlalche.me/e/20/dbapi)
INFO:     connection closed
INFO:     127.0.0.1:51884 - "WebSocket /api/v1/pos/iot/ws/iot?token=test-token-123" [accepted]
INFO:     connection open
ERROR:pos_core.iot.websocket_handler:❌ Error crítico en sesión IoT 1: (sqlalchemy.dialects.postgresql.asyncpg.Error) <class 'asyncpg.exceptions.DataError'>: invalid input for query argument $1: datetime.datetime(2026, 5, 19, 14, 27, 2... (can't subtract offset-naive and offset-aware datetimes)
[SQL: UPDATE iotdevice SET last_seen=$1::TIMESTAMP WITHOUT TIME ZONE WHERE iotdevice.id = $2::INTEGER]
[parameters: (datetime.datetime(2026, 5, 19, 14, 27, 29, 106053, tzinfo=datetime.timezone.utc), 1)]
(Background on this error at: https://sqlalche.me/e/20/dbapi)
INFO:     connection closed
INFO:     127.0.0.1:51896 - "WebSocket /api/v1/pos/iot/ws/iot?token=test-token-123" [accepted]
INFO:     connection open
ERROR:pos_core.iot.websocket_handler:❌ Error crítico en sesión IoT 1: (sqlalchemy.dialects.postgresql.asyncpg.Error) <class 'asyncpg.exceptions.DataError'>: invalid input for query argument $1: datetime.datetime(2026, 5, 19, 14, 27, 2... (can't subtract offset-naive and offset-aware datetimes)
[SQL: UPDATE iotdevice SET last_seen=$1::TIMESTAMP WITHOUT TIME ZONE WHERE iotdevice.id = $2::INTEGER]
[parameters: (datetime.datetime(2026, 5, 19, 14, 27, 29, 110372, tzinfo=datetime.timezone.utc), 1)]
(Background on this error at: https://sqlalche.me/e/20/dbapi)
INFO:     connection closed
INFO:     127.0.0.1:51910 - "WebSocket /api/v1/pos/iot/ws/iot?token=test-token-123" [accepted]
INFO:     connection open
ERROR:pos_core.iot.websocket_handler:❌ Error crítico en sesión IoT 1: (sqlalchemy.dialects.postgresql.asyncpg.Error) <class 'asyncpg.exceptions.DataError'>: invalid input for query argument $1: datetime.datetime(2026, 5, 19, 14, 27, 2... (can't subtract offset-naive and offset-aware datetimes)
[SQL: UPDATE iotdevice SET last_seen=$1::TIMESTAMP WITHOUT TIME ZONE WHERE iotdevice.id = $2::INTEGER]
[parameters: (datetime.datetime(2026, 5, 19, 14, 27, 29, 117121, tzinfo=datetime.timezone.utc), 1)]
(Background on this error at: https://sqlalche.me/e/20/dbapi)
INFO:     connection closed
INFO:     127.0.0.1:51914 - "WebSocket /api/v1/pos/iot/ws/iot?token=test-token-123" [accepted]
INFO:     connection open
ERROR:pos_core.iot.websocket_handler:❌ Error crítico en sesión IoT 1: (sqlalchemy.dialects.postgresql.asyncpg.Error) <class 'asyncpg.exceptions.DataError'>: invalid input for query argument $1: datetime.datetime(2026, 5, 19, 14, 27, 2... (can't subtract offset-naive and offset-aware datetimes)
[SQL: UPDATE iotdevice SET last_seen=$1::TIMESTAMP WITHOUT TIME ZONE WHERE iotdevice.id = $2::INTEGER]
[parameters: (datetime.datetime(2026, 5, 19, 14, 27, 29, 128709, tzinfo=datetime.timezone.utc), 1)]
(Background on this error at: https://sqlalche.me/e/20/dbapi)
INFO:     connection closed
INFO:     127.0.0.1:51930 - "WebSocket /api/v1/pos/iot/ws/iot?token=test-token-123" [accepted]
INFO:     connection open
ERROR:pos_core.iot.websocket_handler:❌ Error crítico en sesión IoT 1: (sqlalchemy.dialects.postgresql.asyncpg.Error) <class 'asyncpg.exceptions.DataError'>: invalid input for query argument $1: datetime.datetime(2026, 5, 19, 14, 27, 2... (can't subtract offset-naive and offset-aware datetimes)
[SQL: UPDATE iotdevice SET last_seen=$1::TIMESTAMP WITHOUT TIME ZONE WHERE iotdevice.id = $2::INTEGER]
[parameters: (datetime.datetime(2026, 5, 19, 14, 27, 29, 140100, tzinfo=datetime.timezone.utc), 1)]
(Background on this error at: https://sqlalche.me/e/20/dbapi)
INFO:     connection closed
INFO:     127.0.0.1:51932 - "WebSocket /api/v1/pos/iot/ws/iot?token=test-token-123" [accepted]
INFO:     connection open
ERROR:pos_core.iot.websocket_handler:❌ Error crítico en sesión IoT 1: (sqlalchemy.dialects.postgresql.asyncpg.Error) <class 'asyncpg.exceptions.DataError'>: invalid input for query argument $1: datetime.datetime(2026, 5, 19, 14, 27, 2... (can't subtract offset-naive and offset-aware datetimes)
[SQL: UPDATE iotdevice SET last_seen=$1::TIMESTAMP WITHOUT TIME ZONE WHERE iotdevice.id = $2::INTEGER]
[parameters: (datetime.datetime(2026, 5, 19, 14, 27, 29, 148248, tzinfo=datetime.timezone.utc), 1)]
(Background on this error at: https://sqlalche.me/e/20/dbapi)
INFO:     connection closed
INFO:     127.0.0.1:51938 - "WebSocket /api/v1/pos/iot/ws/iot?token=test-token-123" [accepted]
INFO:     connection open
ERROR:pos_core.iot.websocket_handler:❌ Error crítico en sesión IoT 1: (sqlalchemy.dialects.postgresql.asyncpg.Error) <class 'asyncpg.exceptions.DataError'>: invalid input for query argument $1: datetime.datetime(2026, 5, 19, 14, 27, 2... (can't subtract offset-naive and offset-aware datetimes)
[SQL: UPDATE iotdevice SET last_seen=$1::TIMESTAMP WITHOUT TIME ZONE WHERE iotdevice.id = $2::INTEGER]
[parameters: (datetime.datetime(2026, 5, 19, 14, 27, 29, 159797, tzinfo=datetime.timezone.utc), 1)]
(Background on this error at: https://sqlalche.me/e/20/dbapi)
INFO:     connection closed
INFO:     127.0.0.1:51946 - "WebSocket /api/v1/pos/iot/ws/iot?token=test-token-123" [accepted]
INFO:     connection open
ERROR:pos_core.iot.websocket_handler:❌ Error crítico en sesión IoT 1: (sqlalchemy.dialects.postgresql.asyncpg.Error) <class 'asyncpg.exceptions.DataError'>: invalid input for query argument $1: datetime.datetime(2026, 5, 19, 14, 27, 2... (can't subtract offset-naive and offset-aware datetimes)
[SQL: UPDATE iotdevice SET last_seen=$1::TIMESTAMP WITHOUT TIME ZONE WHERE iotdevice.id = $2::INTEGER]
[parameters: (datetime.datetime(2026, 5, 19, 14, 27, 29, 168333, tzinfo=datetime.timezone.utc), 1)]
(Background on this error at: https://sqlalche.me/e/20/dbapi)
INFO:     connection closed
INFO:     127.0.0.1:51948 - "WebSocket /api/v1/pos/iot/ws/iot?token=test-token-123" [accepted]
INFO:     connection open
ERROR:pos_core.iot.websocket_handler:❌ Error crítico en sesión IoT 1: (sqlalchemy.dialects.postgresql.asyncpg.Error) <class 'asyncpg.exceptions.DataError'>: invalid input for query argument $1: datetime.datetime(2026, 5, 19, 14, 27, 2... (can't subtract offset-naive and offset-aware datetimes)
[SQL: UPDATE iotdevice SET last_seen=$1::TIMESTAMP WITHOUT TIME ZONE WHERE iotdevice.id = $2::INTEGER]
[parameters: (datetime.datetime(2026, 5, 19, 14, 27, 29, 185662, tzinfo=datetime.timezone.utc), 1)]
(Background on this error at: https://sqlalche.me/e/20/dbapi)
INFO:     connection closed
INFO:     127.0.0.1:51954 - "WebSocket /api/v1/pos/iot/ws/iot?token=test-token-123" [accepted]
INFO:     connection open
ERROR:pos_core.iot.websocket_handler:❌ Error crítico en sesión IoT 1: (sqlalchemy.dialects.postgresql.asyncpg.Error) <class 'asyncpg.exceptions.DataError'>: invalid input for query argument $1: datetime.datetime(2026, 5, 19, 14, 27, 2... (can't subtract offset-naive and offset-aware datetimes)
[SQL: UPDATE iotdevice SET last_seen=$1::TIMESTAMP WITHOUT TIME ZONE WHERE iotdevice.id = $2::INTEGER]
[parameters: (datetime.datetime(2026, 5, 19, 14, 27, 29, 197472, tzinfo=datetime.timezone.utc), 1)]
(Background on this error at: https://sqlalche.me/e/20/dbapi)
INFO:     connection closed
INFO:     127.0.0.1:51964 - "WebSocket /api/v1/pos/iot/ws/iot?token=test-token-123" [accepted]
INFO:     connection open
ERROR:pos_core.iot.websocket_handler:❌ Error crítico en sesión IoT 1: (sqlalchemy.dialects.postgresql.asyncpg.Error) <class 'asyncpg.exceptions.DataError'>: invalid input for query argument $1: datetime.datetime(2026, 5, 19, 14, 27, 2... (can't subtract offset-naive and offset-aware datetimes)
[SQL: UPDATE iotdevice SET last_seen=$1::TIMESTAMP WITHOUT TIME ZONE WHERE iotdevice.id = $2::INTEGER]
[parameters: (datetime.datetime(2026, 5, 19, 14, 27, 29, 203708, tzinfo=datetime.timezone.utc), 1)]
(Background on this error at: https://sqlalche.me/e/20/dbapi)
INFO:     connection closed
INFO:     127.0.0.1:51974 - "WebSocket /api/v1/pos/iot/ws/iot?token=test-token-123" [accepted]
INFO:     connection open
ERROR:pos_core.iot.websocket_handler:❌ Error crítico en sesión IoT 1: (sqlalchemy.dialects.postgresql.asyncpg.Error) <class 'asyncpg.exceptions.DataError'>: invalid input for query argument $1: datetime.datetime(2026, 5, 19, 14, 27, 2... (can't subtract offset-naive and offset-aware datetimes)
[SQL: UPDATE iotdevice SET last_seen=$1::TIMESTAMP WITHOUT TIME ZONE WHERE iotdevice.id = $2::INTEGER]
[parameters: (datetime.datetime(2026, 5, 19, 14, 27, 29, 208602, tzinfo=datetime.timezone.utc), 1)]
(Background on this error at: https://sqlalche.me/e/20/dbapi)
INFO:     connection closed
INFO:     127.0.0.1:51982 - "WebSocket /api/v1/pos/iot/ws/iot?token=test-token-123" [accepted]
INFO:     connection open
ERROR:pos_core.iot.websocket_handler:❌ Error crítico en sesión IoT 1: (sqlalchemy.dialects.postgresql.asyncpg.Error) <class 'asyncpg.exceptions.DataError'>: invalid input for query argument $1: datetime.datetime(2026, 5, 19, 14, 27, 2... (can't subtract offset-naive and offset-aware datetimes)
[SQL: UPDATE iotdevice SET last_seen=$1::TIMESTAMP WITHOUT TIME ZONE WHERE iotdevice.id = $2::INTEGER]
[parameters: (datetime.datetime(2026, 5, 19, 14, 27, 29, 214141, tzinfo=datetime.timezone.utc), 1)]
(Background on this error at: https://sqlalche.me/e/20/dbapi)
INFO:     connection closed
INFO:     127.0.0.1:51998 - "WebSocket /api/v1/pos/iot/ws/iot?token=test-token-123" [accepted]
INFO:     connection open
ERROR:pos_core.iot.websocket_handler:❌ Error crítico en sesión IoT 1: (sqlalchemy.dialects.postgresql.asyncpg.Error) <class 'asyncpg.exceptions.DataError'>: invalid input for query argument $1: datetime.datetime(2026, 5, 19, 14, 27, 2... (can't subtract offset-naive and offset-aware datetimes)
[SQL: UPDATE iotdevice SET last_seen=$1::TIMESTAMP WITHOUT TIME ZONE WHERE iotdevice.id = $2::INTEGER]
[parameters: (datetime.datetime(2026, 5, 19, 14, 27, 29, 219939, tzinfo=datetime.timezone.utc), 1)]
(Background on this error at: https://sqlalche.me/e/20/dbapi)
INFO:     connection closed
INFO:     127.0.0.1:52010 - "WebSocket /api/v1/pos/iot/ws/iot?token=test-token-123" [accepted]
INFO:     connection open
ERROR:pos_core.iot.websocket_handler:❌ Error crítico en sesión IoT 1: (sqlalchemy.dialects.postgresql.asyncpg.Error) <class 'asyncpg.exceptions.DataError'>: invalid input for query argument $1: datetime.datetime(2026, 5, 19, 14, 27, 2... (can't subtract offset-naive and offset-aware datetimes)
[SQL: UPDATE iotdevice SET last_seen=$1::TIMESTAMP WITHOUT TIME ZONE WHERE iotdevice.id = $2::INTEGER]
[parameters: (datetime.datetime(2026, 5, 19, 14, 27, 29, 225216, tzinfo=datetime.timezone.utc), 1)]
(Background on this error at: https://sqlalche.me/e/20/dbapi)
INFO:     connection closed
INFO:     127.0.0.1:52018 - "WebSocket /api/v1/pos/iot/ws/iot?token=test-token-123" [accepted]
INFO:     connection open
ERROR:pos_core.iot.websocket_handler:❌ Error crítico en sesión IoT 1: (sqlalchemy.dialects.postgresql.asyncpg.Error) <class 'asyncpg.exceptions.DataError'>: invalid input for query argument $1: datetime.datetime(2026, 5, 19, 14, 27, 2... (can't subtract offset-naive and offset-aware datetimes)
[SQL: UPDATE iotdevice SET last_seen=$1::TIMESTAMP WITHOUT TIME ZONE WHERE iotdevice.id = $2::INTEGER]
[parameters: (datetime.datetime(2026, 5, 19, 14, 27, 29, 231870, tzinfo=datetime.timezone.utc), 1)]
(Background on this error at: https://sqlalche.me/e/20/dbapi)
INFO:     connection closed
INFO:     127.0.0.1:52028 - "WebSocket /api/v1/pos/iot/ws/iot?token=test-token-123" [accepted]
INFO:     connection open
ERROR:pos_core.iot.websocket_handler:❌ Error crítico en sesión IoT 1: (sqlalchemy.dialects.postgresql.asyncpg.Error) <class 'asyncpg.exceptions.DataError'>: invalid input for query argument $1: datetime.datetime(2026, 5, 19, 14, 27, 2... (can't subtract offset-naive and offset-aware datetimes)
[SQL: UPDATE iotdevice SET last_seen=$1::TIMESTAMP WITHOUT TIME ZONE WHERE iotdevice.id = $2::INTEGER]
[parameters: (datetime.datetime(2026, 5, 19, 14, 27, 29, 239674, tzinfo=datetime.timezone.utc), 1)]
(Background on this error at: https://sqlalche.me/e/20/dbapi)
INFO:     connection closed
INFO:     127.0.0.1:52040 - "WebSocket /api/v1/pos/iot/ws/iot?token=test-token-123" [accepted]
INFO:     connection open
ERROR:pos_core.iot.websocket_handler:❌ Error crítico en sesión IoT 1: (sqlalchemy.dialects.postgresql.asyncpg.Error) <class 'asyncpg.exceptions.DataError'>: invalid input for query argument $1: datetime.datetime(2026, 5, 19, 14, 27, 2... (can't subtract offset-naive and offset-aware datetimes)
[SQL: UPDATE iotdevice SET last_seen=$1::TIMESTAMP WITHOUT TIME ZONE WHERE iotdevice.id = $2::INTEGER]
[parameters: (datetime.datetime(2026, 5, 19, 14, 27, 29, 248006, tzinfo=datetime.timezone.utc), 1)]
(Background on this error at: https://sqlalche.me/e/20/dbapi)
INFO:     connection closed
INFO:     127.0.0.1:52042 - "WebSocket /api/v1/pos/iot/ws/iot?token=test-token-123" [accepted]
INFO:     connection open
ERROR:pos_core.iot.websocket_handler:❌ Error crítico en sesión IoT 1: (sqlalchemy.dialects.postgresql.asyncpg.Error) <class 'asyncpg.exceptions.DataError'>: invalid input for query argument $1: datetime.datetime(2026, 5, 19, 14, 27, 2... (can't subtract offset-naive and offset-aware datetimes)
[SQL: UPDATE iotdevice SET last_seen=$1::TIMESTAMP WITHOUT TIME ZONE WHERE iotdevice.id = $2::INTEGER]
[parameters: (datetime.datetime(2026, 5, 19, 14, 27, 29, 262756, tzinfo=datetime.timezone.utc), 1)]
(Background on this error at: https://sqlalche.me/e/20/dbapi)
INFO:     connection closed
INFO:     127.0.0.1:52054 - "WebSocket /api/v1/pos/iot/ws/iot?token=test-token-123" [accepted]
INFO:     connection open
ERROR:pos_core.iot.websocket_handler:❌ Error crítico en sesión IoT 1: (sqlalchemy.dialects.postgresql.asyncpg.Error) <class 'asyncpg.exceptions.DataError'>: invalid input for query argument $1: datetime.datetime(2026, 5, 19, 14, 27, 2... (can't subtract offset-naive and offset-aware datetimes)
[SQL: UPDATE iotdevice SET last_seen=$1::TIMESTAMP WITHOUT TIME ZONE WHERE iotdevice.id = $2::INTEGER]
[parameters: (datetime.datetime(2026, 5, 19, 14, 27, 29, 272316, tzinfo=datetime.timezone.utc), 1)]
(Background on this error at: https://sqlalche.me/e/20/dbapi)
INFO:     connection closed
INFO:     127.0.0.1:52062 - "WebSocket /api/v1/pos/iot/ws/iot?token=test-token-123" [accepted]
INFO:     connection open
ERROR:pos_core.iot.websocket_handler:❌ Error crítico en sesión IoT 1: (sqlalchemy.dialects.postgresql.asyncpg.Error) <class 'asyncpg.exceptions.DataError'>: invalid input for query argument $1: datetime.datetime(2026, 5, 19, 14, 27, 2... (can't subtract offset-naive and offset-aware datetimes)
[SQL: UPDATE iotdevice SET last_seen=$1::TIMESTAMP WITHOUT TIME ZONE WHERE iotdevice.id = $2::INTEGER]
[parameters: (datetime.datetime(2026, 5, 19, 14, 27, 29, 277903, tzinfo=datetime.timezone.utc), 1)]
(Background on this error at: https://sqlalche.me/e/20/dbapi)
INFO:     connection closed
INFO:     127.0.0.1:52076 - "WebSocket /api/v1/pos/iot/ws/iot?token=test-token-123" [accepted]
INFO:     connection open
ERROR:pos_core.iot.websocket_handler:❌ Error crítico en sesión IoT 1: (sqlalchemy.dialects.postgresql.asyncpg.Error) <class 'asyncpg.exceptions.DataError'>: invalid input for query argument $1: datetime.datetime(2026, 5, 19, 14, 27, 2... (can't subtract offset-naive and offset-aware datetimes)
[SQL: UPDATE iotdevice SET last_seen=$1::TIMESTAMP WITHOUT TIME ZONE WHERE iotdevice.id = $2::INTEGER]
[parameters: (datetime.datetime(2026, 5, 19, 14, 27, 29, 284406, tzinfo=datetime.timezone.utc), 1)]
(Background on this error at: https://sqlalche.me/e/20/dbapi)
INFO:     connection closed
INFO:     127.0.0.1:52088 - "WebSocket /api/v1/pos/iot/ws/iot?token=test-token-123" [accepted]
INFO:     connection open
ERROR:pos_core.iot.websocket_handler:❌ Error crítico en sesión IoT 1: (sqlalchemy.dialects.postgresql.asyncpg.Error) <class 'asyncpg.exceptions.DataError'>: invalid input for query argument $1: datetime.datetime(2026, 5, 19, 14, 27, 2... (can't subtract offset-naive and offset-aware datetimes)
[SQL: UPDATE iotdevice SET last_seen=$1::TIMESTAMP WITHOUT TIME ZONE WHERE iotdevice.id = $2::INTEGER]
[parameters: (datetime.datetime(2026, 5, 19, 14, 27, 29, 290262, tzinfo=datetime.timezone.utc), 1)]
(Background on this error at: https://sqlalche.me/e/20/dbapi)
INFO:     connection closed
INFO:     127.0.0.1:52090 - "WebSocket /api/v1/pos/iot/ws/iot?token=test-token-123" [accepted]
INFO:     connection open
ERROR:pos_core.iot.websocket_handler:❌ Error crítico en sesión IoT 1: (sqlalchemy.dialects.postgresql.asyncpg.Error) <class 'asyncpg.exceptions.DataError'>: invalid input for query argument $1: datetime.datetime(2026, 5, 19, 14, 27, 2... (can't subtract offset-naive and offset-aware datetimes)
[SQL: UPDATE iotdevice SET last_seen=$1::TIMESTAMP WITHOUT TIME ZONE WHERE iotdevice.id = $2::INTEGER]
[parameters: (datetime.datetime(2026, 5, 19, 14, 27, 29, 296034, tzinfo=datetime.timezone.utc), 1)]
(Background on this error at: https://sqlalche.me/e/20/dbapi)
INFO:     connection closed
INFO:     127.0.0.1:52098 - "WebSocket /api/v1/pos/iot/ws/iot?token=test-token-123" [accepted]
INFO:     connection open
ERROR:pos_core.iot.websocket_handler:❌ Error crítico en sesión IoT 1: (sqlalchemy.dialects.postgresql.asyncpg.Error) <class 'asyncpg.exceptions.DataError'>: invalid input for query argument $1: datetime.datetime(2026, 5, 19, 14, 27, 2... (can't subtract offset-naive and offset-aware datetimes)
[SQL: UPDATE iotdevice SET last_seen=$1::TIMESTAMP WITHOUT TIME ZONE WHERE iotdevice.id = $2::INTEGER]
[parameters: (datetime.datetime(2026, 5, 19, 14, 27, 29, 302291, tzinfo=datetime.timezone.utc), 1)]
(Background on this error at: https://sqlalche.me/e/20/dbapi)
INFO:     connection closed
INFO:     127.0.0.1:52106 - "WebSocket /api/v1/pos/iot/ws/iot?token=test-token-123" [accepted]
INFO:     connection open
ERROR:pos_core.iot.websocket_handler:❌ Error crítico en sesión IoT 1: (sqlalchemy.dialects.postgresql.asyncpg.Error) <class 'asyncpg.exceptions.DataError'>: invalid input for query argument $1: datetime.datetime(2026, 5, 19, 14, 27, 2... (can't subtract offset-naive and offset-aware datetimes)
[SQL: UPDATE iotdevice SET last_seen=$1::TIMESTAMP WITHOUT TIME ZONE WHERE iotdevice.id = $2::INTEGER]
[parameters: (datetime.datetime(2026, 5, 19, 14, 27, 29, 307784, tzinfo=datetime.timezone.utc), 1)]
(Background on this error at: https://sqlalche.me/e/20/dbapi)
INFO:     connection closed
INFO:     127.0.0.1:52120 - "WebSocket /api/v1/pos/iot/ws/iot?token=test-token-123" [accepted]
INFO:     connection open
ERROR:pos_core.iot.websocket_handler:❌ Error crítico en sesión IoT 1: (sqlalchemy.dialects.postgresql.asyncpg.Error) <class 'asyncpg.exceptions.DataError'>: invalid input for query argument $1: datetime.datetime(2026, 5, 19, 14, 27, 2... (can't subtract offset-naive and offset-aware datetimes)
[SQL: UPDATE iotdevice SET last_seen=$1::TIMESTAMP WITHOUT TIME ZONE WHERE iotdevice.id = $2::INTEGER]
[parameters: (datetime.datetime(2026, 5, 19, 14, 27, 29, 314141, tzinfo=datetime.timezone.utc), 1)]
(Background on this error at: https://sqlalche.me/e/20/dbapi)
INFO:     connection closed
INFO:     127.0.0.1:52128 - "WebSocket /api/v1/pos/iot/ws/iot?token=test-token-123" [accepted]
INFO:     connection open
ERROR:pos_core.iot.websocket_handler:❌ Error crítico en sesión IoT 1: (sqlalchemy.dialects.postgresql.asyncpg.Error) <class 'asyncpg.exceptions.DataError'>: invalid input for query argument $1: datetime.datetime(2026, 5, 19, 14, 27, 2... (can't subtract offset-naive and offset-aware datetimes)
[SQL: UPDATE iotdevice SET last_seen=$1::TIMESTAMP WITHOUT TIME ZONE WHERE iotdevice.id = $2::INTEGER]
[parameters: (datetime.datetime(2026, 5, 19, 14, 27, 29, 320410, tzinfo=datetime.timezone.utc), 1)]
(Background on this error at: https://sqlalche.me/e/20/dbapi)
INFO:     connection closed
INFO:     127.0.0.1:52136 - "WebSocket /api/v1/pos/iot/ws/iot?token=test-token-123" [accepted]
INFO:     connection open
ERROR:pos_core.iot.websocket_handler:❌ Error crítico en sesión IoT 1: (sqlalchemy.dialects.postgresql.asyncpg.Error) <class 'asyncpg.exceptions.DataError'>: invalid input for query argument $1: datetime.datetime(2026, 5, 19, 14, 27, 2... (can't subtract offset-naive and offset-aware datetimes)
[SQL: UPDATE iotdevice SET last_seen=$1::TIMESTAMP WITHOUT TIME ZONE WHERE iotdevice.id = $2::INTEGER]
[parameters: (datetime.datetime(2026, 5, 19, 14, 27, 29, 326511, tzinfo=datetime.timezone.utc), 1)]
(Background on this error at: https://sqlalche.me/e/20/dbapi)
INFO:     connection closed
INFO:     127.0.0.1:52144 - "WebSocket /api/v1/pos/iot/ws/iot?token=test-token-123" [accepted]
INFO:     connection open
ERROR:pos_core.iot.websocket_handler:❌ Error crítico en sesión IoT 1: (sqlalchemy.dialects.postgresql.asyncpg.Error) <class 'asyncpg.exceptions.DataError'>: invalid input for query argument $1: datetime.datetime(2026, 5, 19, 14, 27, 2... (can't subtract offset-naive and offset-aware datetimes)
[SQL: UPDATE iotdevice SET last_seen=$1::TIMESTAMP WITHOUT TIME ZONE WHERE iotdevice.id = $2::INTEGER]
[parameters: (datetime.datetime(2026, 5, 19, 14, 27, 29, 332218, tzinfo=datetime.timezone.utc), 1)]
(Background on this error at: https://sqlalche.me/e/20/dbapi)
INFO:     connection closed
INFO:     127.0.0.1:52146 - "WebSocket /api/v1/pos/iot/ws/iot?token=test-token-123" [accepted]
INFO:     connection open
ERROR:pos_core.iot.websocket_handler:❌ Error crítico en sesión IoT 1: (sqlalchemy.dialects.postgresql.asyncpg.Error) <class 'asyncpg.exceptions.DataError'>: invalid input for query argument $1: datetime.datetime(2026, 5, 19, 14, 27, 2... (can't subtract offset-naive and offset-aware datetimes)
[SQL: UPDATE iotdevice SET last_seen=$1::TIMESTAMP WITHOUT TIME ZONE WHERE iotdevice.id = $2::INTEGER]
[parameters: (datetime.datetime(2026, 5, 19, 14, 27, 29, 336841, tzinfo=datetime.timezone.utc), 1)]
(Background on this error at: https://sqlalche.me/e/20/dbapi)
INFO:     connection closed
INFO:     127.0.0.1:52152 - "WebSocket /api/v1/pos/iot/ws/iot?token=test-token-123" [accepted]
INFO:     connection open
ERROR:pos_core.iot.websocket_handler:❌ Error crítico en sesión IoT 1: (sqlalchemy.dialects.postgresql.asyncpg.Error) <class 'asyncpg.exceptions.DataError'>: invalid input for query argument $1: datetime.datetime(2026, 5, 19, 14, 27, 2... (can't subtract offset-naive and offset-aware datetimes)
[SQL: UPDATE iotdevice SET last_seen=$1::TIMESTAMP WITHOUT TIME ZONE WHERE iotdevice.id = $2::INTEGER]
[parameters: (datetime.datetime(2026, 5, 19, 14, 27, 29, 341273, tzinfo=datetime.timezone.utc), 1)]
(Background on this error at: https://sqlalche.me/e/20/dbapi)
INFO:     connection closed
INFO:     127.0.0.1:52166 - "WebSocket /api/v1/pos/iot/ws/iot?token=test-token-123" [accepted]
INFO:     connection open
ERROR:pos_core.iot.websocket_handler:❌ Error crítico en sesión IoT 1: (sqlalchemy.dialects.postgresql.asyncpg.Error) <class 'asyncpg.exceptions.DataError'>: invalid input for query argument $1: datetime.datetime(2026, 5, 19, 14, 27, 2... (can't subtract offset-naive and offset-aware datetimes)
[SQL: UPDATE iotdevice SET last_seen=$1::TIMESTAMP WITHOUT TIME ZONE WHERE iotdevice.id = $2::INTEGER]
[parameters: (datetime.datetime(2026, 5, 19, 14, 27, 29, 346400, tzinfo=datetime.timezone.utc), 1)]
(Background on this error at: https://sqlalche.me/e/20/dbapi)
INFO:     connection closed
INFO:     127.0.0.1:52178 - "WebSocket /api/v1/pos/iot/ws/iot?token=test-token-123" [accepted]
INFO:     connection open
ERROR:pos_core.iot.websocket_handler:❌ Error crítico en sesión IoT 1: (sqlalchemy.dialects.postgresql.asyncpg.Error) <class 'asyncpg.exceptions.DataError'>: invalid input for query argument $1: datetime.datetime(2026, 5, 19, 14, 27, 2... (can't subtract offset-naive and offset-aware datetimes)
[SQL: UPDATE iotdevice SET last_seen=$1::TIMESTAMP WITHOUT TIME ZONE WHERE iotdevice.id = $2::INTEGER]
[parameters: (datetime.datetime(2026, 5, 19, 14, 27, 29, 352014, tzinfo=datetime.timezone.utc), 1)]
(Background on this error at: https://sqlalche.me/e/20/dbapi)
INFO:     connection closed
INFO:     127.0.0.1:52194 - "WebSocket /api/v1/pos/iot/ws/iot?token=test-token-123" [accepted]
INFO:     connection open
ERROR:pos_core.iot.websocket_handler:❌ Error crítico en sesión IoT 1: (sqlalchemy.dialects.postgresql.asyncpg.Error) <class 'asyncpg.exceptions.DataError'>: invalid input for query argument $1: datetime.datetime(2026, 5, 19, 14, 27, 2... (can't subtract offset-naive and offset-aware datetimes)
[SQL: UPDATE iotdevice SET last_seen=$1::TIMESTAMP WITHOUT TIME ZONE WHERE iotdevice.id = $2::INTEGER]
[parameters: (datetime.datetime(2026, 5, 19, 14, 27, 29, 356821, tzinfo=datetime.timezone.utc), 1)]
(Background on this error at: https://sqlalche.me/e/20/dbapi)
INFO:     connection closed
INFO:     127.0.0.1:52210 - "WebSocket /api/v1/pos/iot/ws/iot?token=test-token-123" [accepted]
INFO:     connection open
ERROR:pos_core.iot.websocket_handler:❌ Error crítico en sesión IoT 1: (sqlalchemy.dialects.postgresql.asyncpg.Error) <class 'asyncpg.exceptions.DataError'>: invalid input for query argument $1: datetime.datetime(2026, 5, 19, 14, 27, 2... (can't subtract offset-naive and offset-aware datetimes)
[SQL: UPDATE iotdevice SET last_seen=$1::TIMESTAMP WITHOUT TIME ZONE WHERE iotdevice.id = $2::INTEGER]
[parameters: (datetime.datetime(2026, 5, 19, 14, 27, 29, 361531, tzinfo=datetime.timezone.utc), 1)]
(Background on this error at: https://sqlalche.me/e/20/dbapi)
INFO:     connection closed
INFO:     127.0.0.1:52214 - "WebSocket /api/v1/pos/iot/ws/iot?token=test-token-123" [accepted]
INFO:     connection open
ERROR:pos_core.iot.websocket_handler:❌ Error crítico en sesión IoT 1: (sqlalchemy.dialects.postgresql.asyncpg.Error) <class 'asyncpg.exceptions.DataError'>: invalid input for query argument $1: datetime.datetime(2026, 5, 19, 14, 27, 2... (can't subtract offset-naive and offset-aware datetimes)
[SQL: UPDATE iotdevice SET last_seen=$1::TIMESTAMP WITHOUT TIME ZONE WHERE iotdevice.id = $2::INTEGER]
[parameters: (datetime.datetime(2026, 5, 19, 14, 27, 29, 400942, tzinfo=datetime.timezone.utc), 1)]
(Background on this error at: https://sqlalche.me/e/20/dbapi)
INFO:     connection closed
INFO:     127.0.0.1:52220 - "WebSocket /api/v1/pos/iot/ws/iot?token=test-token-123" [accepted]
INFO:     connection open
ERROR:pos_core.iot.websocket_handler:❌ Error crítico en sesión IoT 1: (sqlalchemy.dialects.postgresql.asyncpg.Error) <class 'asyncpg.exceptions.DataError'>: invalid input for query argument $1: datetime.datetime(2026, 5, 19, 14, 27, 2... (can't subtract offset-naive and offset-aware datetimes)
[SQL: UPDATE iotdevice SET last_seen=$1::TIMESTAMP WITHOUT TIME ZONE WHERE iotdevice.id = $2::INTEGER]
[parameters: (datetime.datetime(2026, 5, 19, 14, 27, 29, 406062, tzinfo=datetime.timezone.utc), 1)]
(Background on this error at: https://sqlalche.me/e/20/dbapi)
INFO:     connection closed
INFO:     127.0.0.1:52228 - "WebSocket /api/v1/pos/iot/ws/iot?token=test-token-123" [accepted]
INFO:     connection open
ERROR:pos_core.iot.websocket_handler:❌ Error crítico en sesión IoT 1: (sqlalchemy.dialects.postgresql.asyncpg.Error) <class 'asyncpg.exceptions.DataError'>: invalid input for query argument $1: datetime.datetime(2026, 5, 19, 14, 27, 2... (can't subtract offset-naive and offset-aware datetimes)
[SQL: UPDATE iotdevice SET last_seen=$1::TIMESTAMP WITHOUT TIME ZONE WHERE iotdevice.id = $2::INTEGER]
[parameters: (datetime.datetime(2026, 5, 19, 14, 27, 29, 411510, tzinfo=datetime.timezone.utc), 1)]
(Background on this error at: https://sqlalche.me/e/20/dbapi)
INFO:     connection closed
INFO:     127.0.0.1:52232 - "WebSocket /api/v1/pos/iot/ws/iot?token=test-token-123" [accepted]
INFO:     connection open
ERROR:pos_core.iot.websocket_handler:❌ Error crítico en sesión IoT 1: (sqlalchemy.dialects.postgresql.asyncpg.Error) <class 'asyncpg.exceptions.DataError'>: invalid input for query argument $1: datetime.datetime(2026, 5, 19, 14, 27, 2... (can't subtract offset-naive and offset-aware datetimes)
[SQL: UPDATE iotdevice SET last_seen=$1::TIMESTAMP WITHOUT TIME ZONE WHERE iotdevice.id = $2::INTEGER]
[parameters: (datetime.datetime(2026, 5, 19, 14, 27, 29, 417483, tzinfo=datetime.timezone.utc), 1)]
(Background on this error at: https://sqlalche.me/e/20/dbapi)
INFO:     connection closed
INFO:     127.0.0.1:52236 - "WebSocket /api/v1/pos/iot/ws/iot?token=test-token-123" [accepted]
INFO:     connection open
ERROR:pos_core.iot.websocket_handler:❌ Error crítico en sesión IoT 1: (sqlalchemy.dialects.postgresql.asyncpg.Error) <class 'asyncpg.exceptions.DataError'>: invalid input for query argument $1: datetime.datetime(2026, 5, 19, 14, 27, 2... (can't subtract offset-naive and offset-aware datetimes)
[SQL: UPDATE iotdevice SET last_seen=$1::TIMESTAMP WITHOUT TIME ZONE WHERE iotdevice.id = $2::INTEGER]
[parameters: (datetime.datetime(2026, 5, 19, 14, 27, 29, 421974, tzinfo=datetime.timezone.utc), 1)]
(Background on this error at: https://sqlalche.me/e/20/dbapi)
INFO:     connection closed
INFO:     127.0.0.1:52240 - "WebSocket /api/v1/pos/iot/ws/iot?token=test-token-123" [accepted]
INFO:     connection open
ERROR:pos_core.iot.websocket_handler:❌ Error crítico en sesión IoT 1: (sqlalchemy.dialects.postgresql.asyncpg.Error) <class 'asyncpg.exceptions.DataError'>: invalid input for query argument $1: datetime.datetime(2026, 5, 19, 14, 27, 2... (can't subtract offset-naive and offset-aware datetimes)
[SQL: UPDATE iotdevice SET last_seen=$1::TIMESTAMP WITHOUT TIME ZONE WHERE iotdevice.id = $2::INTEGER]
[parameters: (datetime.datetime(2026, 5, 19, 14, 27, 29, 425912, tzinfo=datetime.timezone.utc), 1)]
(Background on this error at: https://sqlalche.me/e/20/dbapi)
INFO:     connection closed
INFO:     127.0.0.1:52246 - "WebSocket /api/v1/pos/iot/ws/iot?token=test-token-123" [accepted]
INFO:     connection open
ERROR:pos_core.iot.websocket_handler:❌ Error crítico en sesión IoT 1: (sqlalchemy.dialects.postgresql.asyncpg.Error) <class 'asyncpg.exceptions.DataError'>: invalid input for query argument $1: datetime.datetime(2026, 5, 19, 14, 27, 2... (can't subtract offset-naive and offset-aware datetimes)
[SQL: UPDATE iotdevice SET last_seen=$1::TIMESTAMP WITHOUT TIME ZONE WHERE iotdevice.id = $2::INTEGER]
[parameters: (datetime.datetime(2026, 5, 19, 14, 27, 29, 430030, tzinfo=datetime.timezone.utc), 1)]
(Background on this error at: https://sqlalche.me/e/20/dbapi)
INFO:     connection closed
INFO:     127.0.0.1:52250 - "WebSocket /api/v1/pos/iot/ws/iot?token=test-token-123" [accepted]
INFO:     connection open
ERROR:pos_core.iot.websocket_handler:❌ Error crítico en sesión IoT 1: (sqlalchemy.dialects.postgresql.asyncpg.Error) <class 'asyncpg.exceptions.DataError'>: invalid input for query argument $1: datetime.datetime(2026, 5, 19, 14, 27, 2... (can't subtract offset-naive and offset-aware datetimes)
[SQL: UPDATE iotdevice SET last_seen=$1::TIMESTAMP WITHOUT TIME ZONE WHERE iotdevice.id = $2::INTEGER]
[parameters: (datetime.datetime(2026, 5, 19, 14, 27, 29, 435167, tzinfo=datetime.timezone.utc), 1)]
(Background on this error at: https://sqlalche.me/e/20/dbapi)
INFO:     connection closed
INFO:     127.0.0.1:52254 - "WebSocket /api/v1/pos/iot/ws/iot?token=test-token-123" [accepted]
INFO:     connection open
ERROR:pos_core.iot.websocket_handler:❌ Error crítico en sesión IoT 1: (sqlalchemy.dialects.postgresql.asyncpg.Error) <class 'asyncpg.exceptions.DataError'>: invalid input for query argument $1: datetime.datetime(2026, 5, 19, 14, 27, 2... (can't subtract offset-naive and offset-aware datetimes)
[SQL: UPDATE iotdevice SET last_seen=$1::TIMESTAMP WITHOUT TIME ZONE WHERE iotdevice.id = $2::INTEGER]
[parameters: (datetime.datetime(2026, 5, 19, 14, 27, 29, 439625, tzinfo=datetime.timezone.utc), 1)]
(Background on this error at: https://sqlalche.me/e/20/dbapi)
INFO:     connection closed
INFO:     127.0.0.1:52262 - "WebSocket /api/v1/pos/iot/ws/iot?token=test-token-123" [accepted]
INFO:     connection open
ERROR:pos_core.iot.websocket_handler:❌ Error crítico en sesión IoT 1: (sqlalchemy.dialects.postgresql.asyncpg.Error) <class 'asyncpg.exceptions.DataError'>: invalid input for query argument $1: datetime.datetime(2026, 5, 19, 14, 27, 2... (can't subtract offset-naive and offset-aware datetimes)
[SQL: UPDATE iotdevice SET last_seen=$1::TIMESTAMP WITHOUT TIME ZONE WHERE iotdevice.id = $2::INTEGER]
[parameters: (datetime.datetime(2026, 5, 19, 14, 27, 29, 443965, tzinfo=datetime.timezone.utc), 1)]
(Background on this error at: https://sqlalche.me/e/20/dbapi)
INFO:     connection closed
INFO:     127.0.0.1:52274 - "WebSocket /api/v1/pos/iot/ws/iot?token=test-token-123" [accepted]
INFO:     connection open
ERROR:pos_core.iot.websocket_handler:❌ Error crítico en sesión IoT 1: (sqlalchemy.dialects.postgresql.asyncpg.Error) <class 'asyncpg.exceptions.DataError'>: invalid input for query argument $1: datetime.datetime(2026, 5, 19, 14, 27, 2... (can't subtract offset-naive and offset-aware datetimes)
[SQL: UPDATE iotdevice SET last_seen=$1::TIMESTAMP WITHOUT TIME ZONE WHERE iotdevice.id = $2::INTEGER]
[parameters: (datetime.datetime(2026, 5, 19, 14, 27, 29, 450202, tzinfo=datetime.timezone.utc), 1)]
(Background on this error at: https://sqlalche.me/e/20/dbapi)
INFO:     connection closed
INFO:     127.0.0.1:52286 - "WebSocket /api/v1/pos/iot/ws/iot?token=test-token-123" [accepted]
INFO:     connection open
ERROR:pos_core.iot.websocket_handler:❌ Error crítico en sesión IoT 1: (sqlalchemy.dialects.postgresql.asyncpg.Error) <class 'asyncpg.exceptions.DataError'>: invalid input for query argument $1: datetime.datetime(2026, 5, 19, 14, 27, 2... (can't subtract offset-naive and offset-aware datetimes)
[SQL: UPDATE iotdevice SET last_seen=$1::TIMESTAMP WITHOUT TIME ZONE WHERE iotdevice.id = $2::INTEGER]
[parameters: (datetime.datetime(2026, 5, 19, 14, 27, 29, 455552, tzinfo=datetime.timezone.utc), 1)]
(Background on this error at: https://sqlalche.me/e/20/dbapi)
INFO:     connection closed
INFO:     127.0.0.1:52298 - "WebSocket /api/v1/pos/iot/ws/iot?token=test-token-123" [accepted]
INFO:     connection open
ERROR:pos_core.iot.websocket_handler:❌ Error crítico en sesión IoT 1: (sqlalchemy.dialects.postgresql.asyncpg.Error) <class 'asyncpg.exceptions.DataError'>: invalid input for query argument $1: datetime.datetime(2026, 5, 19, 14, 27, 2... (can't subtract offset-naive and offset-aware datetimes)
[SQL: UPDATE iotdevice SET last_seen=$1::TIMESTAMP WITHOUT TIME ZONE WHERE iotdevice.id = $2::INTEGER]
[parameters: (datetime.datetime(2026, 5, 19, 14, 27, 29, 460033, tzinfo=datetime.timezone.utc), 1)]
(Background on this error at: https://sqlalche.me/e/20/dbapi)
INFO:     connection closed
INFO:     127.0.0.1:52306 - "WebSocket /api/v1/pos/iot/ws/iot?token=test-token-123" [accepted]
INFO:     connection open
ERROR:pos_core.iot.websocket_handler:❌ Error crítico en sesión IoT 1: (sqlalchemy.dialects.postgresql.asyncpg.Error) <class 'asyncpg.exceptions.DataError'>: invalid input for query argument $1: datetime.datetime(2026, 5, 19, 14, 27, 2... (can't subtract offset-naive and offset-aware datetimes)
[SQL: UPDATE iotdevice SET last_seen=$1::TIMESTAMP WITHOUT TIME ZONE WHERE iotdevice.id = $2::INTEGER]
[parameters: (datetime.datetime(2026, 5, 19, 14, 27, 29, 466067, tzinfo=datetime.timezone.utc), 1)]
(Background on this error at: https://sqlalche.me/e/20/dbapi)
INFO:     connection closed
INFO:     127.0.0.1:52312 - "WebSocket /api/v1/pos/iot/ws/iot?token=test-token-123" [accepted]
INFO:     connection open
ERROR:pos_core.iot.websocket_handler:❌ Error crítico en sesión IoT 1: (sqlalchemy.dialects.postgresql.asyncpg.Error) <class 'asyncpg.exceptions.DataError'>: invalid input for query argument $1: datetime.datetime(2026, 5, 19, 14, 27, 2... (can't subtract offset-naive and offset-aware datetimes)
[SQL: UPDATE iotdevice SET last_seen=$1::TIMESTAMP WITHOUT TIME ZONE WHERE iotdevice.id = $2::INTEGER]
[parameters: (datetime.datetime(2026, 5, 19, 14, 27, 29, 471224, tzinfo=datetime.timezone.utc), 1)]
(Background on this error at: https://sqlalche.me/e/20/dbapi)
INFO:     connection closed
INFO:     127.0.0.1:52320 - "WebSocket /api/v1/pos/iot/ws/iot?token=test-token-123" [accepted]
INFO:     connection open
ERROR:pos_core.iot.websocket_handler:❌ Error crítico en sesión IoT 1: (sqlalchemy.dialects.postgresql.asyncpg.Error) <class 'asyncpg.exceptions.DataError'>: invalid input for query argument $1: datetime.datetime(2026, 5, 19, 14, 27, 2... (can't subtract offset-naive and offset-aware datetimes)
[SQL: UPDATE iotdevice SET last_seen=$1::TIMESTAMP WITHOUT TIME ZONE WHERE iotdevice.id = $2::INTEGER]
[parameters: (datetime.datetime(2026, 5, 19, 14, 27, 29, 475249, tzinfo=datetime.timezone.utc), 1)]
(Background on this error at: https://sqlalche.me/e/20/dbapi)
INFO:     connection closed
INFO:     127.0.0.1:52332 - "WebSocket /api/v1/pos/iot/ws/iot?token=test-token-123" [accepted]
INFO:     connection open
ERROR:pos_core.iot.websocket_handler:❌ Error crítico en sesión IoT 1: (sqlalchemy.dialects.postgresql.asyncpg.Error) <class 'asyncpg.exceptions.DataError'>: invalid input for query argument $1: datetime.datetime(2026, 5, 19, 14, 27, 2... (can't subtract offset-naive and offset-aware datetimes)
[SQL: UPDATE iotdevice SET last_seen=$1::TIMESTAMP WITHOUT TIME ZONE WHERE iotdevice.id = $2::INTEGER]
[parameters: (datetime.datetime(2026, 5, 19, 14, 27, 29, 479217, tzinfo=datetime.timezone.utc), 1)]
(Background on this error at: https://sqlalche.me/e/20/dbapi)
INFO:     connection closed
INFO:     127.0.0.1:52344 - "WebSocket /api/v1/pos/iot/ws/iot?token=test-token-123" [accepted]
INFO:     connection open
ERROR:pos_core.iot.websocket_handler:❌ Error crítico en sesión IoT 1: (sqlalchemy.dialects.postgresql.asyncpg.Error) <class 'asyncpg.exceptions.DataError'>: invalid input for query argument $1: datetime.datetime(2026, 5, 19, 14, 27, 2... (can't subtract offset-naive and offset-aware datetimes)
[SQL: UPDATE iotdevice SET last_seen=$1::TIMESTAMP WITHOUT TIME ZONE WHERE iotdevice.id = $2::INTEGER]
[parameters: (datetime.datetime(2026, 5, 19, 14, 27, 29, 484855, tzinfo=datetime.timezone.utc), 1)]
(Background on this error at: https://sqlalche.me/e/20/dbapi)
INFO:     connection closed
INFO:     127.0.0.1:52350 - "WebSocket /api/v1/pos/iot/ws/iot?token=test-token-123" [accepted]
INFO:     connection open
ERROR:pos_core.iot.websocket_handler:❌ Error crítico en sesión IoT 1: (sqlalchemy.dialects.postgresql.asyncpg.Error) <class 'asyncpg.exceptions.DataError'>: invalid input for query argument $1: datetime.datetime(2026, 5, 19, 14, 27, 2... (can't subtract offset-naive and offset-aware datetimes)
[SQL: UPDATE iotdevice SET last_seen=$1::TIMESTAMP WITHOUT TIME ZONE WHERE iotdevice.id = $2::INTEGER]
[parameters: (datetime.datetime(2026, 5, 19, 14, 27, 29, 489394, tzinfo=datetime.timezone.utc), 1)]
(Background on this error at: https://sqlalche.me/e/20/dbapi)
INFO:     connection closed
INFO:     127.0.0.1:52354 - "WebSocket /api/v1/pos/iot/ws/iot?token=test-token-123" [accepted]
INFO:     connection open
ERROR:pos_core.iot.websocket_handler:❌ Error crítico en sesión IoT 1: (sqlalchemy.dialects.postgresql.asyncpg.Error) <class 'asyncpg.exceptions.DataError'>: invalid input for query argument $1: datetime.datetime(2026, 5, 19, 14, 27, 2... (can't subtract offset-naive and offset-aware datetimes)
[SQL: UPDATE iotdevice SET last_seen=$1::TIMESTAMP WITHOUT TIME ZONE WHERE iotdevice.id = $2::INTEGER]
[parameters: (datetime.datetime(2026, 5, 19, 14, 27, 29, 493487, tzinfo=datetime.timezone.utc), 1)]
(Background on this error at: https://sqlalche.me/e/20/dbapi)
INFO:     connection closed
INFO:     127.0.0.1:52370 - "WebSocket /api/v1/pos/iot/ws/iot?token=test-token-123" [accepted]
INFO:     connection open
ERROR:pos_core.iot.websocket_handler:❌ Error crítico en sesión IoT 1: (sqlalchemy.dialects.postgresql.asyncpg.Error) <class 'asyncpg.exceptions.DataError'>: invalid input for query argument $1: datetime.datetime(2026, 5, 19, 14, 27, 2... (can't subtract offset-naive and offset-aware datetimes)
[SQL: UPDATE iotdevice SET last_seen=$1::TIMESTAMP WITHOUT TIME ZONE WHERE iotdevice.id = $2::INTEGER]
[parameters: (datetime.datetime(2026, 5, 19, 14, 27, 29, 499048, tzinfo=datetime.timezone.utc), 1)]
(Background on this error at: https://sqlalche.me/e/20/dbapi)
INFO:     connection closed
INFO:     127.0.0.1:52380 - "WebSocket /api/v1/pos/iot/ws/iot?token=test-token-123" [accepted]
INFO:     connection open
ERROR:pos_core.iot.websocket_handler:❌ Error crítico en sesión IoT 1: (sqlalchemy.dialects.postgresql.asyncpg.Error) <class 'asyncpg.exceptions.DataError'>: invalid input for query argument $1: datetime.datetime(2026, 5, 19, 14, 27, 2... (can't subtract offset-naive and offset-aware datetimes)
[SQL: UPDATE iotdevice SET last_seen=$1::TIMESTAMP WITHOUT TIME ZONE WHERE iotdevice.id = $2::INTEGER]
[parameters: (datetime.datetime(2026, 5, 19, 14, 27, 29, 504143, tzinfo=datetime.timezone.utc), 1)]
(Background on this error at: https://sqlalche.me/e/20/dbapi)
INFO:     connection closed
INFO:     127.0.0.1:52396 - "WebSocket /api/v1/pos/iot/ws/iot?token=test-token-123" [accepted]
INFO:     connection open
ERROR:pos_core.iot.websocket_handler:❌ Error crítico en sesión IoT 1: (sqlalchemy.dialects.postgresql.asyncpg.Error) <class 'asyncpg.exceptions.DataError'>: invalid input for query argument $1: datetime.datetime(2026, 5, 19, 14, 27, 2... (can't subtract offset-naive and offset-aware datetimes)
[SQL: UPDATE iotdevice SET last_seen=$1::TIMESTAMP WITHOUT TIME ZONE WHERE iotdevice.id = $2::INTEGER]
[parameters: (datetime.datetime(2026, 5, 19, 14, 27, 29, 508696, tzinfo=datetime.timezone.utc), 1)]
(Background on this error at: https://sqlalche.me/e/20/dbapi)
INFO:     connection closed
INFO:     127.0.0.1:52404 - "WebSocket /api/v1/pos/iot/ws/iot?token=test-token-123" [accepted]
INFO:     connection open
ERROR:pos_core.iot.websocket_handler:❌ Error crítico en sesión IoT 1: (sqlalchemy.dialects.postgresql.asyncpg.Error) <class 'asyncpg.exceptions.DataError'>: invalid input for query argument $1: datetime.datetime(2026, 5, 19, 14, 27, 2... (can't subtract offset-naive and offset-aware datetimes)
[SQL: UPDATE iotdevice SET last_seen=$1::TIMESTAMP WITHOUT TIME ZONE WHERE iotdevice.id = $2::INTEGER]
[parameters: (datetime.datetime(2026, 5, 19, 14, 27, 29, 513451, tzinfo=datetime.timezone.utc), 1)]
(Background on this error at: https://sqlalche.me/e/20/dbapi)
INFO:     connection closed
INFO:     127.0.0.1:52418 - "WebSocket /api/v1/pos/iot/ws/iot?token=test-token-123" [accepted]
INFO:     connection open
ERROR:pos_core.iot.websocket_handler:❌ Error crítico en sesión IoT 1: (sqlalchemy.dialects.postgresql.asyncpg.Error) <class 'asyncpg.exceptions.DataError'>: invalid input for query argument $1: datetime.datetime(2026, 5, 19, 14, 27, 2... (can't subtract offset-naive and offset-aware datetimes)
[SQL: UPDATE iotdevice SET last_seen=$1::TIMESTAMP WITHOUT TIME ZONE WHERE iotdevice.id = $2::INTEGER]
[parameters: (datetime.datetime(2026, 5, 19, 14, 27, 29, 519039, tzinfo=datetime.timezone.utc), 1)]
(Background on this error at: https://sqlalche.me/e/20/dbapi)
INFO:     connection closed
INFO:     127.0.0.1:52424 - "WebSocket /api/v1/pos/iot/ws/iot?token=test-token-123" [accepted]
INFO:     connection open
ERROR:pos_core.iot.websocket_handler:❌ Error crítico en sesión IoT 1: (sqlalchemy.dialects.postgresql.asyncpg.Error) <class 'asyncpg.exceptions.DataError'>: invalid input for query argument $1: datetime.datetime(2026, 5, 19, 14, 27, 2... (can't subtract offset-naive and offset-aware datetimes)
[SQL: UPDATE iotdevice SET last_seen=$1::TIMESTAMP WITHOUT TIME ZONE WHERE iotdevice.id = $2::INTEGER]
[parameters: (datetime.datetime(2026, 5, 19, 14, 27, 29, 523593, tzinfo=datetime.timezone.utc), 1)]
(Background on this error at: https://sqlalche.me/e/20/dbapi)
INFO:     connection closed
INFO:     127.0.0.1:52426 - "WebSocket /api/v1/pos/iot/ws/iot?token=test-token-123" [accepted]
INFO:     connection open
ERROR:pos_core.iot.websocket_handler:❌ Error crítico en sesión IoT 1: (sqlalchemy.dialects.postgresql.asyncpg.Error) <class 'asyncpg.exceptions.DataError'>: invalid input for query argument $1: datetime.datetime(2026, 5, 19, 14, 27, 2... (can't subtract offset-naive and offset-aware datetimes)
[SQL: UPDATE iotdevice SET last_seen=$1::TIMESTAMP WITHOUT TIME ZONE WHERE iotdevice.id = $2::INTEGER]
[parameters: (datetime.datetime(2026, 5, 19, 14, 27, 29, 527435, tzinfo=datetime.timezone.utc), 1)]
(Background on this error at: https://sqlalche.me/e/20/dbapi)
INFO:     connection closed
INFO:     127.0.0.1:52434 - "WebSocket /api/v1/pos/iot/ws/iot?token=test-token-123" [accepted]
INFO:     connection open
ERROR:pos_core.iot.websocket_handler:❌ Error crítico en sesión IoT 1: (sqlalchemy.dialects.postgresql.asyncpg.Error) <class 'asyncpg.exceptions.DataError'>: invalid input for query argument $1: datetime.datetime(2026, 5, 19, 14, 27, 2... (can't subtract offset-naive and offset-aware datetimes)
[SQL: UPDATE iotdevice SET last_seen=$1::TIMESTAMP WITHOUT TIME ZONE WHERE iotdevice.id = $2::INTEGER]
[parameters: (datetime.datetime(2026, 5, 19, 14, 27, 29, 532222, tzinfo=datetime.timezone.utc), 1)]
(Background on this error at: https://sqlalche.me/e/20/dbapi)
INFO:     connection closed
INFO:     127.0.0.1:52448 - "WebSocket /api/v1/pos/iot/ws/iot?token=test-token-123" [accepted]
INFO:     connection open
ERROR:pos_core.iot.websocket_handler:❌ Error crítico en sesión IoT 1: (sqlalchemy.dialects.postgresql.asyncpg.Error) <class 'asyncpg.exceptions.DataError'>: invalid input for query argument $1: datetime.datetime(2026, 5, 19, 14, 27, 2... (can't subtract offset-naive and offset-aware datetimes)
[SQL: UPDATE iotdevice SET last_seen=$1::TIMESTAMP WITHOUT TIME ZONE WHERE iotdevice.id = $2::INTEGER]
[parameters: (datetime.datetime(2026, 5, 19, 14, 27, 29, 536675, tzinfo=datetime.timezone.utc), 1)]
(Background on this error at: https://sqlalche.me/e/20/dbapi)
INFO:     connection closed
INFO:     127.0.0.1:52458 - "WebSocket /api/v1/pos/iot/ws/iot?token=test-token-123" [accepted]
INFO:     connection open
ERROR:pos_core.iot.websocket_handler:❌ Error crítico en sesión IoT 1: (sqlalchemy.dialects.postgresql.asyncpg.Error) <class 'asyncpg.exceptions.DataError'>: invalid input for query argument $1: datetime.datetime(2026, 5, 19, 14, 27, 2... (can't subtract offset-naive and offset-aware datetimes)
[SQL: UPDATE iotdevice SET last_seen=$1::TIMESTAMP WITHOUT TIME ZONE WHERE iotdevice.id = $2::INTEGER]
[parameters: (datetime.datetime(2026, 5, 19, 14, 27, 29, 541148, tzinfo=datetime.timezone.utc), 1)]
(Background on this error at: https://sqlalche.me/e/20/dbapi)
INFO:     connection closed
INFO:     127.0.0.1:52466 - "WebSocket /api/v1/pos/iot/ws/iot?token=test-token-123" [accepted]
INFO:     connection open
ERROR:pos_core.iot.websocket_handler:❌ Error crítico en sesión IoT 1: (sqlalchemy.dialects.postgresql.asyncpg.Error) <class 'asyncpg.exceptions.DataError'>: invalid input for query argument $1: datetime.datetime(2026, 5, 19, 14, 27, 2... (can't subtract offset-naive and offset-aware datetimes)
[SQL: UPDATE iotdevice SET last_seen=$1::TIMESTAMP WITHOUT TIME ZONE WHERE iotdevice.id = $2::INTEGER]
[parameters: (datetime.datetime(2026, 5, 19, 14, 27, 29, 545553, tzinfo=datetime.timezone.utc), 1)]
(Background on this error at: https://sqlalche.me/e/20/dbapi)
INFO:     connection closed
INFO:     127.0.0.1:52478 - "WebSocket /api/v1/pos/iot/ws/iot?token=test-token-123" [accepted]
INFO:     connection open
ERROR:pos_core.iot.websocket_handler:❌ Error crítico en sesión IoT 1: (sqlalchemy.dialects.postgresql.asyncpg.Error) <class 'asyncpg.exceptions.DataError'>: invalid input for query argument $1: datetime.datetime(2026, 5, 19, 14, 27, 2... (can't subtract offset-naive and offset-aware datetimes)
[SQL: UPDATE iotdevice SET last_seen=$1::TIMESTAMP WITHOUT TIME ZONE WHERE iotdevice.id = $2::INTEGER]
[parameters: (datetime.datetime(2026, 5, 19, 14, 27, 29, 551593, tzinfo=datetime.timezone.utc), 1)]
(Background on this error at: https://sqlalche.me/e/20/dbapi)
INFO:     connection closed
INFO:     127.0.0.1:52486 - "WebSocket /api/v1/pos/iot/ws/iot?token=test-token-123" [accepted]
INFO:     connection open
ERROR:pos_core.iot.websocket_handler:❌ Error crítico en sesión IoT 1: (sqlalchemy.dialects.postgresql.asyncpg.Error) <class 'asyncpg.exceptions.DataError'>: invalid input for query argument $1: datetime.datetime(2026, 5, 19, 14, 27, 2... (can't subtract offset-naive and offset-aware datetimes)
[SQL: UPDATE iotdevice SET last_seen=$1::TIMESTAMP WITHOUT TIME ZONE WHERE iotdevice.id = $2::INTEGER]
[parameters: (datetime.datetime(2026, 5, 19, 14, 27, 29, 556616, tzinfo=datetime.timezone.utc), 1)]
(Background on this error at: https://sqlalche.me/e/20/dbapi)
INFO:     connection closed
INFO:     127.0.0.1:52492 - "WebSocket /api/v1/pos/iot/ws/iot?token=test-token-123" [accepted]
INFO:     connection open
ERROR:pos_core.iot.websocket_handler:❌ Error crítico en sesión IoT 1: (sqlalchemy.dialects.postgresql.asyncpg.Error) <class 'asyncpg.exceptions.DataError'>: invalid input for query argument $1: datetime.datetime(2026, 5, 19, 14, 27, 2... (can't subtract offset-naive and offset-aware datetimes)
[SQL: UPDATE iotdevice SET last_seen=$1::TIMESTAMP WITHOUT TIME ZONE WHERE iotdevice.id = $2::INTEGER]
[parameters: (datetime.datetime(2026, 5, 19, 14, 27, 29, 561248, tzinfo=datetime.timezone.utc), 1)]
(Background on this error at: https://sqlalche.me/e/20/dbapi)
INFO:     connection closed
INFO:     127.0.0.1:52506 - "WebSocket /api/v1/pos/iot/ws/iot?token=test-token-123" [accepted]
INFO:     connection open
ERROR:pos_core.iot.websocket_handler:❌ Error crítico en sesión IoT 1: (sqlalchemy.dialects.postgresql.asyncpg.Error) <class 'asyncpg.exceptions.DataError'>: invalid input for query argument $1: datetime.datetime(2026, 5, 19, 14, 27, 2... (can't subtract offset-naive and offset-aware datetimes)
[SQL: UPDATE iotdevice SET last_seen=$1::TIMESTAMP WITHOUT TIME ZONE WHERE iotdevice.id = $2::INTEGER]
[parameters: (datetime.datetime(2026, 5, 19, 14, 27, 29, 566893, tzinfo=datetime.timezone.utc), 1)]
(Background on this error at: https://sqlalche.me/e/20/dbapi)
INFO:     connection closed
INFO:     127.0.0.1:52520 - "WebSocket /api/v1/pos/iot/ws/iot?token=test-token-123" [accepted]
INFO:     connection open
ERROR:pos_core.iot.websocket_handler:❌ Error crítico en sesión IoT 1: (sqlalchemy.dialects.postgresql.asyncpg.Error) <class 'asyncpg.exceptions.DataError'>: invalid input for query argument $1: datetime.datetime(2026, 5, 19, 14, 27, 2... (can't subtract offset-naive and offset-aware datetimes)
[SQL: UPDATE iotdevice SET last_seen=$1::TIMESTAMP WITHOUT TIME ZONE WHERE iotdevice.id = $2::INTEGER]
[parameters: (datetime.datetime(2026, 5, 19, 14, 27, 29, 571416, tzinfo=datetime.timezone.utc), 1)]
(Background on this error at: https://sqlalche.me/e/20/dbapi)
INFO:     connection closed
INFO:     127.0.0.1:52532 - "WebSocket /api/v1/pos/iot/ws/iot?token=test-token-123" [accepted]
INFO:     connection open
ERROR:pos_core.iot.websocket_handler:❌ Error crítico en sesión IoT 1: (sqlalchemy.dialects.postgresql.asyncpg.Error) <class 'asyncpg.exceptions.DataError'>: invalid input for query argument $1: datetime.datetime(2026, 5, 19, 14, 27, 2... (can't subtract offset-naive and offset-aware datetimes)
[SQL: UPDATE iotdevice SET last_seen=$1::TIMESTAMP WITHOUT TIME ZONE WHERE iotdevice.id = $2::INTEGER]
[parameters: (datetime.datetime(2026, 5, 19, 14, 27, 29, 575465, tzinfo=datetime.timezone.utc), 1)]
(Background on this error at: https://sqlalche.me/e/20/dbapi)
INFO:     connection closed
INFO:     127.0.0.1:52536 - "WebSocket /api/v1/pos/iot/ws/iot?token=test-token-123" [accepted]
INFO:     connection open
ERROR:pos_core.iot.websocket_handler:❌ Error crítico en sesión IoT 1: (sqlalchemy.dialects.postgresql.asyncpg.Error) <class 'asyncpg.exceptions.DataError'>: invalid input for query argument $1: datetime.datetime(2026, 5, 19, 14, 27, 2... (can't subtract offset-naive and offset-aware datetimes)
[SQL: UPDATE iotdevice SET last_seen=$1::TIMESTAMP WITHOUT TIME ZONE WHERE iotdevice.id = $2::INTEGER]
[parameters: (datetime.datetime(2026, 5, 19, 14, 27, 29, 579362, tzinfo=datetime.timezone.utc), 1)]
(Background on this error at: https://sqlalche.me/e/20/dbapi)
INFO:     connection closed
INFO:     127.0.0.1:52544 - "WebSocket /api/v1/pos/iot/ws/iot?token=test-token-123" [accepted]
INFO:     connection open
ERROR:pos_core.iot.websocket_handler:❌ Error crítico en sesión IoT 1: (sqlalchemy.dialects.postgresql.asyncpg.Error) <class 'asyncpg.exceptions.DataError'>: invalid input for query argument $1: datetime.datetime(2026, 5, 19, 14, 27, 2... (can't subtract offset-naive and offset-aware datetimes)
[SQL: UPDATE iotdevice SET last_seen=$1::TIMESTAMP WITHOUT TIME ZONE WHERE iotdevice.id = $2::INTEGER]
[parameters: (datetime.datetime(2026, 5, 19, 14, 27, 29, 584257, tzinfo=datetime.timezone.utc), 1)]
(Background on this error at: https://sqlalche.me/e/20/dbapi)
INFO:     connection closed
INFO:     127.0.0.1:52554 - "WebSocket /api/v1/pos/iot/ws/iot?token=test-token-123" [accepted]
INFO:     connection open
ERROR:pos_core.iot.websocket_handler:❌ Error crítico en sesión IoT 1: (sqlalchemy.dialects.postgresql.asyncpg.Error) <class 'asyncpg.exceptions.DataError'>: invalid input for query argument $1: datetime.datetime(2026, 5, 19, 14, 27, 2... (can't subtract offset-naive and offset-aware datetimes)
[SQL: UPDATE iotdevice SET last_seen=$1::TIMESTAMP WITHOUT TIME ZONE WHERE iotdevice.id = $2::INTEGER]
[parameters: (datetime.datetime(2026, 5, 19, 14, 27, 29, 588986, tzinfo=datetime.timezone.utc), 1)]
(Background on this error at: https://sqlalche.me/e/20/dbapi)
INFO:     connection closed
INFO:     127.0.0.1:52564 - "WebSocket /api/v1/pos/iot/ws/iot?token=test-token-123" [accepted]
INFO:     connection open
ERROR:pos_core.iot.websocket_handler:❌ Error crítico en sesión IoT 1: (sqlalchemy.dialects.postgresql.asyncpg.Error) <class 'asyncpg.exceptions.DataError'>: invalid input for query argument $1: datetime.datetime(2026, 5, 19, 14, 27, 2... (can't subtract offset-naive and offset-aware datetimes)
[SQL: UPDATE iotdevice SET last_seen=$1::TIMESTAMP WITHOUT TIME ZONE WHERE iotdevice.id = $2::INTEGER]
[parameters: (datetime.datetime(2026, 5, 19, 14, 27, 29, 593370, tzinfo=datetime.timezone.utc), 1)]
(Background on this error at: https://sqlalche.me/e/20/dbapi)
INFO:     connection closed
INFO:     127.0.0.1:52574 - "WebSocket /api/v1/pos/iot/ws/iot?token=test-token-123" [accepted]
INFO:     connection open
ERROR:pos_core.iot.websocket_handler:❌ Error crítico en sesión IoT 1: (sqlalchemy.dialects.postgresql.asyncpg.Error) <class 'asyncpg.exceptions.DataError'>: invalid input for query argument $1: datetime.datetime(2026, 5, 19, 14, 27, 2... (can't subtract offset-naive and offset-aware datetimes)
[SQL: UPDATE iotdevice SET last_seen=$1::TIMESTAMP WITHOUT TIME ZONE WHERE iotdevice.id = $2::INTEGER]
[parameters: (datetime.datetime(2026, 5, 19, 14, 27, 29, 598965, tzinfo=datetime.timezone.utc), 1)]
(Background on this error at: https://sqlalche.me/e/20/dbapi)
INFO:     connection closed
INFO:     127.0.0.1:52576 - "WebSocket /api/v1/pos/iot/ws/iot?token=test-token-123" [accepted]
INFO:     connection open
ERROR:pos_core.iot.websocket_handler:❌ Error crítico en sesión IoT 1: (sqlalchemy.dialects.postgresql.asyncpg.Error) <class 'asyncpg.exceptions.DataError'>: invalid input for query argument $1: datetime.datetime(2026, 5, 19, 14, 27, 2... (can't subtract offset-naive and offset-aware datetimes)
[SQL: UPDATE iotdevice SET last_seen=$1::TIMESTAMP WITHOUT TIME ZONE WHERE iotdevice.id = $2::INTEGER]
[parameters: (datetime.datetime(2026, 5, 19, 14, 27, 29, 603754, tzinfo=datetime.timezone.utc), 1)]
(Background on this error at: https://sqlalche.me/e/20/dbapi)
INFO:     connection closed
INFO:     127.0.0.1:52584 - "WebSocket /api/v1/pos/iot/ws/iot?token=test-token-123" [accepted]
INFO:     connection open
ERROR:pos_core.iot.websocket_handler:❌ Error crítico en sesión IoT 1: (sqlalchemy.dialects.postgresql.asyncpg.Error) <class 'asyncpg.exceptions.DataError'>: invalid input for query argument $1: datetime.datetime(2026, 5, 19, 14, 27, 2... (can't subtract offset-naive and offset-aware datetimes)
[SQL: UPDATE iotdevice SET last_seen=$1::TIMESTAMP WITHOUT TIME ZONE WHERE iotdevice.id = $2::INTEGER]
[parameters: (datetime.datetime(2026, 5, 19, 14, 27, 29, 608779, tzinfo=datetime.timezone.utc), 1)]
(Background on this error at: https://sqlalche.me/e/20/dbapi)
INFO:     connection closed
INFO:     127.0.0.1:52596 - "WebSocket /api/v1/pos/iot/ws/iot?token=test-token-123" [accepted]
INFO:     connection open
ERROR:pos_core.iot.websocket_handler:❌ Error crítico en sesión IoT 1: (sqlalchemy.dialects.postgresql.asyncpg.Error) <class 'asyncpg.exceptions.DataError'>: invalid input for query argument $1: datetime.datetime(2026, 5, 19, 14, 27, 2... (can't subtract offset-naive and offset-aware datetimes)
[SQL: UPDATE iotdevice SET last_seen=$1::TIMESTAMP WITHOUT TIME ZONE WHERE iotdevice.id = $2::INTEGER]
[parameters: (datetime.datetime(2026, 5, 19, 14, 27, 29, 614104, tzinfo=datetime.timezone.utc), 1)]
(Background on this error at: https://sqlalche.me/e/20/dbapi)
INFO:     connection closed
INFO:     127.0.0.1:52600 - "WebSocket /api/v1/pos/iot/ws/iot?token=test-token-123" [accepted]
INFO:     connection open
ERROR:pos_core.iot.websocket_handler:❌ Error crítico en sesión IoT 1: (sqlalchemy.dialects.postgresql.asyncpg.Error) <class 'asyncpg.exceptions.DataError'>: invalid input for query argument $1: datetime.datetime(2026, 5, 19, 14, 27, 2... (can't subtract offset-naive and offset-aware datetimes)
[SQL: UPDATE iotdevice SET last_seen=$1::TIMESTAMP WITHOUT TIME ZONE WHERE iotdevice.id = $2::INTEGER]
[parameters: (datetime.datetime(2026, 5, 19, 14, 27, 29, 619568, tzinfo=datetime.timezone.utc), 1)]
(Background on this error at: https://sqlalche.me/e/20/dbapi)
INFO:     connection closed
INFO:     127.0.0.1:52610 - "WebSocket /api/v1/pos/iot/ws/iot?token=test-token-123" [accepted]
INFO:     connection open
ERROR:pos_core.iot.websocket_handler:❌ Error crítico en sesión IoT 1: (sqlalchemy.dialects.postgresql.asyncpg.Error) <class 'asyncpg.exceptions.DataError'>: invalid input for query argument $1: datetime.datetime(2026, 5, 19, 14, 27, 2... (can't subtract offset-naive and offset-aware datetimes)
[SQL: UPDATE iotdevice SET last_seen=$1::TIMESTAMP WITHOUT TIME ZONE WHERE iotdevice.id = $2::INTEGER]
[parameters: (datetime.datetime(2026, 5, 19, 14, 27, 29, 624200, tzinfo=datetime.timezone.utc), 1)]
(Background on this error at: https://sqlalche.me/e/20/dbapi)
INFO:     connection closed
INFO:     127.0.0.1:52616 - "WebSocket /api/v1/pos/iot/ws/iot?token=test-token-123" [accepted]
INFO:     connection open
ERROR:pos_core.iot.websocket_handler:❌ Error crítico en sesión IoT 1: (sqlalchemy.dialects.postgresql.asyncpg.Error) <class 'asyncpg.exceptions.DataError'>: invalid input for query argument $1: datetime.datetime(2026, 5, 19, 14, 27, 2... (can't subtract offset-naive and offset-aware datetimes)
[SQL: UPDATE iotdevice SET last_seen=$1::TIMESTAMP WITHOUT TIME ZONE WHERE iotdevice.id = $2::INTEGER]
[parameters: (datetime.datetime(2026, 5, 19, 14, 27, 29, 628351, tzinfo=datetime.timezone.utc), 1)]
(Background on this error at: https://sqlalche.me/e/20/dbapi)
INFO:     connection closed
INFO:     127.0.0.1:52632 - "WebSocket /api/v1/pos/iot/ws/iot?token=test-token-123" [accepted]
INFO:     connection open
ERROR:pos_core.iot.websocket_handler:❌ Error crítico en sesión IoT 1: (sqlalchemy.dialects.postgresql.asyncpg.Error) <class 'asyncpg.exceptions.DataError'>: invalid input for query argument $1: datetime.datetime(2026, 5, 19, 14, 27, 2... (can't subtract offset-naive and offset-aware datetimes)
[SQL: UPDATE iotdevice SET last_seen=$1::TIMESTAMP WITHOUT TIME ZONE WHERE iotdevice.id = $2::INTEGER]
[parameters: (datetime.datetime(2026, 5, 19, 14, 27, 29, 633687, tzinfo=datetime.timezone.utc), 1)]
(Background on this error at: https://sqlalche.me/e/20/dbapi)
INFO:     connection closed
INFO:     127.0.0.1:52644 - "WebSocket /api/v1/pos/iot/ws/iot?token=test-token-123" [accepted]
INFO:     connection open
ERROR:pos_core.iot.websocket_handler:❌ Error crítico en sesión IoT 1: (sqlalchemy.dialects.postgresql.asyncpg.Error) <class 'asyncpg.exceptions.DataError'>: invalid input for query argument $1: datetime.datetime(2026, 5, 19, 14, 27, 2... (can't subtract offset-naive and offset-aware datetimes)
[SQL: UPDATE iotdevice SET last_seen=$1::TIMESTAMP WITHOUT TIME ZONE WHERE iotdevice.id = $2::INTEGER]
[parameters: (datetime.datetime(2026, 5, 19, 14, 27, 29, 638434, tzinfo=datetime.timezone.utc), 1)]
(Background on this error at: https://sqlalche.me/e/20/dbapi)
INFO:     connection closed
INFO:     127.0.0.1:52652 - "WebSocket /api/v1/pos/iot/ws/iot?token=test-token-123" [accepted]
INFO:     connection open
ERROR:pos_core.iot.websocket_handler:❌ Error crítico en sesión IoT 1: (sqlalchemy.dialects.postgresql.asyncpg.Error) <class 'asyncpg.exceptions.DataError'>: invalid input for query argument $1: datetime.datetime(2026, 5, 19, 14, 27, 2... (can't subtract offset-naive and offset-aware datetimes)
[SQL: UPDATE iotdevice SET last_seen=$1::TIMESTAMP WITHOUT TIME ZONE WHERE iotdevice.id = $2::INTEGER]
[parameters: (datetime.datetime(2026, 5, 19, 14, 27, 29, 644132, tzinfo=datetime.timezone.utc), 1)]
(Background on this error at: https://sqlalche.me/e/20/dbapi)
INFO:     connection closed
INFO:     127.0.0.1:52656 - "WebSocket /api/v1/pos/iot/ws/iot?token=test-token-123" [accepted]
INFO:     connection open
ERROR:pos_core.iot.websocket_handler:❌ Error crítico en sesión IoT 1: (sqlalchemy.dialects.postgresql.asyncpg.Error) <class 'asyncpg.exceptions.DataError'>: invalid input for query argument $1: datetime.datetime(2026, 5, 19, 14, 27, 2... (can't subtract offset-naive and offset-aware datetimes)
[SQL: UPDATE iotdevice SET last_seen=$1::TIMESTAMP WITHOUT TIME ZONE WHERE iotdevice.id = $2::INTEGER]
[parameters: (datetime.datetime(2026, 5, 19, 14, 27, 29, 650837, tzinfo=datetime.timezone.utc), 1)]
(Background on this error at: https://sqlalche.me/e/20/dbapi)
INFO:     connection closed
INFO:     127.0.0.1:52668 - "WebSocket /api/v1/pos/iot/ws/iot?token=test-token-123" [accepted]
INFO:     connection open
ERROR:pos_core.iot.websocket_handler:❌ Error crítico en sesión IoT 1: (sqlalchemy.dialects.postgresql.asyncpg.Error) <class 'asyncpg.exceptions.DataError'>: invalid input for query argument $1: datetime.datetime(2026, 5, 19, 14, 27, 2... (can't subtract offset-naive and offset-aware datetimes)
[SQL: UPDATE iotdevice SET last_seen=$1::TIMESTAMP WITHOUT TIME ZONE WHERE iotdevice.id = $2::INTEGER]
[parameters: (datetime.datetime(2026, 5, 19, 14, 27, 29, 657358, tzinfo=datetime.timezone.utc), 1)]
(Background on this error at: https://sqlalche.me/e/20/dbapi)
INFO:     connection closed
INFO:     127.0.0.1:52684 - "WebSocket /api/v1/pos/iot/ws/iot?token=test-token-123" [accepted]
INFO:     connection open
ERROR:pos_core.iot.websocket_handler:❌ Error crítico en sesión IoT 1: (sqlalchemy.dialects.postgresql.asyncpg.Error) <class 'asyncpg.exceptions.DataError'>: invalid input for query argument $1: datetime.datetime(2026, 5, 19, 14, 27, 2... (can't subtract offset-naive and offset-aware datetimes)
[SQL: UPDATE iotdevice SET last_seen=$1::TIMESTAMP WITHOUT TIME ZONE WHERE iotdevice.id = $2::INTEGER]
[parameters: (datetime.datetime(2026, 5, 19, 14, 27, 29, 662886, tzinfo=datetime.timezone.utc), 1)]
(Background on this error at: https://sqlalche.me/e/20/dbapi)
INFO:     connection closed
INFO:     127.0.0.1:52690 - "WebSocket /api/v1/pos/iot/ws/iot?token=test-token-123" [accepted]
INFO:     connection open
ERROR:pos_core.iot.websocket_handler:❌ Error crítico en sesión IoT 1: (sqlalchemy.dialects.postgresql.asyncpg.Error) <class 'asyncpg.exceptions.DataError'>: invalid input for query argument $1: datetime.datetime(2026, 5, 19, 14, 27, 2... (can't subtract offset-naive and offset-aware datetimes)
[SQL: UPDATE iotdevice SET last_seen=$1::TIMESTAMP WITHOUT TIME ZONE WHERE iotdevice.id = $2::INTEGER]
[parameters: (datetime.datetime(2026, 5, 19, 14, 27, 29, 669025, tzinfo=datetime.timezone.utc), 1)]
(Background on this error at: https://sqlalche.me/e/20/dbapi)
INFO:     connection closed
INFO:     127.0.0.1:52696 - "WebSocket /api/v1/pos/iot/ws/iot?token=test-token-123" [accepted]
INFO:     connection open
ERROR:pos_core.iot.websocket_handler:❌ Error crítico en sesión IoT 1: (sqlalchemy.dialects.postgresql.asyncpg.Error) <class 'asyncpg.exceptions.DataError'>: invalid input for query argument $1: datetime.datetime(2026, 5, 19, 14, 27, 2... (can't subtract offset-naive and offset-aware datetimes)
[SQL: UPDATE iotdevice SET last_seen=$1::TIMESTAMP WITHOUT TIME ZONE WHERE iotdevice.id = $2::INTEGER]
[parameters: (datetime.datetime(2026, 5, 19, 14, 27, 29, 675537, tzinfo=datetime.timezone.utc), 1)]
(Background on this error at: https://sqlalche.me/e/20/dbapi)
INFO:     connection closed
INFO:     127.0.0.1:52708 - "WebSocket /api/v1/pos/iot/ws/iot?token=test-token-123" [accepted]
INFO:     connection open
ERROR:pos_core.iot.websocket_handler:❌ Error crítico en sesión IoT 1: (sqlalchemy.dialects.postgresql.asyncpg.Error) <class 'asyncpg.exceptions.DataError'>: invalid input for query argument $1: datetime.datetime(2026, 5, 19, 14, 27, 2... (can't subtract offset-naive and offset-aware datetimes)
[SQL: UPDATE iotdevice SET last_seen=$1::TIMESTAMP WITHOUT TIME ZONE WHERE iotdevice.id = $2::INTEGER]
[parameters: (datetime.datetime(2026, 5, 19, 14, 27, 29, 679737, tzinfo=datetime.timezone.utc), 1)]
(Background on this error at: https://sqlalche.me/e/20/dbapi)
INFO:     connection closed
INFO:     127.0.0.1:52724 - "WebSocket /api/v1/pos/iot/ws/iot?token=test-token-123" [accepted]
INFO:     connection open
ERROR:pos_core.iot.websocket_handler:❌ Error crítico en sesión IoT 1: (sqlalchemy.dialects.postgresql.asyncpg.Error) <class 'asyncpg.exceptions.DataError'>: invalid input for query argument $1: datetime.datetime(2026, 5, 19, 14, 27, 2... (can't subtract offset-naive and offset-aware datetimes)
[SQL: UPDATE iotdevice SET last_seen=$1::TIMESTAMP WITHOUT TIME ZONE WHERE iotdevice.id = $2::INTEGER]
[parameters: (datetime.datetime(2026, 5, 19, 14, 27, 29, 685042, tzinfo=datetime.timezone.utc), 1)]
(Background on this error at: https://sqlalche.me/e/20/dbapi)
INFO:     connection closed
INFO:     127.0.0.1:52730 - "WebSocket /api/v1/pos/iot/ws/iot?token=test-token-123" [accepted]
INFO:     connection open
ERROR:pos_core.iot.websocket_handler:❌ Error crítico en sesión IoT 1: (sqlalchemy.dialects.postgresql.asyncpg.Error) <class 'asyncpg.exceptions.DataError'>: invalid input for query argument $1: datetime.datetime(2026, 5, 19, 14, 27, 2... (can't subtract offset-naive and offset-aware datetimes)
[SQL: UPDATE iotdevice SET last_seen=$1::TIMESTAMP WITHOUT TIME ZONE WHERE iotdevice.id = $2::INTEGER]
[parameters: (datetime.datetime(2026, 5, 19, 14, 27, 29, 689516, tzinfo=datetime.timezone.utc), 1)]
(Background on this error at: https://sqlalche.me/e/20/dbapi)
INFO:     connection closed
INFO:     127.0.0.1:52742 - "WebSocket /api/v1/pos/iot/ws/iot?token=test-token-123" [accepted]
INFO:     connection open
ERROR:pos_core.iot.websocket_handler:❌ Error crítico en sesión IoT 1: (sqlalchemy.dialects.postgresql.asyncpg.Error) <class 'asyncpg.exceptions.DataError'>: invalid input for query argument $1: datetime.datetime(2026, 5, 19, 14, 27, 2... (can't subtract offset-naive and offset-aware datetimes)
[SQL: UPDATE iotdevice SET last_seen=$1::TIMESTAMP WITHOUT TIME ZONE WHERE iotdevice.id = $2::INTEGER]
[parameters: (datetime.datetime(2026, 5, 19, 14, 27, 29, 693755, tzinfo=datetime.timezone.utc), 1)]
(Background on this error at: https://sqlalche.me/e/20/dbapi)
INFO:     connection closed
INFO:     127.0.0.1:52748 - "WebSocket /api/v1/pos/iot/ws/iot?token=test-token-123" [accepted]
INFO:     connection open
ERROR:pos_core.iot.websocket_handler:❌ Error crítico en sesión IoT 1: (sqlalchemy.dialects.postgresql.asyncpg.Error) <class 'asyncpg.exceptions.DataError'>: invalid input for query argument $1: datetime.datetime(2026, 5, 19, 14, 27, 2... (can't subtract offset-naive and offset-aware datetimes)
[SQL: UPDATE iotdevice SET last_seen=$1::TIMESTAMP WITHOUT TIME ZONE WHERE iotdevice.id = $2::INTEGER]
[parameters: (datetime.datetime(2026, 5, 19, 14, 27, 29, 699654, tzinfo=datetime.timezone.utc), 1)]
(Background on this error at: https://sqlalche.me/e/20/dbapi)
INFO:     connection closed
INFO:     127.0.0.1:52754 - "WebSocket /api/v1/pos/iot/ws/iot?token=test-token-123" [accepted]
INFO:     connection open
ERROR:pos_core.iot.websocket_handler:❌ Error crítico en sesión IoT 1: (sqlalchemy.dialects.postgresql.asyncpg.Error) <class 'asyncpg.exceptions.DataError'>: invalid input for query argument $1: datetime.datetime(2026, 5, 19, 14, 27, 2... (can't subtract offset-naive and offset-aware datetimes)
[SQL: UPDATE iotdevice SET last_seen=$1::TIMESTAMP WITHOUT TIME ZONE WHERE iotdevice.id = $2::INTEGER]
[parameters: (datetime.datetime(2026, 5, 19, 14, 27, 29, 705557, tzinfo=datetime.timezone.utc), 1)]
(Background on this error at: https://sqlalche.me/e/20/dbapi)
INFO:     connection closed
INFO:     127.0.0.1:52768 - "WebSocket /api/v1/pos/iot/ws/iot?token=test-token-123" [accepted]
INFO:     connection open
ERROR:pos_core.iot.websocket_handler:❌ Error crítico en sesión IoT 1: (sqlalchemy.dialects.postgresql.asyncpg.Error) <class 'asyncpg.exceptions.DataError'>: invalid input for query argument $1: datetime.datetime(2026, 5, 19, 14, 27, 2... (can't subtract offset-naive and offset-aware datetimes)
[SQL: UPDATE iotdevice SET last_seen=$1::TIMESTAMP WITHOUT TIME ZONE WHERE iotdevice.id = $2::INTEGER]
[parameters: (datetime.datetime(2026, 5, 19, 14, 27, 29, 711488, tzinfo=datetime.timezone.utc), 1)]
(Background on this error at: https://sqlalche.me/e/20/dbapi)
INFO:     connection closed
INFO:     127.0.0.1:52784 - "WebSocket /api/v1/pos/iot/ws/iot?token=test-token-123" [accepted]
INFO:     connection open
ERROR:pos_core.iot.websocket_handler:❌ Error crítico en sesión IoT 1: (sqlalchemy.dialects.postgresql.asyncpg.Error) <class 'asyncpg.exceptions.DataError'>: invalid input for query argument $1: datetime.datetime(2026, 5, 19, 14, 27, 2... (can't subtract offset-naive and offset-aware datetimes)
[SQL: UPDATE iotdevice SET last_seen=$1::TIMESTAMP WITHOUT TIME ZONE WHERE iotdevice.id = $2::INTEGER]
[parameters: (datetime.datetime(2026, 5, 19, 14, 27, 29, 718331, tzinfo=datetime.timezone.utc), 1)]
(Background on this error at: https://sqlalche.me/e/20/dbapi)
INFO:     connection closed
INFO:     127.0.0.1:52794 - "WebSocket /api/v1/pos/iot/ws/iot?token=test-token-123" [accepted]
INFO:     connection open
ERROR:pos_core.iot.websocket_handler:❌ Error crítico en sesión IoT 1: (sqlalchemy.dialects.postgresql.asyncpg.Error) <class 'asyncpg.exceptions.DataError'>: invalid input for query argument $1: datetime.datetime(2026, 5, 19, 14, 27, 2... (can't subtract offset-naive and offset-aware datetimes)
[SQL: UPDATE iotdevice SET last_seen=$1::TIMESTAMP WITHOUT TIME ZONE WHERE iotdevice.id = $2::INTEGER]
[parameters: (datetime.datetime(2026, 5, 19, 14, 27, 29, 723687, tzinfo=datetime.timezone.utc), 1)]
(Background on this error at: https://sqlalche.me/e/20/dbapi)
INFO:     connection closed
INFO:     127.0.0.1:52800 - "WebSocket /api/v1/pos/iot/ws/iot?token=test-token-123" [accepted]
INFO:     connection open
ERROR:pos_core.iot.websocket_handler:❌ Error crítico en sesión IoT 1: (sqlalchemy.dialects.postgresql.asyncpg.Error) <class 'asyncpg.exceptions.DataError'>: invalid input for query argument $1: datetime.datetime(2026, 5, 19, 14, 27, 2... (can't subtract offset-naive and offset-aware datetimes)
[SQL: UPDATE iotdevice SET last_seen=$1::TIMESTAMP WITHOUT TIME ZONE WHERE iotdevice.id = $2::INTEGER]
[parameters: (datetime.datetime(2026, 5, 19, 14, 27, 29, 736962, tzinfo=datetime.timezone.utc), 1)]
(Background on this error at: https://sqlalche.me/e/20/dbapi)
INFO:     connection closed
INFO:     127.0.0.1:52808 - "WebSocket /api/v1/pos/iot/ws/iot?token=test-token-123" [accepted]
INFO:     connection open
ERROR:pos_core.iot.websocket_handler:❌ Error crítico en sesión IoT 1: (sqlalchemy.dialects.postgresql.asyncpg.Error) <class 'asyncpg.exceptions.DataError'>: invalid input for query argument $1: datetime.datetime(2026, 5, 19, 14, 27, 2... (can't subtract offset-naive and offset-aware datetimes)
[SQL: UPDATE iotdevice SET last_seen=$1::TIMESTAMP WITHOUT TIME ZONE WHERE iotdevice.id = $2::INTEGER]
[parameters: (datetime.datetime(2026, 5, 19, 14, 27, 29, 741928, tzinfo=datetime.timezone.utc), 1)]
(Background on this error at: https://sqlalche.me/e/20/dbapi)
INFO:     connection closed
INFO:     127.0.0.1:52812 - "WebSocket /api/v1/pos/iot/ws/iot?token=test-token-123" [accepted]
INFO:     connection open
ERROR:pos_core.iot.websocket_handler:❌ Error crítico en sesión IoT 1: (sqlalchemy.dialects.postgresql.asyncpg.Error) <class 'asyncpg.exceptions.DataError'>: invalid input for query argument $1: datetime.datetime(2026, 5, 19, 14, 27, 2... (can't subtract offset-naive and offset-aware datetimes)
[SQL: UPDATE iotdevice SET last_seen=$1::TIMESTAMP WITHOUT TIME ZONE WHERE iotdevice.id = $2::INTEGER]
[parameters: (datetime.datetime(2026, 5, 19, 14, 27, 29, 746611, tzinfo=datetime.timezone.utc), 1)]
(Background on this error at: https://sqlalche.me/e/20/dbapi)
INFO:     connection closed
INFO:     127.0.0.1:52828 - "WebSocket /api/v1/pos/iot/ws/iot?token=test-token-123" [accepted]
INFO:     connection open
ERROR:pos_core.iot.websocket_handler:❌ Error crítico en sesión IoT 1: (sqlalchemy.dialects.postgresql.asyncpg.Error) <class 'asyncpg.exceptions.DataError'>: invalid input for query argument $1: datetime.datetime(2026, 5, 19, 14, 27, 2... (can't subtract offset-naive and offset-aware datetimes)
[SQL: UPDATE iotdevice SET last_seen=$1::TIMESTAMP WITHOUT TIME ZONE WHERE iotdevice.id = $2::INTEGER]
[parameters: (datetime.datetime(2026, 5, 19, 14, 27, 29, 752225, tzinfo=datetime.timezone.utc), 1)]
(Background on this error at: https://sqlalche.me/e/20/dbapi)
INFO:     connection closed
INFO:     127.0.0.1:52832 - "WebSocket /api/v1/pos/iot/ws/iot?token=test-token-123" [accepted]
INFO:     connection open
ERROR:pos_core.iot.websocket_handler:❌ Error crítico en sesión IoT 1: (sqlalchemy.dialects.postgresql.asyncpg.Error) <class 'asyncpg.exceptions.DataError'>: invalid input for query argument $1: datetime.datetime(2026, 5, 19, 14, 27, 2... (can't subtract offset-naive and offset-aware datetimes)
[SQL: UPDATE iotdevice SET last_seen=$1::TIMESTAMP WITHOUT TIME ZONE WHERE iotdevice.id = $2::INTEGER]
[parameters: (datetime.datetime(2026, 5, 19, 14, 27, 29, 757212, tzinfo=datetime.timezone.utc), 1)]
(Background on this error at: https://sqlalche.me/e/20/dbapi)
INFO:     connection closed
INFO:     127.0.0.1:52840 - "WebSocket /api/v1/pos/iot/ws/iot?token=test-token-123" [accepted]
INFO:     connection open
ERROR:pos_core.iot.websocket_handler:❌ Error crítico en sesión IoT 1: (sqlalchemy.dialects.postgresql.asyncpg.Error) <class 'asyncpg.exceptions.DataError'>: invalid input for query argument $1: datetime.datetime(2026, 5, 19, 14, 27, 2... (can't subtract offset-naive and offset-aware datetimes)
[SQL: UPDATE iotdevice SET last_seen=$1::TIMESTAMP WITHOUT TIME ZONE WHERE iotdevice.id = $2::INTEGER]
[parameters: (datetime.datetime(2026, 5, 19, 14, 27, 29, 761758, tzinfo=datetime.timezone.utc), 1)]
(Background on this error at: https://sqlalche.me/e/20/dbapi)
INFO:     connection closed
INFO:     127.0.0.1:52844 - "WebSocket /api/v1/pos/iot/ws/iot?token=test-token-123" [accepted]
INFO:     connection open
ERROR:pos_core.iot.websocket_handler:❌ Error crítico en sesión IoT 1: (sqlalchemy.dialects.postgresql.asyncpg.Error) <class 'asyncpg.exceptions.DataError'>: invalid input for query argument $1: datetime.datetime(2026, 5, 19, 14, 27, 2... (can't subtract offset-naive and offset-aware datetimes)
[SQL: UPDATE iotdevice SET last_seen=$1::TIMESTAMP WITHOUT TIME ZONE WHERE iotdevice.id = $2::INTEGER]
[parameters: (datetime.datetime(2026, 5, 19, 14, 27, 29, 767647, tzinfo=datetime.timezone.utc), 1)]
(Background on this error at: https://sqlalche.me/e/20/dbapi)
INFO:     connection closed
INFO:     127.0.0.1:52854 - "WebSocket /api/v1/pos/iot/ws/iot?token=test-token-123" [accepted]
INFO:     connection open
ERROR:pos_core.iot.websocket_handler:❌ Error crítico en sesión IoT 1: (sqlalchemy.dialects.postgresql.asyncpg.Error) <class 'asyncpg.exceptions.DataError'>: invalid input for query argument $1: datetime.datetime(2026, 5, 19, 14, 27, 2... (can't subtract offset-naive and offset-aware datetimes)
[SQL: UPDATE iotdevice SET last_seen=$1::TIMESTAMP WITHOUT TIME ZONE WHERE iotdevice.id = $2::INTEGER]
[parameters: (datetime.datetime(2026, 5, 19, 14, 27, 29, 772215, tzinfo=datetime.timezone.utc), 1)]
(Background on this error at: https://sqlalche.me/e/20/dbapi)
INFO:     connection closed
INFO:     127.0.0.1:52858 - "WebSocket /api/v1/pos/iot/ws/iot?token=test-token-123" [accepted]
INFO:     connection open
ERROR:pos_core.iot.websocket_handler:❌ Error crítico en sesión IoT 1: (sqlalchemy.dialects.postgresql.asyncpg.Error) <class 'asyncpg.exceptions.DataError'>: invalid input for query argument $1: datetime.datetime(2026, 5, 19, 14, 27, 2... (can't subtract offset-naive and offset-aware datetimes)
[SQL: UPDATE iotdevice SET last_seen=$1::TIMESTAMP WITHOUT TIME ZONE WHERE iotdevice.id = $2::INTEGER]
[parameters: (datetime.datetime(2026, 5, 19, 14, 27, 29, 776164, tzinfo=datetime.timezone.utc), 1)]
(Background on this error at: https://sqlalche.me/e/20/dbapi)
INFO:     connection closed
INFO:     127.0.0.1:52866 - "WebSocket /api/v1/pos/iot/ws/iot?token=test-token-123" [accepted]
INFO:     connection open
ERROR:pos_core.iot.websocket_handler:❌ Error crítico en sesión IoT 1: (sqlalchemy.dialects.postgresql.asyncpg.Error) <class 'asyncpg.exceptions.DataError'>: invalid input for query argument $1: datetime.datetime(2026, 5, 19, 14, 27, 2... (can't subtract offset-naive and offset-aware datetimes)
[SQL: UPDATE iotdevice SET last_seen=$1::TIMESTAMP WITHOUT TIME ZONE WHERE iotdevice.id = $2::INTEGER]
[parameters: (datetime.datetime(2026, 5, 19, 14, 27, 29, 783155, tzinfo=datetime.timezone.utc), 1)]
(Background on this error at: https://sqlalche.me/e/20/dbapi)
INFO:     connection closed
INFO:     127.0.0.1:52872 - "WebSocket /api/v1/pos/iot/ws/iot?token=test-token-123" [accepted]
INFO:     connection open
ERROR:pos_core.iot.websocket_handler:❌ Error crítico en sesión IoT 1: (sqlalchemy.dialects.postgresql.asyncpg.Error) <class 'asyncpg.exceptions.DataError'>: invalid input for query argument $1: datetime.datetime(2026, 5, 19, 14, 27, 2... (can't subtract offset-naive and offset-aware datetimes)
[SQL: UPDATE iotdevice SET last_seen=$1::TIMESTAMP WITHOUT TIME ZONE WHERE iotdevice.id = $2::INTEGER]
[parameters: (datetime.datetime(2026, 5, 19, 14, 27, 29, 790136, tzinfo=datetime.timezone.utc), 1)]
(Background on this error at: https://sqlalche.me/e/20/dbapi)
INFO:     connection closed
INFO:     127.0.0.1:52874 - "WebSocket /api/v1/pos/iot/ws/iot?token=test-token-123" [accepted]
INFO:     connection open
ERROR:pos_core.iot.websocket_handler:❌ Error crítico en sesión IoT 1: (sqlalchemy.dialects.postgresql.asyncpg.Error) <class 'asyncpg.exceptions.DataError'>: invalid input for query argument $1: datetime.datetime(2026, 5, 19, 14, 27, 2... (can't subtract offset-naive and offset-aware datetimes)
[SQL: UPDATE iotdevice SET last_seen=$1::TIMESTAMP WITHOUT TIME ZONE WHERE iotdevice.id = $2::INTEGER]
[parameters: (datetime.datetime(2026, 5, 19, 14, 27, 29, 797710, tzinfo=datetime.timezone.utc), 1)]
(Background on this error at: https://sqlalche.me/e/20/dbapi)
INFO:     connection closed
INFO:     127.0.0.1:52888 - "WebSocket /api/v1/pos/iot/ws/iot?token=test-token-123" [accepted]
INFO:     connection open
ERROR:pos_core.iot.websocket_handler:❌ Error crítico en sesión IoT 1: (sqlalchemy.dialects.postgresql.asyncpg.Error) <class 'asyncpg.exceptions.DataError'>: invalid input for query argument $1: datetime.datetime(2026, 5, 19, 14, 27, 2... (can't subtract offset-naive and offset-aware datetimes)
[SQL: UPDATE iotdevice SET last_seen=$1::TIMESTAMP WITHOUT TIME ZONE WHERE iotdevice.id = $2::INTEGER]
[parameters: (datetime.datetime(2026, 5, 19, 14, 27, 29, 804343, tzinfo=datetime.timezone.utc), 1)]
(Background on this error at: https://sqlalche.me/e/20/dbapi)
INFO:     connection closed
INFO:     127.0.0.1:52900 - "WebSocket /api/v1/pos/iot/ws/iot?token=test-token-123" [accepted]
INFO:     connection open
ERROR:pos_core.iot.websocket_handler:❌ Error crítico en sesión IoT 1: (sqlalchemy.dialects.postgresql.asyncpg.Error) <class 'asyncpg.exceptions.DataError'>: invalid input for query argument $1: datetime.datetime(2026, 5, 19, 14, 27, 2... (can't subtract offset-naive and offset-aware datetimes)
[SQL: UPDATE iotdevice SET last_seen=$1::TIMESTAMP WITHOUT TIME ZONE WHERE iotdevice.id = $2::INTEGER]
[parameters: (datetime.datetime(2026, 5, 19, 14, 27, 29, 809009, tzinfo=datetime.timezone.utc), 1)]
(Background on this error at: https://sqlalche.me/e/20/dbapi)
INFO:     connection closed
INFO:     127.0.0.1:52906 - "WebSocket /api/v1/pos/iot/ws/iot?token=test-token-123" [accepted]
INFO:     connection open
ERROR:pos_core.iot.websocket_handler:❌ Error crítico en sesión IoT 1: (sqlalchemy.dialects.postgresql.asyncpg.Error) <class 'asyncpg.exceptions.DataError'>: invalid input for query argument $1: datetime.datetime(2026, 5, 19, 14, 27, 2... (can't subtract offset-naive and offset-aware datetimes)
[SQL: UPDATE iotdevice SET last_seen=$1::TIMESTAMP WITHOUT TIME ZONE WHERE iotdevice.id = $2::INTEGER]
[parameters: (datetime.datetime(2026, 5, 19, 14, 27, 29, 814663, tzinfo=datetime.timezone.utc), 1)]
(Background on this error at: https://sqlalche.me/e/20/dbapi)
INFO:     connection closed
INFO:     127.0.0.1:52916 - "WebSocket /api/v1/pos/iot/ws/iot?token=test-token-123" [accepted]
INFO:     connection open
ERROR:pos_core.iot.websocket_handler:❌ Error crítico en sesión IoT 1: (sqlalchemy.dialects.postgresql.asyncpg.Error) <class 'asyncpg.exceptions.DataError'>: invalid input for query argument $1: datetime.datetime(2026, 5, 19, 14, 27, 2... (can't subtract offset-naive and offset-aware datetimes)
[SQL: UPDATE iotdevice SET last_seen=$1::TIMESTAMP WITHOUT TIME ZONE WHERE iotdevice.id = $2::INTEGER]
[parameters: (datetime.datetime(2026, 5, 19, 14, 27, 29, 820237, tzinfo=datetime.timezone.utc), 1)]
(Background on this error at: https://sqlalche.me/e/20/dbapi)
INFO:     connection closed
INFO:     127.0.0.1:52926 - "WebSocket /api/v1/pos/iot/ws/iot?token=test-token-123" [accepted]
INFO:     connection open
ERROR:pos_core.iot.websocket_handler:❌ Error crítico en sesión IoT 1: (sqlalchemy.dialects.postgresql.asyncpg.Error) <class 'asyncpg.exceptions.DataError'>: invalid input for query argument $1: datetime.datetime(2026, 5, 19, 14, 27, 2... (can't subtract offset-naive and offset-aware datetimes)
[SQL: UPDATE iotdevice SET last_seen=$1::TIMESTAMP WITHOUT TIME ZONE WHERE iotdevice.id = $2::INTEGER]
[parameters: (datetime.datetime(2026, 5, 19, 14, 27, 29, 824616, tzinfo=datetime.timezone.utc), 1)]
(Background on this error at: https://sqlalche.me/e/20/dbapi)
INFO:     connection closed
INFO:     127.0.0.1:52938 - "WebSocket /api/v1/pos/iot/ws/iot?token=test-token-123" [accepted]
INFO:     connection open
ERROR:pos_core.iot.websocket_handler:❌ Error crítico en sesión IoT 1: (sqlalchemy.dialects.postgresql.asyncpg.Error) <class 'asyncpg.exceptions.DataError'>: invalid input for query argument $1: datetime.datetime(2026, 5, 19, 14, 27, 2... (can't subtract offset-naive and offset-aware datetimes)
[SQL: UPDATE iotdevice SET last_seen=$1::TIMESTAMP WITHOUT TIME ZONE WHERE iotdevice.id = $2::INTEGER]
[parameters: (datetime.datetime(2026, 5, 19, 14, 27, 29, 828563, tzinfo=datetime.timezone.utc), 1)]
(Background on this error at: https://sqlalche.me/e/20/dbapi)
INFO:     connection closed
INFO:     127.0.0.1:52946 - "WebSocket /api/v1/pos/iot/ws/iot?token=test-token-123" [accepted]
INFO:     connection open
ERROR:pos_core.iot.websocket_handler:❌ Error crítico en sesión IoT 1: (sqlalchemy.dialects.postgresql.asyncpg.Error) <class 'asyncpg.exceptions.DataError'>: invalid input for query argument $1: datetime.datetime(2026, 5, 19, 14, 27, 2... (can't subtract offset-naive and offset-aware datetimes)
[SQL: UPDATE iotdevice SET last_seen=$1::TIMESTAMP WITHOUT TIME ZONE WHERE iotdevice.id = $2::INTEGER]
[parameters: (datetime.datetime(2026, 5, 19, 14, 27, 29, 833014, tzinfo=datetime.timezone.utc), 1)]
(Background on this error at: https://sqlalche.me/e/20/dbapi)
INFO:     connection closed
INFO:     127.0.0.1:52948 - "WebSocket /api/v1/pos/iot/ws/iot?token=test-token-123" [accepted]
INFO:     connection open
ERROR:pos_core.iot.websocket_handler:❌ Error crítico en sesión IoT 1: (sqlalchemy.dialects.postgresql.asyncpg.Error) <class 'asyncpg.exceptions.DataError'>: invalid input for query argument $1: datetime.datetime(2026, 5, 19, 14, 27, 2... (can't subtract offset-naive and offset-aware datetimes)
[SQL: UPDATE iotdevice SET last_seen=$1::TIMESTAMP WITHOUT TIME ZONE WHERE iotdevice.id = $2::INTEGER]
[parameters: (datetime.datetime(2026, 5, 19, 14, 27, 29, 837396, tzinfo=datetime.timezone.utc), 1)]
(Background on this error at: https://sqlalche.me/e/20/dbapi)
INFO:     connection closed
INFO:     127.0.0.1:52952 - "WebSocket /api/v1/pos/iot/ws/iot?token=test-token-123" [accepted]
INFO:     connection open
ERROR:pos_core.iot.websocket_handler:❌ Error crítico en sesión IoT 1: (sqlalchemy.dialects.postgresql.asyncpg.Error) <class 'asyncpg.exceptions.DataError'>: invalid input for query argument $1: datetime.datetime(2026, 5, 19, 14, 27, 2... (can't subtract offset-naive and offset-aware datetimes)
[SQL: UPDATE iotdevice SET last_seen=$1::TIMESTAMP WITHOUT TIME ZONE WHERE iotdevice.id = $2::INTEGER]
[parameters: (datetime.datetime(2026, 5, 19, 14, 27, 29, 841844, tzinfo=datetime.timezone.utc), 1)]
(Background on this error at: https://sqlalche.me/e/20/dbapi)
INFO:     connection closed
INFO:     127.0.0.1:52954 - "WebSocket /api/v1/pos/iot/ws/iot?token=test-token-123" [accepted]
INFO:     connection open
ERROR:pos_core.iot.websocket_handler:❌ Error crítico en sesión IoT 1: (sqlalchemy.dialects.postgresql.asyncpg.Error) <class 'asyncpg.exceptions.DataError'>: invalid input for query argument $1: datetime.datetime(2026, 5, 19, 14, 27, 2... (can't subtract offset-naive and offset-aware datetimes)
[SQL: UPDATE iotdevice SET last_seen=$1::TIMESTAMP WITHOUT TIME ZONE WHERE iotdevice.id = $2::INTEGER]
[parameters: (datetime.datetime(2026, 5, 19, 14, 27, 29, 846461, tzinfo=datetime.timezone.utc), 1)]
(Background on this error at: https://sqlalche.me/e/20/dbapi)
INFO:     connection closed
INFO:     127.0.0.1:52960 - "WebSocket /api/v1/pos/iot/ws/iot?token=test-token-123" [accepted]
INFO:     connection open
ERROR:pos_core.iot.websocket_handler:❌ Error crítico en sesión IoT 1: (sqlalchemy.dialects.postgresql.asyncpg.Error) <class 'asyncpg.exceptions.DataError'>: invalid input for query argument $1: datetime.datetime(2026, 5, 19, 14, 27, 2... (can't subtract offset-naive and offset-aware datetimes)
[SQL: UPDATE iotdevice SET last_seen=$1::TIMESTAMP WITHOUT TIME ZONE WHERE iotdevice.id = $2::INTEGER]
[parameters: (datetime.datetime(2026, 5, 19, 14, 27, 29, 852787, tzinfo=datetime.timezone.utc), 1)]
(Background on this error at: https://sqlalche.me/e/20/dbapi)
INFO:     connection closed
INFO:     127.0.0.1:52964 - "WebSocket /api/v1/pos/iot/ws/iot?token=test-token-123" [accepted]
INFO:     connection open
ERROR:pos_core.iot.websocket_handler:❌ Error crítico en sesión IoT 1: (sqlalchemy.dialects.postgresql.asyncpg.Error) <class 'asyncpg.exceptions.DataError'>: invalid input for query argument $1: datetime.datetime(2026, 5, 19, 14, 27, 2... (can't subtract offset-naive and offset-aware datetimes)
[SQL: UPDATE iotdevice SET last_seen=$1::TIMESTAMP WITHOUT TIME ZONE WHERE iotdevice.id = $2::INTEGER]
[parameters: (datetime.datetime(2026, 5, 19, 14, 27, 29, 858425, tzinfo=datetime.timezone.utc), 1)]
(Background on this error at: https://sqlalche.me/e/20/dbapi)
INFO:     connection closed
INFO:     127.0.0.1:52970 - "WebSocket /api/v1/pos/iot/ws/iot?token=test-token-123" [accepted]
INFO:     connection open
ERROR:pos_core.iot.websocket_handler:❌ Error crítico en sesión IoT 1: (sqlalchemy.dialects.postgresql.asyncpg.Error) <class 'asyncpg.exceptions.DataError'>: invalid input for query argument $1: datetime.datetime(2026, 5, 19, 14, 27, 2... (can't subtract offset-naive and offset-aware datetimes)
[SQL: UPDATE iotdevice SET last_seen=$1::TIMESTAMP WITHOUT TIME ZONE WHERE iotdevice.id = $2::INTEGER]
[parameters: (datetime.datetime(2026, 5, 19, 14, 27, 29, 863704, tzinfo=datetime.timezone.utc), 1)]
(Background on this error at: https://sqlalche.me/e/20/dbapi)
INFO:     connection closed
INFO:     127.0.0.1:52978 - "WebSocket /api/v1/pos/iot/ws/iot?token=test-token-123" [accepted]
INFO:     connection open
ERROR:pos_core.iot.websocket_handler:❌ Error crítico en sesión IoT 1: (sqlalchemy.dialects.postgresql.asyncpg.Error) <class 'asyncpg.exceptions.DataError'>: invalid input for query argument $1: datetime.datetime(2026, 5, 19, 14, 27, 2... (can't subtract offset-naive and offset-aware datetimes)
[SQL: UPDATE iotdevice SET last_seen=$1::TIMESTAMP WITHOUT TIME ZONE WHERE iotdevice.id = $2::INTEGER]
[parameters: (datetime.datetime(2026, 5, 19, 14, 27, 29, 872077, tzinfo=datetime.timezone.utc), 1)]
(Background on this error at: https://sqlalche.me/e/20/dbapi)
INFO:     connection closed
INFO:     127.0.0.1:52990 - "WebSocket /api/v1/pos/iot/ws/iot?token=test-token-123" [accepted]
INFO:     connection open
ERROR:pos_core.iot.websocket_handler:❌ Error crítico en sesión IoT 1: (sqlalchemy.dialects.postgresql.asyncpg.Error) <class 'asyncpg.exceptions.DataError'>: invalid input for query argument $1: datetime.datetime(2026, 5, 19, 14, 27, 2... (can't subtract offset-naive and offset-aware datetimes)
[SQL: UPDATE iotdevice SET last_seen=$1::TIMESTAMP WITHOUT TIME ZONE WHERE iotdevice.id = $2::INTEGER]
[parameters: (datetime.datetime(2026, 5, 19, 14, 27, 29, 876358, tzinfo=datetime.timezone.utc), 1)]
(Background on this error at: https://sqlalche.me/e/20/dbapi)
INFO:     connection closed
INFO:     127.0.0.1:53004 - "WebSocket /api/v1/pos/iot/ws/iot?token=test-token-123" [accepted]
INFO:     connection open
ERROR:pos_core.iot.websocket_handler:❌ Error crítico en sesión IoT 1: (sqlalchemy.dialects.postgresql.asyncpg.Error) <class 'asyncpg.exceptions.DataError'>: invalid input for query argument $1: datetime.datetime(2026, 5, 19, 14, 27, 2... (can't subtract offset-naive and offset-aware datetimes)
[SQL: UPDATE iotdevice SET last_seen=$1::TIMESTAMP WITHOUT TIME ZONE WHERE iotdevice.id = $2::INTEGER]
[parameters: (datetime.datetime(2026, 5, 19, 14, 27, 29, 881394, tzinfo=datetime.timezone.utc), 1)]
(Background on this error at: https://sqlalche.me/e/20/dbapi)
INFO:     connection closed
INFO:     127.0.0.1:53010 - "WebSocket /api/v1/pos/iot/ws/iot?token=test-token-123" [accepted]
INFO:     connection open
ERROR:pos_core.iot.websocket_handler:❌ Error crítico en sesión IoT 1: (sqlalchemy.dialects.postgresql.asyncpg.Error) <class 'asyncpg.exceptions.DataError'>: invalid input for query argument $1: datetime.datetime(2026, 5, 19, 14, 27, 2... (can't subtract offset-naive and offset-aware datetimes)
[SQL: UPDATE iotdevice SET last_seen=$1::TIMESTAMP WITHOUT TIME ZONE WHERE iotdevice.id = $2::INTEGER]
[parameters: (datetime.datetime(2026, 5, 19, 14, 27, 29, 888902, tzinfo=datetime.timezone.utc), 1)]
(Background on this error at: https://sqlalche.me/e/20/dbapi)
INFO:     connection closed
INFO:     127.0.0.1:53016 - "WebSocket /api/v1/pos/iot/ws/iot?token=test-token-123" [accepted]
INFO:     connection open
ERROR:pos_core.iot.websocket_handler:❌ Error crítico en sesión IoT 1: (sqlalchemy.dialects.postgresql.asyncpg.Error) <class 'asyncpg.exceptions.DataError'>: invalid input for query argument $1: datetime.datetime(2026, 5, 19, 14, 27, 2... (can't subtract offset-naive and offset-aware datetimes)
[SQL: UPDATE iotdevice SET last_seen=$1::TIMESTAMP WITHOUT TIME ZONE WHERE iotdevice.id = $2::INTEGER]
[parameters: (datetime.datetime(2026, 5, 19, 14, 27, 29, 893055, tzinfo=datetime.timezone.utc), 1)]
(Background on this error at: https://sqlalche.me/e/20/dbapi)
INFO:     connection closed
INFO:     127.0.0.1:53024 - "WebSocket /api/v1/pos/iot/ws/iot?token=test-token-123" [accepted]
INFO:     connection open
ERROR:pos_core.iot.websocket_handler:❌ Error crítico en sesión IoT 1: (sqlalchemy.dialects.postgresql.asyncpg.Error) <class 'asyncpg.exceptions.DataError'>: invalid input for query argument $1: datetime.datetime(2026, 5, 19, 14, 27, 2... (can't subtract offset-naive and offset-aware datetimes)
[SQL: UPDATE iotdevice SET last_seen=$1::TIMESTAMP WITHOUT TIME ZONE WHERE iotdevice.id = $2::INTEGER]
[parameters: (datetime.datetime(2026, 5, 19, 14, 27, 29, 898407, tzinfo=datetime.timezone.utc), 1)]
(Background on this error at: https://sqlalche.me/e/20/dbapi)
INFO:     connection closed
INFO:     127.0.0.1:53030 - "WebSocket /api/v1/pos/iot/ws/iot?token=test-token-123" [accepted]
INFO:     connection open
ERROR:pos_core.iot.websocket_handler:❌ Error crítico en sesión IoT 1: (sqlalchemy.dialects.postgresql.asyncpg.Error) <class 'asyncpg.exceptions.DataError'>: invalid input for query argument $1: datetime.datetime(2026, 5, 19, 14, 27, 2... (can't subtract offset-naive and offset-aware datetimes)
[SQL: UPDATE iotdevice SET last_seen=$1::TIMESTAMP WITHOUT TIME ZONE WHERE iotdevice.id = $2::INTEGER]
[parameters: (datetime.datetime(2026, 5, 19, 14, 27, 29, 903456, tzinfo=datetime.timezone.utc), 1)]
(Background on this error at: https://sqlalche.me/e/20/dbapi)
INFO:     connection closed
INFO:     127.0.0.1:53034 - "WebSocket /api/v1/pos/iot/ws/iot?token=test-token-123" [accepted]
INFO:     connection open
ERROR:pos_core.iot.websocket_handler:❌ Error crítico en sesión IoT 1: (sqlalchemy.dialects.postgresql.asyncpg.Error) <class 'asyncpg.exceptions.DataError'>: invalid input for query argument $1: datetime.datetime(2026, 5, 19, 14, 27, 2... (can't subtract offset-naive and offset-aware datetimes)
[SQL: UPDATE iotdevice SET last_seen=$1::TIMESTAMP WITHOUT TIME ZONE WHERE iotdevice.id = $2::INTEGER]
[parameters: (datetime.datetime(2026, 5, 19, 14, 27, 29, 908349, tzinfo=datetime.timezone.utc), 1)]
(Background on this error at: https://sqlalche.me/e/20/dbapi)
INFO:     connection closed
INFO:     127.0.0.1:53048 - "WebSocket /api/v1/pos/iot/ws/iot?token=test-token-123" [accepted]
INFO:     connection open
ERROR:pos_core.iot.websocket_handler:❌ Error crítico en sesión IoT 1: (sqlalchemy.dialects.postgresql.asyncpg.Error) <class 'asyncpg.exceptions.DataError'>: invalid input for query argument $1: datetime.datetime(2026, 5, 19, 14, 27, 2... (can't subtract offset-naive and offset-aware datetimes)
[SQL: UPDATE iotdevice SET last_seen=$1::TIMESTAMP WITHOUT TIME ZONE WHERE iotdevice.id = $2::INTEGER]
[parameters: (datetime.datetime(2026, 5, 19, 14, 27, 29, 913553, tzinfo=datetime.timezone.utc), 1)]
(Background on this error at: https://sqlalche.me/e/20/dbapi)
INFO:     connection closed
INFO:     127.0.0.1:53060 - "WebSocket /api/v1/pos/iot/ws/iot?token=test-token-123" [accepted]
INFO:     connection open
ERROR:pos_core.iot.websocket_handler:❌ Error crítico en sesión IoT 1: (sqlalchemy.dialects.postgresql.asyncpg.Error) <class 'asyncpg.exceptions.DataError'>: invalid input for query argument $1: datetime.datetime(2026, 5, 19, 14, 27, 2... (can't subtract offset-naive and offset-aware datetimes)
[SQL: UPDATE iotdevice SET last_seen=$1::TIMESTAMP WITHOUT TIME ZONE WHERE iotdevice.id = $2::INTEGER]
[parameters: (datetime.datetime(2026, 5, 19, 14, 27, 29, 919495, tzinfo=datetime.timezone.utc), 1)]
(Background on this error at: https://sqlalche.me/e/20/dbapi)
INFO:     connection closed
INFO:     127.0.0.1:53064 - "WebSocket /api/v1/pos/iot/ws/iot?token=test-token-123" [accepted]
INFO:     connection open
ERROR:pos_core.iot.websocket_handler:❌ Error crítico en sesión IoT 1: (sqlalchemy.dialects.postgresql.asyncpg.Error) <class 'asyncpg.exceptions.DataError'>: invalid input for query argument $1: datetime.datetime(2026, 5, 19, 14, 27, 2... (can't subtract offset-naive and offset-aware datetimes)
[SQL: UPDATE iotdevice SET last_seen=$1::TIMESTAMP WITHOUT TIME ZONE WHERE iotdevice.id = $2::INTEGER]
[parameters: (datetime.datetime(2026, 5, 19, 14, 27, 29, 923927, tzinfo=datetime.timezone.utc), 1)]
(Background on this error at: https://sqlalche.me/e/20/dbapi)
INFO:     connection closed
INFO:     127.0.0.1:53076 - "WebSocket /api/v1/pos/iot/ws/iot?token=test-token-123" [accepted]
INFO:     connection open
ERROR:pos_core.iot.websocket_handler:❌ Error crítico en sesión IoT 1: (sqlalchemy.dialects.postgresql.asyncpg.Error) <class 'asyncpg.exceptions.DataError'>: invalid input for query argument $1: datetime.datetime(2026, 5, 19, 14, 27, 2... (can't subtract offset-naive and offset-aware datetimes)
[SQL: UPDATE iotdevice SET last_seen=$1::TIMESTAMP WITHOUT TIME ZONE WHERE iotdevice.id = $2::INTEGER]
[parameters: (datetime.datetime(2026, 5, 19, 14, 27, 29, 927957, tzinfo=datetime.timezone.utc), 1)]
(Background on this error at: https://sqlalche.me/e/20/dbapi)
INFO:     connection closed
INFO:     127.0.0.1:53082 - "WebSocket /api/v1/pos/iot/ws/iot?token=test-token-123" [accepted]
INFO:     connection open
ERROR:pos_core.iot.websocket_handler:❌ Error crítico en sesión IoT 1: (sqlalchemy.dialects.postgresql.asyncpg.Error) <class 'asyncpg.exceptions.DataError'>: invalid input for query argument $1: datetime.datetime(2026, 5, 19, 14, 27, 2... (can't subtract offset-naive and offset-aware datetimes)
[SQL: UPDATE iotdevice SET last_seen=$1::TIMESTAMP WITHOUT TIME ZONE WHERE iotdevice.id = $2::INTEGER]
[parameters: (datetime.datetime(2026, 5, 19, 14, 27, 29, 933073, tzinfo=datetime.timezone.utc), 1)]
(Background on this error at: https://sqlalche.me/e/20/dbapi)
INFO:     connection closed
INFO:     127.0.0.1:53088 - "WebSocket /api/v1/pos/iot/ws/iot?token=test-token-123" [accepted]
INFO:     connection open
ERROR:pos_core.iot.websocket_handler:❌ Error crítico en sesión IoT 1: (sqlalchemy.dialects.postgresql.asyncpg.Error) <class 'asyncpg.exceptions.DataError'>: invalid input for query argument $1: datetime.datetime(2026, 5, 19, 14, 27, 2... (can't subtract offset-naive and offset-aware datetimes)
[SQL: UPDATE iotdevice SET last_seen=$1::TIMESTAMP WITHOUT TIME ZONE WHERE iotdevice.id = $2::INTEGER]
[parameters: (datetime.datetime(2026, 5, 19, 14, 27, 29, 937423, tzinfo=datetime.timezone.utc), 1)]
(Background on this error at: https://sqlalche.me/e/20/dbapi)
INFO:     connection closed
INFO:     127.0.0.1:53100 - "WebSocket /api/v1/pos/iot/ws/iot?token=test-token-123" [accepted]
INFO:     connection open
ERROR:pos_core.iot.websocket_handler:❌ Error crítico en sesión IoT 1: (sqlalchemy.dialects.postgresql.asyncpg.Error) <class 'asyncpg.exceptions.DataError'>: invalid input for query argument $1: datetime.datetime(2026, 5, 19, 14, 27, 2... (can't subtract offset-naive and offset-aware datetimes)
[SQL: UPDATE iotdevice SET last_seen=$1::TIMESTAMP WITHOUT TIME ZONE WHERE iotdevice.id = $2::INTEGER]
[parameters: (datetime.datetime(2026, 5, 19, 14, 27, 29, 942987, tzinfo=datetime.timezone.utc), 1)]
(Background on this error at: https://sqlalche.me/e/20/dbapi)
INFO:     connection closed
INFO:     127.0.0.1:53108 - "WebSocket /api/v1/pos/iot/ws/iot?token=test-token-123" [accepted]
INFO:     connection open
ERROR:pos_core.iot.websocket_handler:❌ Error crítico en sesión IoT 1: (sqlalchemy.dialects.postgresql.asyncpg.Error) <class 'asyncpg.exceptions.DataError'>: invalid input for query argument $1: datetime.datetime(2026, 5, 19, 14, 27, 2... (can't subtract offset-naive and offset-aware datetimes)
[SQL: UPDATE iotdevice SET last_seen=$1::TIMESTAMP WITHOUT TIME ZONE WHERE iotdevice.id = $2::INTEGER]
[parameters: (datetime.datetime(2026, 5, 19, 14, 27, 29, 948541, tzinfo=datetime.timezone.utc), 1)]
(Background on this error at: https://sqlalche.me/e/20/dbapi)
INFO:     connection closed
INFO:     127.0.0.1:53120 - "WebSocket /api/v1/pos/iot/ws/iot?token=test-token-123" [accepted]
INFO:     connection open
ERROR:pos_core.iot.websocket_handler:❌ Error crítico en sesión IoT 1: (sqlalchemy.dialects.postgresql.asyncpg.Error) <class 'asyncpg.exceptions.DataError'>: invalid input for query argument $1: datetime.datetime(2026, 5, 19, 14, 27, 2... (can't subtract offset-naive and offset-aware datetimes)
[SQL: UPDATE iotdevice SET last_seen=$1::TIMESTAMP WITHOUT TIME ZONE WHERE iotdevice.id = $2::INTEGER]
[parameters: (datetime.datetime(2026, 5, 19, 14, 27, 29, 953601, tzinfo=datetime.timezone.utc), 1)]
(Background on this error at: https://sqlalche.me/e/20/dbapi)
INFO:     connection closed
INFO:     127.0.0.1:53128 - "WebSocket /api/v1/pos/iot/ws/iot?token=test-token-123" [accepted]
INFO:     connection open
ERROR:pos_core.iot.websocket_handler:❌ Error crítico en sesión IoT 1: (sqlalchemy.dialects.postgresql.asyncpg.Error) <class 'asyncpg.exceptions.DataError'>: invalid input for query argument $1: datetime.datetime(2026, 5, 19, 14, 27, 2... (can't subtract offset-naive and offset-aware datetimes)
[SQL: UPDATE iotdevice SET last_seen=$1::TIMESTAMP WITHOUT TIME ZONE WHERE iotdevice.id = $2::INTEGER]
[parameters: (datetime.datetime(2026, 5, 19, 14, 27, 29, 958656, tzinfo=datetime.timezone.utc), 1)]
(Background on this error at: https://sqlalche.me/e/20/dbapi)
INFO:     connection closed
INFO:     127.0.0.1:53140 - "WebSocket /api/v1/pos/iot/ws/iot?token=test-token-123" [accepted]
INFO:     connection open
ERROR:pos_core.iot.websocket_handler:❌ Error crítico en sesión IoT 1: (sqlalchemy.dialects.postgresql.asyncpg.Error) <class 'asyncpg.exceptions.DataError'>: invalid input for query argument $1: datetime.datetime(2026, 5, 19, 14, 27, 2... (can't subtract offset-naive and offset-aware datetimes)
[SQL: UPDATE iotdevice SET last_seen=$1::TIMESTAMP WITHOUT TIME ZONE WHERE iotdevice.id = $2::INTEGER]
[parameters: (datetime.datetime(2026, 5, 19, 14, 27, 29, 963679, tzinfo=datetime.timezone.utc), 1)]
(Background on this error at: https://sqlalche.me/e/20/dbapi)
INFO:     connection closed
INFO:     127.0.0.1:53146 - "WebSocket /api/v1/pos/iot/ws/iot?token=test-token-123" [accepted]
INFO:     connection open
ERROR:pos_core.iot.websocket_handler:❌ Error crítico en sesión IoT 1: (sqlalchemy.dialects.postgresql.asyncpg.Error) <class 'asyncpg.exceptions.DataError'>: invalid input for query argument $1: datetime.datetime(2026, 5, 19, 14, 27, 2... (can't subtract offset-naive and offset-aware datetimes)
[SQL: UPDATE iotdevice SET last_seen=$1::TIMESTAMP WITHOUT TIME ZONE WHERE iotdevice.id = $2::INTEGER]
[parameters: (datetime.datetime(2026, 5, 19, 14, 27, 29, 970673, tzinfo=datetime.timezone.utc), 1)]
(Background on this error at: https://sqlalche.me/e/20/dbapi)
INFO:     connection closed
INFO:     127.0.0.1:53156 - "WebSocket /api/v1/pos/iot/ws/iot?token=test-token-123" [accepted]
INFO:     connection open
ERROR:pos_core.iot.websocket_handler:❌ Error crítico en sesión IoT 1: (sqlalchemy.dialects.postgresql.asyncpg.Error) <class 'asyncpg.exceptions.DataError'>: invalid input for query argument $1: datetime.datetime(2026, 5, 19, 14, 27, 2... (can't subtract offset-naive and offset-aware datetimes)
[SQL: UPDATE iotdevice SET last_seen=$1::TIMESTAMP WITHOUT TIME ZONE WHERE iotdevice.id = $2::INTEGER]
[parameters: (datetime.datetime(2026, 5, 19, 14, 27, 29, 974980, tzinfo=datetime.timezone.utc), 1)]
(Background on this error at: https://sqlalche.me/e/20/dbapi)
INFO:     connection closed
INFO:     127.0.0.1:53168 - "WebSocket /api/v1/pos/iot/ws/iot?token=test-token-123" [accepted]
INFO:     connection open
ERROR:pos_core.iot.websocket_handler:❌ Error crítico en sesión IoT 1: (sqlalchemy.dialects.postgresql.asyncpg.Error) <class 'asyncpg.exceptions.DataError'>: invalid input for query argument $1: datetime.datetime(2026, 5, 19, 14, 27, 2... (can't subtract offset-naive and offset-aware datetimes)
[SQL: UPDATE iotdevice SET last_seen=$1::TIMESTAMP WITHOUT TIME ZONE WHERE iotdevice.id = $2::INTEGER]
[parameters: (datetime.datetime(2026, 5, 19, 14, 27, 29, 978896, tzinfo=datetime.timezone.utc), 1)]
(Background on this error at: https://sqlalche.me/e/20/dbapi)
INFO:     connection closed
INFO:     127.0.0.1:53180 - "WebSocket /api/v1/pos/iot/ws/iot?token=test-token-123" [accepted]
INFO:     connection open
ERROR:pos_core.iot.websocket_handler:❌ Error crítico en sesión IoT 1: (sqlalchemy.dialects.postgresql.asyncpg.Error) <class 'asyncpg.exceptions.DataError'>: invalid input for query argument $1: datetime.datetime(2026, 5, 19, 14, 27, 2... (can't subtract offset-naive and offset-aware datetimes)
[SQL: UPDATE iotdevice SET last_seen=$1::TIMESTAMP WITHOUT TIME ZONE WHERE iotdevice.id = $2::INTEGER]
[parameters: (datetime.datetime(2026, 5, 19, 14, 27, 29, 984162, tzinfo=datetime.timezone.utc), 1)]
(Background on this error at: https://sqlalche.me/e/20/dbapi)
INFO:     connection closed
INFO:     127.0.0.1:53196 - "WebSocket /api/v1/pos/iot/ws/iot?token=test-token-123" [accepted]
INFO:     connection open
ERROR:pos_core.iot.websocket_handler:❌ Error crítico en sesión IoT 1: (sqlalchemy.dialects.postgresql.asyncpg.Error) <class 'asyncpg.exceptions.DataError'>: invalid input for query argument $1: datetime.datetime(2026, 5, 19, 14, 27, 2... (can't subtract offset-naive and offset-aware datetimes)
[SQL: UPDATE iotdevice SET last_seen=$1::TIMESTAMP WITHOUT TIME ZONE WHERE iotdevice.id = $2::INTEGER]
[parameters: (datetime.datetime(2026, 5, 19, 14, 27, 29, 988419, tzinfo=datetime.timezone.utc), 1)]
(Background on this error at: https://sqlalche.me/e/20/dbapi)
INFO:     connection closed
INFO:     127.0.0.1:53212 - "WebSocket /api/v1/pos/iot/ws/iot?token=test-token-123" [accepted]
INFO:     connection open
ERROR:pos_core.iot.websocket_handler:❌ Error crítico en sesión IoT 1: (sqlalchemy.dialects.postgresql.asyncpg.Error) <class 'asyncpg.exceptions.DataError'>: invalid input for query argument $1: datetime.datetime(2026, 5, 19, 14, 27, 2... (can't subtract offset-naive and offset-aware datetimes)
[SQL: UPDATE iotdevice SET last_seen=$1::TIMESTAMP WITHOUT TIME ZONE WHERE iotdevice.id = $2::INTEGER]
[parameters: (datetime.datetime(2026, 5, 19, 14, 27, 29, 992661, tzinfo=datetime.timezone.utc), 1)]
(Background on this error at: https://sqlalche.me/e/20/dbapi)
INFO:     connection closed
INFO:     127.0.0.1:53224 - "WebSocket /api/v1/pos/iot/ws/iot?token=test-token-123" [accepted]
INFO:     connection open
ERROR:pos_core.iot.websocket_handler:❌ Error crítico en sesión IoT 1: (sqlalchemy.dialects.postgresql.asyncpg.Error) <class 'asyncpg.exceptions.DataError'>: invalid input for query argument $1: datetime.datetime(2026, 5, 19, 14, 27, 2... (can't subtract offset-naive and offset-aware datetimes)
[SQL: UPDATE iotdevice SET last_seen=$1::TIMESTAMP WITHOUT TIME ZONE WHERE iotdevice.id = $2::INTEGER]
[parameters: (datetime.datetime(2026, 5, 19, 14, 27, 29, 999465, tzinfo=datetime.timezone.utc), 1)]
(Background on this error at: https://sqlalche.me/e/20/dbapi)
INFO:     connection closed
INFO:     127.0.0.1:53230 - "WebSocket /api/v1/pos/iot/ws/iot?token=test-token-123" [accepted]
INFO:     connection open
ERROR:pos_core.iot.websocket_handler:❌ Error crítico en sesión IoT 1: (sqlalchemy.dialects.postgresql.asyncpg.Error) <class 'asyncpg.exceptions.DataError'>: invalid input for query argument $1: datetime.datetime(2026, 5, 19, 14, 27, 3... (can't subtract offset-naive and offset-aware datetimes)
[SQL: UPDATE iotdevice SET last_seen=$1::TIMESTAMP WITHOUT TIME ZONE WHERE iotdevice.id = $2::INTEGER]
[parameters: (datetime.datetime(2026, 5, 19, 14, 27, 30, 4005, tzinfo=datetime.timezone.utc), 1)]
(Background on this error at: https://sqlalche.me/e/20/dbapi)
INFO:     connection closed
INFO:     127.0.0.1:53244 - "WebSocket /api/v1/pos/iot/ws/iot?token=test-token-123" [accepted]
INFO:     connection open
ERROR:pos_core.iot.websocket_handler:❌ Error crítico en sesión IoT 1: (sqlalchemy.dialects.postgresql.asyncpg.Error) <class 'asyncpg.exceptions.DataError'>: invalid input for query argument $1: datetime.datetime(2026, 5, 19, 14, 27, 3... (can't subtract offset-naive and offset-aware datetimes)
[SQL: UPDATE iotdevice SET last_seen=$1::TIMESTAMP WITHOUT TIME ZONE WHERE iotdevice.id = $2::INTEGER]
[parameters: (datetime.datetime(2026, 5, 19, 14, 27, 30, 8440, tzinfo=datetime.timezone.utc), 1)]
(Background on this error at: https://sqlalche.me/e/20/dbapi)
INFO:     connection closed
INFO:     127.0.0.1:53260 - "WebSocket /api/v1/pos/iot/ws/iot?token=test-token-123" [accepted]
INFO:     connection open
ERROR:pos_core.iot.websocket_handler:❌ Error crítico en sesión IoT 1: (sqlalchemy.dialects.postgresql.asyncpg.Error) <class 'asyncpg.exceptions.DataError'>: invalid input for query argument $1: datetime.datetime(2026, 5, 19, 14, 27, 3... (can't subtract offset-naive and offset-aware datetimes)
[SQL: UPDATE iotdevice SET last_seen=$1::TIMESTAMP WITHOUT TIME ZONE WHERE iotdevice.id = $2::INTEGER]
[parameters: (datetime.datetime(2026, 5, 19, 14, 27, 30, 13660, tzinfo=datetime.timezone.utc), 1)]
(Background on this error at: https://sqlalche.me/e/20/dbapi)
INFO:     connection closed
INFO:     127.0.0.1:53262 - "WebSocket /api/v1/pos/iot/ws/iot?token=test-token-123" [accepted]
INFO:     connection open
ERROR:pos_core.iot.websocket_handler:❌ Error crítico en sesión IoT 1: (sqlalchemy.dialects.postgresql.asyncpg.Error) <class 'asyncpg.exceptions.DataError'>: invalid input for query argument $1: datetime.datetime(2026, 5, 19, 14, 27, 3... (can't subtract offset-naive and offset-aware datetimes)
[SQL: UPDATE iotdevice SET last_seen=$1::TIMESTAMP WITHOUT TIME ZONE WHERE iotdevice.id = $2::INTEGER]
[parameters: (datetime.datetime(2026, 5, 19, 14, 27, 30, 19886, tzinfo=datetime.timezone.utc), 1)]
(Background on this error at: https://sqlalche.me/e/20/dbapi)
INFO:     connection closed
INFO:     127.0.0.1:53270 - "WebSocket /api/v1/pos/iot/ws/iot?token=test-token-123" [accepted]
INFO:     connection open
ERROR:pos_core.iot.websocket_handler:❌ Error crítico en sesión IoT 1: (sqlalchemy.dialects.postgresql.asyncpg.Error) <class 'asyncpg.exceptions.DataError'>: invalid input for query argument $1: datetime.datetime(2026, 5, 19, 14, 27, 3... (can't subtract offset-naive and offset-aware datetimes)
[SQL: UPDATE iotdevice SET last_seen=$1::TIMESTAMP WITHOUT TIME ZONE WHERE iotdevice.id = $2::INTEGER]
[parameters: (datetime.datetime(2026, 5, 19, 14, 27, 30, 28494, tzinfo=datetime.timezone.utc), 1)]
(Background on this error at: https://sqlalche.me/e/20/dbapi)
INFO:     connection closed
INFO:     127.0.0.1:53272 - "WebSocket /api/v1/pos/iot/ws/iot?token=test-token-123" [accepted]
INFO:     connection open
ERROR:pos_core.iot.websocket_handler:❌ Error crítico en sesión IoT 1: (sqlalchemy.dialects.postgresql.asyncpg.Error) <class 'asyncpg.exceptions.DataError'>: invalid input for query argument $1: datetime.datetime(2026, 5, 19, 14, 27, 3... (can't subtract offset-naive and offset-aware datetimes)
[SQL: UPDATE iotdevice SET last_seen=$1::TIMESTAMP WITHOUT TIME ZONE WHERE iotdevice.id = $2::INTEGER]
[parameters: (datetime.datetime(2026, 5, 19, 14, 27, 30, 34061, tzinfo=datetime.timezone.utc), 1)]
(Background on this error at: https://sqlalche.me/e/20/dbapi)
INFO:     connection closed
INFO:     127.0.0.1:53278 - "WebSocket /api/v1/pos/iot/ws/iot?token=test-token-123" [accepted]
INFO:     connection open
ERROR:pos_core.iot.websocket_handler:❌ Error crítico en sesión IoT 1: (sqlalchemy.dialects.postgresql.asyncpg.Error) <class 'asyncpg.exceptions.DataError'>: invalid input for query argument $1: datetime.datetime(2026, 5, 19, 14, 27, 3... (can't subtract offset-naive and offset-aware datetimes)
[SQL: UPDATE iotdevice SET last_seen=$1::TIMESTAMP WITHOUT TIME ZONE WHERE iotdevice.id = $2::INTEGER]
[parameters: (datetime.datetime(2026, 5, 19, 14, 27, 30, 38613, tzinfo=datetime.timezone.utc), 1)]
(Background on this error at: https://sqlalche.me/e/20/dbapi)
INFO:     connection closed
INFO:     127.0.0.1:53290 - "WebSocket /api/v1/pos/iot/ws/iot?token=test-token-123" [accepted]
INFO:     connection open
ERROR:pos_core.iot.websocket_handler:❌ Error crítico en sesión IoT 1: (sqlalchemy.dialects.postgresql.asyncpg.Error) <class 'asyncpg.exceptions.DataError'>: invalid input for query argument $1: datetime.datetime(2026, 5, 19, 14, 27, 3... (can't subtract offset-naive and offset-aware datetimes)
[SQL: UPDATE iotdevice SET last_seen=$1::TIMESTAMP WITHOUT TIME ZONE WHERE iotdevice.id = $2::INTEGER]
[parameters: (datetime.datetime(2026, 5, 19, 14, 27, 30, 43421, tzinfo=datetime.timezone.utc), 1)]
(Background on this error at: https://sqlalche.me/e/20/dbapi)
INFO:     connection closed
INFO:     127.0.0.1:53300 - "WebSocket /api/v1/pos/iot/ws/iot?token=test-token-123" [accepted]
INFO:     connection open
ERROR:pos_core.iot.websocket_handler:❌ Error crítico en sesión IoT 1: (sqlalchemy.dialects.postgresql.asyncpg.Error) <class 'asyncpg.exceptions.DataError'>: invalid input for query argument $1: datetime.datetime(2026, 5, 19, 14, 27, 3... (can't subtract offset-naive and offset-aware datetimes)
[SQL: UPDATE iotdevice SET last_seen=$1::TIMESTAMP WITHOUT TIME ZONE WHERE iotdevice.id = $2::INTEGER]
[parameters: (datetime.datetime(2026, 5, 19, 14, 27, 30, 49666, tzinfo=datetime.timezone.utc), 1)]
(Background on this error at: https://sqlalche.me/e/20/dbapi)
INFO:     connection closed
INFO:     127.0.0.1:53304 - "WebSocket /api/v1/pos/iot/ws/iot?token=test-token-123" [accepted]
INFO:     connection open
ERROR:pos_core.iot.websocket_handler:❌ Error crítico en sesión IoT 1: (sqlalchemy.dialects.postgresql.asyncpg.Error) <class 'asyncpg.exceptions.DataError'>: invalid input for query argument $1: datetime.datetime(2026, 5, 19, 14, 27, 3... (can't subtract offset-naive and offset-aware datetimes)
[SQL: UPDATE iotdevice SET last_seen=$1::TIMESTAMP WITHOUT TIME ZONE WHERE iotdevice.id = $2::INTEGER]
[parameters: (datetime.datetime(2026, 5, 19, 14, 27, 30, 55393, tzinfo=datetime.timezone.utc), 1)]
(Background on this error at: https://sqlalche.me/e/20/dbapi)
INFO:     connection closed
INFO:     127.0.0.1:53308 - "WebSocket /api/v1/pos/iot/ws/iot?token=test-token-123" [accepted]
INFO:     connection open
ERROR:pos_core.iot.websocket_handler:❌ Error crítico en sesión IoT 1: (sqlalchemy.dialects.postgresql.asyncpg.Error) <class 'asyncpg.exceptions.DataError'>: invalid input for query argument $1: datetime.datetime(2026, 5, 19, 14, 27, 3... (can't subtract offset-naive and offset-aware datetimes)
[SQL: UPDATE iotdevice SET last_seen=$1::TIMESTAMP WITHOUT TIME ZONE WHERE iotdevice.id = $2::INTEGER]
[parameters: (datetime.datetime(2026, 5, 19, 14, 27, 30, 90801, tzinfo=datetime.timezone.utc), 1)]
(Background on this error at: https://sqlalche.me/e/20/dbapi)
INFO:     connection closed
INFO:     127.0.0.1:53322 - "WebSocket /api/v1/pos/iot/ws/iot?token=test-token-123" [accepted]
INFO:     connection open
ERROR:pos_core.iot.websocket_handler:❌ Error crítico en sesión IoT 1: (sqlalchemy.dialects.postgresql.asyncpg.Error) <class 'asyncpg.exceptions.DataError'>: invalid input for query argument $1: datetime.datetime(2026, 5, 19, 14, 27, 3... (can't subtract offset-naive and offset-aware datetimes)
[SQL: UPDATE iotdevice SET last_seen=$1::TIMESTAMP WITHOUT TIME ZONE WHERE iotdevice.id = $2::INTEGER]
[parameters: (datetime.datetime(2026, 5, 19, 14, 27, 30, 95626, tzinfo=datetime.timezone.utc), 1)]
(Background on this error at: https://sqlalche.me/e/20/dbapi)
INFO:     connection closed
INFO:     127.0.0.1:53328 - "WebSocket /api/v1/pos/iot/ws/iot?token=test-token-123" [accepted]
INFO:     connection open
ERROR:pos_core.iot.websocket_handler:❌ Error crítico en sesión IoT 1: (sqlalchemy.dialects.postgresql.asyncpg.Error) <class 'asyncpg.exceptions.DataError'>: invalid input for query argument $1: datetime.datetime(2026, 5, 19, 14, 27, 3... (can't subtract offset-naive and offset-aware datetimes)
[SQL: UPDATE iotdevice SET last_seen=$1::TIMESTAMP WITHOUT TIME ZONE WHERE iotdevice.id = $2::INTEGER]
[parameters: (datetime.datetime(2026, 5, 19, 14, 27, 30, 101099, tzinfo=datetime.timezone.utc), 1)]
(Background on this error at: https://sqlalche.me/e/20/dbapi)
INFO:     connection closed
INFO:     127.0.0.1:53330 - "WebSocket /api/v1/pos/iot/ws/iot?token=test-token-123" [accepted]
INFO:     connection open
ERROR:pos_core.iot.websocket_handler:❌ Error crítico en sesión IoT 1: (sqlalchemy.dialects.postgresql.asyncpg.Error) <class 'asyncpg.exceptions.DataError'>: invalid input for query argument $1: datetime.datetime(2026, 5, 19, 14, 27, 3... (can't subtract offset-naive and offset-aware datetimes)
[SQL: UPDATE iotdevice SET last_seen=$1::TIMESTAMP WITHOUT TIME ZONE WHERE iotdevice.id = $2::INTEGER]
[parameters: (datetime.datetime(2026, 5, 19, 14, 27, 30, 105799, tzinfo=datetime.timezone.utc), 1)]
(Background on this error at: https://sqlalche.me/e/20/dbapi)
INFO:     connection closed
INFO:     127.0.0.1:53332 - "WebSocket /api/v1/pos/iot/ws/iot?token=test-token-123" [accepted]
INFO:     connection open
ERROR:pos_core.iot.websocket_handler:❌ Error crítico en sesión IoT 1: (sqlalchemy.dialects.postgresql.asyncpg.Error) <class 'asyncpg.exceptions.DataError'>: invalid input for query argument $1: datetime.datetime(2026, 5, 19, 14, 27, 3... (can't subtract offset-naive and offset-aware datetimes)
[SQL: UPDATE iotdevice SET last_seen=$1::TIMESTAMP WITHOUT TIME ZONE WHERE iotdevice.id = $2::INTEGER]
[parameters: (datetime.datetime(2026, 5, 19, 14, 27, 30, 110361, tzinfo=datetime.timezone.utc), 1)]
(Background on this error at: https://sqlalche.me/e/20/dbapi)
INFO:     connection closed
INFO:     127.0.0.1:53334 - "WebSocket /api/v1/pos/iot/ws/iot?token=test-token-123" [accepted]
INFO:     connection open
ERROR:pos_core.iot.websocket_handler:❌ Error crítico en sesión IoT 1: (sqlalchemy.dialects.postgresql.asyncpg.Error) <class 'asyncpg.exceptions.DataError'>: invalid input for query argument $1: datetime.datetime(2026, 5, 19, 14, 27, 3... (can't subtract offset-naive and offset-aware datetimes)
[SQL: UPDATE iotdevice SET last_seen=$1::TIMESTAMP WITHOUT TIME ZONE WHERE iotdevice.id = $2::INTEGER]
[parameters: (datetime.datetime(2026, 5, 19, 14, 27, 30, 116862, tzinfo=datetime.timezone.utc), 1)]
(Background on this error at: https://sqlalche.me/e/20/dbapi)
INFO:     connection closed
INFO:     127.0.0.1:53344 - "WebSocket /api/v1/pos/iot/ws/iot?token=test-token-123" [accepted]
INFO:     connection open
ERROR:pos_core.iot.websocket_handler:❌ Error crítico en sesión IoT 1: (sqlalchemy.dialects.postgresql.asyncpg.Error) <class 'asyncpg.exceptions.DataError'>: invalid input for query argument $1: datetime.datetime(2026, 5, 19, 14, 27, 3... (can't subtract offset-naive and offset-aware datetimes)
[SQL: UPDATE iotdevice SET last_seen=$1::TIMESTAMP WITHOUT TIME ZONE WHERE iotdevice.id = $2::INTEGER]
[parameters: (datetime.datetime(2026, 5, 19, 14, 27, 30, 121300, tzinfo=datetime.timezone.utc), 1)]
(Background on this error at: https://sqlalche.me/e/20/dbapi)
INFO:     connection closed
INFO:     127.0.0.1:53348 - "WebSocket /api/v1/pos/iot/ws/iot?token=test-token-123" [accepted]
INFO:     connection open
ERROR:pos_core.iot.websocket_handler:❌ Error crítico en sesión IoT 1: (sqlalchemy.dialects.postgresql.asyncpg.Error) <class 'asyncpg.exceptions.DataError'>: invalid input for query argument $1: datetime.datetime(2026, 5, 19, 14, 27, 3... (can't subtract offset-naive and offset-aware datetimes)
[SQL: UPDATE iotdevice SET last_seen=$1::TIMESTAMP WITHOUT TIME ZONE WHERE iotdevice.id = $2::INTEGER]
[parameters: (datetime.datetime(2026, 5, 19, 14, 27, 30, 125175, tzinfo=datetime.timezone.utc), 1)]
(Background on this error at: https://sqlalche.me/e/20/dbapi)
INFO:     connection closed
INFO:     127.0.0.1:53362 - "WebSocket /api/v1/pos/iot/ws/iot?token=test-token-123" [accepted]
INFO:     connection open
ERROR:pos_core.iot.websocket_handler:❌ Error crítico en sesión IoT 1: (sqlalchemy.dialects.postgresql.asyncpg.Error) <class 'asyncpg.exceptions.DataError'>: invalid input for query argument $1: datetime.datetime(2026, 5, 19, 14, 27, 3... (can't subtract offset-naive and offset-aware datetimes)
[SQL: UPDATE iotdevice SET last_seen=$1::TIMESTAMP WITHOUT TIME ZONE WHERE iotdevice.id = $2::INTEGER]
[parameters: (datetime.datetime(2026, 5, 19, 14, 27, 30, 128866, tzinfo=datetime.timezone.utc), 1)]
(Background on this error at: https://sqlalche.me/e/20/dbapi)
INFO:     connection closed
INFO:     127.0.0.1:53364 - "WebSocket /api/v1/pos/iot/ws/iot?token=test-token-123" [accepted]
INFO:     connection open
ERROR:pos_core.iot.websocket_handler:❌ Error crítico en sesión IoT 1: (sqlalchemy.dialects.postgresql.asyncpg.Error) <class 'asyncpg.exceptions.DataError'>: invalid input for query argument $1: datetime.datetime(2026, 5, 19, 14, 27, 3... (can't subtract offset-naive and offset-aware datetimes)
[SQL: UPDATE iotdevice SET last_seen=$1::TIMESTAMP WITHOUT TIME ZONE WHERE iotdevice.id = $2::INTEGER]
[parameters: (datetime.datetime(2026, 5, 19, 14, 27, 30, 133555, tzinfo=datetime.timezone.utc), 1)]
(Background on this error at: https://sqlalche.me/e/20/dbapi)
INFO:     connection closed
INFO:     127.0.0.1:53372 - "WebSocket /api/v1/pos/iot/ws/iot?token=test-token-123" [accepted]
INFO:     connection open
ERROR:pos_core.iot.websocket_handler:❌ Error crítico en sesión IoT 1: (sqlalchemy.dialects.postgresql.asyncpg.Error) <class 'asyncpg.exceptions.DataError'>: invalid input for query argument $1: datetime.datetime(2026, 5, 19, 14, 27, 3... (can't subtract offset-naive and offset-aware datetimes)
[SQL: UPDATE iotdevice SET last_seen=$1::TIMESTAMP WITHOUT TIME ZONE WHERE iotdevice.id = $2::INTEGER]
[parameters: (datetime.datetime(2026, 5, 19, 14, 27, 30, 137413, tzinfo=datetime.timezone.utc), 1)]
(Background on this error at: https://sqlalche.me/e/20/dbapi)
INFO:     connection closed
INFO:     127.0.0.1:53384 - "WebSocket /api/v1/pos/iot/ws/iot?token=test-token-123" [accepted]
INFO:     connection open
ERROR:pos_core.iot.websocket_handler:❌ Error crítico en sesión IoT 1: (sqlalchemy.dialects.postgresql.asyncpg.Error) <class 'asyncpg.exceptions.DataError'>: invalid input for query argument $1: datetime.datetime(2026, 5, 19, 14, 27, 3... (can't subtract offset-naive and offset-aware datetimes)
[SQL: UPDATE iotdevice SET last_seen=$1::TIMESTAMP WITHOUT TIME ZONE WHERE iotdevice.id = $2::INTEGER]
[parameters: (datetime.datetime(2026, 5, 19, 14, 27, 30, 141222, tzinfo=datetime.timezone.utc), 1)]
(Background on this error at: https://sqlalche.me/e/20/dbapi)
INFO:     connection closed
INFO:     127.0.0.1:53388 - "WebSocket /api/v1/pos/iot/ws/iot?token=test-token-123" [accepted]
INFO:     connection open
ERROR:pos_core.iot.websocket_handler:❌ Error crítico en sesión IoT 1: (sqlalchemy.dialects.postgresql.asyncpg.Error) <class 'asyncpg.exceptions.DataError'>: invalid input for query argument $1: datetime.datetime(2026, 5, 19, 14, 27, 3... (can't subtract offset-naive and offset-aware datetimes)
[SQL: UPDATE iotdevice SET last_seen=$1::TIMESTAMP WITHOUT TIME ZONE WHERE iotdevice.id = $2::INTEGER]
[parameters: (datetime.datetime(2026, 5, 19, 14, 27, 30, 145492, tzinfo=datetime.timezone.utc), 1)]
(Background on this error at: https://sqlalche.me/e/20/dbapi)
INFO:     connection closed
INFO:     127.0.0.1:53402 - "WebSocket /api/v1/pos/iot/ws/iot?token=test-token-123" [accepted]
INFO:     connection open
ERROR:pos_core.iot.websocket_handler:❌ Error crítico en sesión IoT 1: (sqlalchemy.dialects.postgresql.asyncpg.Error) <class 'asyncpg.exceptions.DataError'>: invalid input for query argument $1: datetime.datetime(2026, 5, 19, 14, 27, 3... (can't subtract offset-naive and offset-aware datetimes)
[SQL: UPDATE iotdevice SET last_seen=$1::TIMESTAMP WITHOUT TIME ZONE WHERE iotdevice.id = $2::INTEGER]
[parameters: (datetime.datetime(2026, 5, 19, 14, 27, 30, 151583, tzinfo=datetime.timezone.utc), 1)]
(Background on this error at: https://sqlalche.me/e/20/dbapi)
INFO:     connection closed
INFO:     127.0.0.1:53410 - "WebSocket /api/v1/pos/iot/ws/iot?token=test-token-123" [accepted]
INFO:     connection open
ERROR:pos_core.iot.websocket_handler:❌ Error crítico en sesión IoT 1: (sqlalchemy.dialects.postgresql.asyncpg.Error) <class 'asyncpg.exceptions.DataError'>: invalid input for query argument $1: datetime.datetime(2026, 5, 19, 14, 27, 3... (can't subtract offset-naive and offset-aware datetimes)
[SQL: UPDATE iotdevice SET last_seen=$1::TIMESTAMP WITHOUT TIME ZONE WHERE iotdevice.id = $2::INTEGER]
[parameters: (datetime.datetime(2026, 5, 19, 14, 27, 30, 157037, tzinfo=datetime.timezone.utc), 1)]
(Background on this error at: https://sqlalche.me/e/20/dbapi)
INFO:     connection closed
INFO:     127.0.0.1:53416 - "WebSocket /api/v1/pos/iot/ws/iot?token=test-token-123" [accepted]
INFO:     connection open
ERROR:pos_core.iot.websocket_handler:❌ Error crítico en sesión IoT 1: (sqlalchemy.dialects.postgresql.asyncpg.Error) <class 'asyncpg.exceptions.DataError'>: invalid input for query argument $1: datetime.datetime(2026, 5, 19, 14, 27, 3... (can't subtract offset-naive and offset-aware datetimes)
[SQL: UPDATE iotdevice SET last_seen=$1::TIMESTAMP WITHOUT TIME ZONE WHERE iotdevice.id = $2::INTEGER]
[parameters: (datetime.datetime(2026, 5, 19, 14, 27, 30, 162462, tzinfo=datetime.timezone.utc), 1)]
(Background on this error at: https://sqlalche.me/e/20/dbapi)
INFO:     connection closed
INFO:     127.0.0.1:53426 - "WebSocket /api/v1/pos/iot/ws/iot?token=test-token-123" [accepted]
INFO:     connection open
ERROR:pos_core.iot.websocket_handler:❌ Error crítico en sesión IoT 1: (sqlalchemy.dialects.postgresql.asyncpg.Error) <class 'asyncpg.exceptions.DataError'>: invalid input for query argument $1: datetime.datetime(2026, 5, 19, 14, 27, 3... (can't subtract offset-naive and offset-aware datetimes)
[SQL: UPDATE iotdevice SET last_seen=$1::TIMESTAMP WITHOUT TIME ZONE WHERE iotdevice.id = $2::INTEGER]
[parameters: (datetime.datetime(2026, 5, 19, 14, 27, 30, 168037, tzinfo=datetime.timezone.utc), 1)]
(Background on this error at: https://sqlalche.me/e/20/dbapi)
INFO:     connection closed
INFO:     127.0.0.1:53442 - "WebSocket /api/v1/pos/iot/ws/iot?token=test-token-123" [accepted]
INFO:     connection open
ERROR:pos_core.iot.websocket_handler:❌ Error crítico en sesión IoT 1: (sqlalchemy.dialects.postgresql.asyncpg.Error) <class 'asyncpg.exceptions.DataError'>: invalid input for query argument $1: datetime.datetime(2026, 5, 19, 14, 27, 3... (can't subtract offset-naive and offset-aware datetimes)
[SQL: UPDATE iotdevice SET last_seen=$1::TIMESTAMP WITHOUT TIME ZONE WHERE iotdevice.id = $2::INTEGER]
[parameters: (datetime.datetime(2026, 5, 19, 14, 27, 30, 172285, tzinfo=datetime.timezone.utc), 1)]
(Background on this error at: https://sqlalche.me/e/20/dbapi)
INFO:     connection closed
INFO:     127.0.0.1:53458 - "WebSocket /api/v1/pos/iot/ws/iot?token=test-token-123" [accepted]
INFO:     connection open
ERROR:pos_core.iot.websocket_handler:❌ Error crítico en sesión IoT 1: (sqlalchemy.dialects.postgresql.asyncpg.Error) <class 'asyncpg.exceptions.DataError'>: invalid input for query argument $1: datetime.datetime(2026, 5, 19, 14, 27, 3... (can't subtract offset-naive and offset-aware datetimes)
[SQL: UPDATE iotdevice SET last_seen=$1::TIMESTAMP WITHOUT TIME ZONE WHERE iotdevice.id = $2::INTEGER]
[parameters: (datetime.datetime(2026, 5, 19, 14, 27, 30, 176338, tzinfo=datetime.timezone.utc), 1)]
(Background on this error at: https://sqlalche.me/e/20/dbapi)
INFO:     connection closed
INFO:     127.0.0.1:53464 - "WebSocket /api/v1/pos/iot/ws/iot?token=test-token-123" [accepted]
INFO:     connection open
ERROR:pos_core.iot.websocket_handler:❌ Error crítico en sesión IoT 1: (sqlalchemy.dialects.postgresql.asyncpg.Error) <class 'asyncpg.exceptions.DataError'>: invalid input for query argument $1: datetime.datetime(2026, 5, 19, 14, 27, 3... (can't subtract offset-naive and offset-aware datetimes)
[SQL: UPDATE iotdevice SET last_seen=$1::TIMESTAMP WITHOUT TIME ZONE WHERE iotdevice.id = $2::INTEGER]
[parameters: (datetime.datetime(2026, 5, 19, 14, 27, 30, 181161, tzinfo=datetime.timezone.utc), 1)]
(Background on this error at: https://sqlalche.me/e/20/dbapi)
INFO:     connection closed
INFO:     127.0.0.1:53472 - "WebSocket /api/v1/pos/iot/ws/iot?token=test-token-123" [accepted]
INFO:     connection open
ERROR:pos_core.iot.websocket_handler:❌ Error crítico en sesión IoT 1: (sqlalchemy.dialects.postgresql.asyncpg.Error) <class 'asyncpg.exceptions.DataError'>: invalid input for query argument $1: datetime.datetime(2026, 5, 19, 14, 27, 3... (can't subtract offset-naive and offset-aware datetimes)
[SQL: UPDATE iotdevice SET last_seen=$1::TIMESTAMP WITHOUT TIME ZONE WHERE iotdevice.id = $2::INTEGER]
[parameters: (datetime.datetime(2026, 5, 19, 14, 27, 30, 185910, tzinfo=datetime.timezone.utc), 1)]
(Background on this error at: https://sqlalche.me/e/20/dbapi)
INFO:     connection closed
INFO:     127.0.0.1:53482 - "WebSocket /api/v1/pos/iot/ws/iot?token=test-token-123" [accepted]
INFO:     connection open
ERROR:pos_core.iot.websocket_handler:❌ Error crítico en sesión IoT 1: (sqlalchemy.dialects.postgresql.asyncpg.Error) <class 'asyncpg.exceptions.DataError'>: invalid input for query argument $1: datetime.datetime(2026, 5, 19, 14, 27, 3... (can't subtract offset-naive and offset-aware datetimes)
[SQL: UPDATE iotdevice SET last_seen=$1::TIMESTAMP WITHOUT TIME ZONE WHERE iotdevice.id = $2::INTEGER]
[parameters: (datetime.datetime(2026, 5, 19, 14, 27, 30, 189652, tzinfo=datetime.timezone.utc), 1)]
(Background on this error at: https://sqlalche.me/e/20/dbapi)
INFO:     connection closed
INFO:     127.0.0.1:53496 - "WebSocket /api/v1/pos/iot/ws/iot?token=test-token-123" [accepted]
INFO:     connection open
ERROR:pos_core.iot.websocket_handler:❌ Error crítico en sesión IoT 1: (sqlalchemy.dialects.postgresql.asyncpg.Error) <class 'asyncpg.exceptions.DataError'>: invalid input for query argument $1: datetime.datetime(2026, 5, 19, 14, 27, 3... (can't subtract offset-naive and offset-aware datetimes)
[SQL: UPDATE iotdevice SET last_seen=$1::TIMESTAMP WITHOUT TIME ZONE WHERE iotdevice.id = $2::INTEGER]
[parameters: (datetime.datetime(2026, 5, 19, 14, 27, 30, 194124, tzinfo=datetime.timezone.utc), 1)]
(Background on this error at: https://sqlalche.me/e/20/dbapi)
INFO:     connection closed
INFO:     127.0.0.1:53512 - "WebSocket /api/v1/pos/iot/ws/iot?token=test-token-123" [accepted]
INFO:     connection open
ERROR:pos_core.iot.websocket_handler:❌ Error crítico en sesión IoT 1: (sqlalchemy.dialects.postgresql.asyncpg.Error) <class 'asyncpg.exceptions.DataError'>: invalid input for query argument $1: datetime.datetime(2026, 5, 19, 14, 27, 3... (can't subtract offset-naive and offset-aware datetimes)
[SQL: UPDATE iotdevice SET last_seen=$1::TIMESTAMP WITHOUT TIME ZONE WHERE iotdevice.id = $2::INTEGER]
[parameters: (datetime.datetime(2026, 5, 19, 14, 27, 30, 200244, tzinfo=datetime.timezone.utc), 1)]
(Background on this error at: https://sqlalche.me/e/20/dbapi)
INFO:     connection closed
INFO:     127.0.0.1:53524 - "WebSocket /api/v1/pos/iot/ws/iot?token=test-token-123" [accepted]
INFO:     connection open
ERROR:pos_core.iot.websocket_handler:❌ Error crítico en sesión IoT 1: (sqlalchemy.dialects.postgresql.asyncpg.Error) <class 'asyncpg.exceptions.DataError'>: invalid input for query argument $1: datetime.datetime(2026, 5, 19, 14, 27, 3... (can't subtract offset-naive and offset-aware datetimes)
[SQL: UPDATE iotdevice SET last_seen=$1::TIMESTAMP WITHOUT TIME ZONE WHERE iotdevice.id = $2::INTEGER]
[parameters: (datetime.datetime(2026, 5, 19, 14, 27, 30, 206249, tzinfo=datetime.timezone.utc), 1)]
(Background on this error at: https://sqlalche.me/e/20/dbapi)
INFO:     connection closed
INFO:     127.0.0.1:53536 - "WebSocket /api/v1/pos/iot/ws/iot?token=test-token-123" [accepted]
INFO:     connection open
ERROR:pos_core.iot.websocket_handler:❌ Error crítico en sesión IoT 1: (sqlalchemy.dialects.postgresql.asyncpg.Error) <class 'asyncpg.exceptions.DataError'>: invalid input for query argument $1: datetime.datetime(2026, 5, 19, 14, 27, 3... (can't subtract offset-naive and offset-aware datetimes)
[SQL: UPDATE iotdevice SET last_seen=$1::TIMESTAMP WITHOUT TIME ZONE WHERE iotdevice.id = $2::INTEGER]
[parameters: (datetime.datetime(2026, 5, 19, 14, 27, 30, 211427, tzinfo=datetime.timezone.utc), 1)]
(Background on this error at: https://sqlalche.me/e/20/dbapi)
INFO:     connection closed
INFO:     127.0.0.1:53544 - "WebSocket /api/v1/pos/iot/ws/iot?token=test-token-123" [accepted]
INFO:     connection open
ERROR:pos_core.iot.websocket_handler:❌ Error crítico en sesión IoT 1: (sqlalchemy.dialects.postgresql.asyncpg.Error) <class 'asyncpg.exceptions.DataError'>: invalid input for query argument $1: datetime.datetime(2026, 5, 19, 14, 27, 3... (can't subtract offset-naive and offset-aware datetimes)
[SQL: UPDATE iotdevice SET last_seen=$1::TIMESTAMP WITHOUT TIME ZONE WHERE iotdevice.id = $2::INTEGER]
[parameters: (datetime.datetime(2026, 5, 19, 14, 27, 30, 217813, tzinfo=datetime.timezone.utc), 1)]
(Background on this error at: https://sqlalche.me/e/20/dbapi)
INFO:     connection closed
INFO:     127.0.0.1:53556 - "WebSocket /api/v1/pos/iot/ws/iot?token=test-token-123" [accepted]
INFO:     connection open
ERROR:pos_core.iot.websocket_handler:❌ Error crítico en sesión IoT 1: (sqlalchemy.dialects.postgresql.asyncpg.Error) <class 'asyncpg.exceptions.DataError'>: invalid input for query argument $1: datetime.datetime(2026, 5, 19, 14, 27, 3... (can't subtract offset-naive and offset-aware datetimes)
[SQL: UPDATE iotdevice SET last_seen=$1::TIMESTAMP WITHOUT TIME ZONE WHERE iotdevice.id = $2::INTEGER]
[parameters: (datetime.datetime(2026, 5, 19, 14, 27, 30, 223354, tzinfo=datetime.timezone.utc), 1)]
(Background on this error at: https://sqlalche.me/e/20/dbapi)
INFO:     connection closed
INFO:     127.0.0.1:53560 - "WebSocket /api/v1/pos/iot/ws/iot?token=test-token-123" [accepted]
INFO:     connection open
ERROR:pos_core.iot.websocket_handler:❌ Error crítico en sesión IoT 1: (sqlalchemy.dialects.postgresql.asyncpg.Error) <class 'asyncpg.exceptions.DataError'>: invalid input for query argument $1: datetime.datetime(2026, 5, 19, 14, 27, 3... (can't subtract offset-naive and offset-aware datetimes)
[SQL: UPDATE iotdevice SET last_seen=$1::TIMESTAMP WITHOUT TIME ZONE WHERE iotdevice.id = $2::INTEGER]
[parameters: (datetime.datetime(2026, 5, 19, 14, 27, 30, 227441, tzinfo=datetime.timezone.utc), 1)]
(Background on this error at: https://sqlalche.me/e/20/dbapi)
INFO:     connection closed
INFO:     127.0.0.1:53568 - "WebSocket /api/v1/pos/iot/ws/iot?token=test-token-123" [accepted]
INFO:     connection open
ERROR:pos_core.iot.websocket_handler:❌ Error crítico en sesión IoT 1: (sqlalchemy.dialects.postgresql.asyncpg.Error) <class 'asyncpg.exceptions.DataError'>: invalid input for query argument $1: datetime.datetime(2026, 5, 19, 14, 27, 3... (can't subtract offset-naive and offset-aware datetimes)
[SQL: UPDATE iotdevice SET last_seen=$1::TIMESTAMP WITHOUT TIME ZONE WHERE iotdevice.id = $2::INTEGER]
[parameters: (datetime.datetime(2026, 5, 19, 14, 27, 30, 232533, tzinfo=datetime.timezone.utc), 1)]
(Background on this error at: https://sqlalche.me/e/20/dbapi)
INFO:     connection closed
INFO:     127.0.0.1:53582 - "WebSocket /api/v1/pos/iot/ws/iot?token=test-token-123" [accepted]
INFO:     connection open
ERROR:pos_core.iot.websocket_handler:❌ Error crítico en sesión IoT 1: (sqlalchemy.dialects.postgresql.asyncpg.Error) <class 'asyncpg.exceptions.DataError'>: invalid input for query argument $1: datetime.datetime(2026, 5, 19, 14, 27, 3... (can't subtract offset-naive and offset-aware datetimes)
[SQL: UPDATE iotdevice SET last_seen=$1::TIMESTAMP WITHOUT TIME ZONE WHERE iotdevice.id = $2::INTEGER]
[parameters: (datetime.datetime(2026, 5, 19, 14, 27, 30, 236860, tzinfo=datetime.timezone.utc), 1)]
(Background on this error at: https://sqlalche.me/e/20/dbapi)
INFO:     connection closed
INFO:     127.0.0.1:53594 - "WebSocket /api/v1/pos/iot/ws/iot?token=test-token-123" [accepted]
INFO:     connection open
ERROR:pos_core.iot.websocket_handler:❌ Error crítico en sesión IoT 1: (sqlalchemy.dialects.postgresql.asyncpg.Error) <class 'asyncpg.exceptions.DataError'>: invalid input for query argument $1: datetime.datetime(2026, 5, 19, 14, 27, 3... (can't subtract offset-naive and offset-aware datetimes)
[SQL: UPDATE iotdevice SET last_seen=$1::TIMESTAMP WITHOUT TIME ZONE WHERE iotdevice.id = $2::INTEGER]
[parameters: (datetime.datetime(2026, 5, 19, 14, 27, 30, 241313, tzinfo=datetime.timezone.utc), 1)]
(Background on this error at: https://sqlalche.me/e/20/dbapi)
INFO:     connection closed
INFO:     127.0.0.1:53598 - "WebSocket /api/v1/pos/iot/ws/iot?token=test-token-123" [accepted]
INFO:     connection open
ERROR:pos_core.iot.websocket_handler:❌ Error crítico en sesión IoT 1: (sqlalchemy.dialects.postgresql.asyncpg.Error) <class 'asyncpg.exceptions.DataError'>: invalid input for query argument $1: datetime.datetime(2026, 5, 19, 14, 27, 3... (can't subtract offset-naive and offset-aware datetimes)
[SQL: UPDATE iotdevice SET last_seen=$1::TIMESTAMP WITHOUT TIME ZONE WHERE iotdevice.id = $2::INTEGER]
[parameters: (datetime.datetime(2026, 5, 19, 14, 27, 30, 246446, tzinfo=datetime.timezone.utc), 1)]
(Background on this error at: https://sqlalche.me/e/20/dbapi)
INFO:     connection closed
INFO:     127.0.0.1:53610 - "WebSocket /api/v1/pos/iot/ws/iot?token=test-token-123" [accepted]
INFO:     connection open
ERROR:pos_core.iot.websocket_handler:❌ Error crítico en sesión IoT 1: (sqlalchemy.dialects.postgresql.asyncpg.Error) <class 'asyncpg.exceptions.DataError'>: invalid input for query argument $1: datetime.datetime(2026, 5, 19, 14, 27, 3... (can't subtract offset-naive and offset-aware datetimes)
[SQL: UPDATE iotdevice SET last_seen=$1::TIMESTAMP WITHOUT TIME ZONE WHERE iotdevice.id = $2::INTEGER]
[parameters: (datetime.datetime(2026, 5, 19, 14, 27, 30, 253083, tzinfo=datetime.timezone.utc), 1)]
(Background on this error at: https://sqlalche.me/e/20/dbapi)
INFO:     connection closed
INFO:     127.0.0.1:53612 - "WebSocket /api/v1/pos/iot/ws/iot?token=test-token-123" [accepted]
INFO:     connection open
ERROR:pos_core.iot.websocket_handler:❌ Error crítico en sesión IoT 1: (sqlalchemy.dialects.postgresql.asyncpg.Error) <class 'asyncpg.exceptions.DataError'>: invalid input for query argument $1: datetime.datetime(2026, 5, 19, 14, 27, 3... (can't subtract offset-naive and offset-aware datetimes)
[SQL: UPDATE iotdevice SET last_seen=$1::TIMESTAMP WITHOUT TIME ZONE WHERE iotdevice.id = $2::INTEGER]
[parameters: (datetime.datetime(2026, 5, 19, 14, 27, 30, 258941, tzinfo=datetime.timezone.utc), 1)]
(Background on this error at: https://sqlalche.me/e/20/dbapi)
INFO:     connection closed
INFO:     127.0.0.1:53624 - "WebSocket /api/v1/pos/iot/ws/iot?token=test-token-123" [accepted]
INFO:     connection open
ERROR:pos_core.iot.websocket_handler:❌ Error crítico en sesión IoT 1: (sqlalchemy.dialects.postgresql.asyncpg.Error) <class 'asyncpg.exceptions.DataError'>: invalid input for query argument $1: datetime.datetime(2026, 5, 19, 14, 27, 3... (can't subtract offset-naive and offset-aware datetimes)
[SQL: UPDATE iotdevice SET last_seen=$1::TIMESTAMP WITHOUT TIME ZONE WHERE iotdevice.id = $2::INTEGER]
[parameters: (datetime.datetime(2026, 5, 19, 14, 27, 30, 264957, tzinfo=datetime.timezone.utc), 1)]
(Background on this error at: https://sqlalche.me/e/20/dbapi)
INFO:     connection closed
INFO:     127.0.0.1:53636 - "WebSocket /api/v1/pos/iot/ws/iot?token=test-token-123" [accepted]
INFO:     connection open
ERROR:pos_core.iot.websocket_handler:❌ Error crítico en sesión IoT 1: (sqlalchemy.dialects.postgresql.asyncpg.Error) <class 'asyncpg.exceptions.DataError'>: invalid input for query argument $1: datetime.datetime(2026, 5, 19, 14, 27, 3... (can't subtract offset-naive and offset-aware datetimes)
[SQL: UPDATE iotdevice SET last_seen=$1::TIMESTAMP WITHOUT TIME ZONE WHERE iotdevice.id = $2::INTEGER]
[parameters: (datetime.datetime(2026, 5, 19, 14, 27, 30, 270794, tzinfo=datetime.timezone.utc), 1)]
(Background on this error at: https://sqlalche.me/e/20/dbapi)
INFO:     connection closed
INFO:     127.0.0.1:53648 - "WebSocket /api/v1/pos/iot/ws/iot?token=test-token-123" [accepted]
INFO:     connection open
ERROR:pos_core.iot.websocket_handler:❌ Error crítico en sesión IoT 1: (sqlalchemy.dialects.postgresql.asyncpg.Error) <class 'asyncpg.exceptions.DataError'>: invalid input for query argument $1: datetime.datetime(2026, 5, 19, 14, 27, 3... (can't subtract offset-naive and offset-aware datetimes)
[SQL: UPDATE iotdevice SET last_seen=$1::TIMESTAMP WITHOUT TIME ZONE WHERE iotdevice.id = $2::INTEGER]
[parameters: (datetime.datetime(2026, 5, 19, 14, 27, 30, 275651, tzinfo=datetime.timezone.utc), 1)]
(Background on this error at: https://sqlalche.me/e/20/dbapi)
INFO:     connection closed
INFO:     127.0.0.1:53656 - "WebSocket /api/v1/pos/iot/ws/iot?token=test-token-123" [accepted]
INFO:     connection open
ERROR:pos_core.iot.websocket_handler:❌ Error crítico en sesión IoT 1: (sqlalchemy.dialects.postgresql.asyncpg.Error) <class 'asyncpg.exceptions.DataError'>: invalid input for query argument $1: datetime.datetime(2026, 5, 19, 14, 27, 3... (can't subtract offset-naive and offset-aware datetimes)
[SQL: UPDATE iotdevice SET last_seen=$1::TIMESTAMP WITHOUT TIME ZONE WHERE iotdevice.id = $2::INTEGER]
[parameters: (datetime.datetime(2026, 5, 19, 14, 27, 30, 279556, tzinfo=datetime.timezone.utc), 1)]
(Background on this error at: https://sqlalche.me/e/20/dbapi)
INFO:     connection closed
INFO:     127.0.0.1:53660 - "WebSocket /api/v1/pos/iot/ws/iot?token=test-token-123" [accepted]
INFO:     connection open
ERROR:pos_core.iot.websocket_handler:❌ Error crítico en sesión IoT 1: (sqlalchemy.dialects.postgresql.asyncpg.Error) <class 'asyncpg.exceptions.DataError'>: invalid input for query argument $1: datetime.datetime(2026, 5, 19, 14, 27, 3... (can't subtract offset-naive and offset-aware datetimes)
[SQL: UPDATE iotdevice SET last_seen=$1::TIMESTAMP WITHOUT TIME ZONE WHERE iotdevice.id = $2::INTEGER]
[parameters: (datetime.datetime(2026, 5, 19, 14, 27, 30, 284835, tzinfo=datetime.timezone.utc), 1)]
(Background on this error at: https://sqlalche.me/e/20/dbapi)
INFO:     connection closed
INFO:     127.0.0.1:53672 - "WebSocket /api/v1/pos/iot/ws/iot?token=test-token-123" [accepted]
INFO:     connection open
ERROR:pos_core.iot.websocket_handler:❌ Error crítico en sesión IoT 1: (sqlalchemy.dialects.postgresql.asyncpg.Error) <class 'asyncpg.exceptions.DataError'>: invalid input for query argument $1: datetime.datetime(2026, 5, 19, 14, 27, 3... (can't subtract offset-naive and offset-aware datetimes)
[SQL: UPDATE iotdevice SET last_seen=$1::TIMESTAMP WITHOUT TIME ZONE WHERE iotdevice.id = $2::INTEGER]
[parameters: (datetime.datetime(2026, 5, 19, 14, 27, 30, 289488, tzinfo=datetime.timezone.utc), 1)]
(Background on this error at: https://sqlalche.me/e/20/dbapi)
INFO:     connection closed
INFO:     127.0.0.1:53684 - "WebSocket /api/v1/pos/iot/ws/iot?token=test-token-123" [accepted]
INFO:     connection open
ERROR:pos_core.iot.websocket_handler:❌ Error crítico en sesión IoT 1: (sqlalchemy.dialects.postgresql.asyncpg.Error) <class 'asyncpg.exceptions.DataError'>: invalid input for query argument $1: datetime.datetime(2026, 5, 19, 14, 27, 3... (can't subtract offset-naive and offset-aware datetimes)
[SQL: UPDATE iotdevice SET last_seen=$1::TIMESTAMP WITHOUT TIME ZONE WHERE iotdevice.id = $2::INTEGER]
[parameters: (datetime.datetime(2026, 5, 19, 14, 27, 30, 294033, tzinfo=datetime.timezone.utc), 1)]
(Background on this error at: https://sqlalche.me/e/20/dbapi)
INFO:     connection closed
INFO:     127.0.0.1:53692 - "WebSocket /api/v1/pos/iot/ws/iot?token=test-token-123" [accepted]
INFO:     connection open
ERROR:pos_core.iot.websocket_handler:❌ Error crítico en sesión IoT 1: (sqlalchemy.dialects.postgresql.asyncpg.Error) <class 'asyncpg.exceptions.DataError'>: invalid input for query argument $1: datetime.datetime(2026, 5, 19, 14, 27, 3... (can't subtract offset-naive and offset-aware datetimes)
[SQL: UPDATE iotdevice SET last_seen=$1::TIMESTAMP WITHOUT TIME ZONE WHERE iotdevice.id = $2::INTEGER]
[parameters: (datetime.datetime(2026, 5, 19, 14, 27, 30, 299887, tzinfo=datetime.timezone.utc), 1)]
(Background on this error at: https://sqlalche.me/e/20/dbapi)
INFO:     connection closed
INFO:     127.0.0.1:53700 - "WebSocket /api/v1/pos/iot/ws/iot?token=test-token-123" [accepted]
INFO:     connection open
ERROR:pos_core.iot.websocket_handler:❌ Error crítico en sesión IoT 1: (sqlalchemy.dialects.postgresql.asyncpg.Error) <class 'asyncpg.exceptions.DataError'>: invalid input for query argument $1: datetime.datetime(2026, 5, 19, 14, 27, 3... (can't subtract offset-naive and offset-aware datetimes)
[SQL: UPDATE iotdevice SET last_seen=$1::TIMESTAMP WITHOUT TIME ZONE WHERE iotdevice.id = $2::INTEGER]
[parameters: (datetime.datetime(2026, 5, 19, 14, 27, 30, 305013, tzinfo=datetime.timezone.utc), 1)]
(Background on this error at: https://sqlalche.me/e/20/dbapi)
INFO:     connection closed
INFO:     127.0.0.1:53704 - "WebSocket /api/v1/pos/iot/ws/iot?token=test-token-123" [accepted]
INFO:     connection open
ERROR:pos_core.iot.websocket_handler:❌ Error crítico en sesión IoT 1: (sqlalchemy.dialects.postgresql.asyncpg.Error) <class 'asyncpg.exceptions.DataError'>: invalid input for query argument $1: datetime.datetime(2026, 5, 19, 14, 27, 3... (can't subtract offset-naive and offset-aware datetimes)
[SQL: UPDATE iotdevice SET last_seen=$1::TIMESTAMP WITHOUT TIME ZONE WHERE iotdevice.id = $2::INTEGER]
[parameters: (datetime.datetime(2026, 5, 19, 14, 27, 30, 309608, tzinfo=datetime.timezone.utc), 1)]
(Background on this error at: https://sqlalche.me/e/20/dbapi)
INFO:     connection closed
INFO:     127.0.0.1:53708 - "WebSocket /api/v1/pos/iot/ws/iot?token=test-token-123" [accepted]
INFO:     connection open
ERROR:pos_core.iot.websocket_handler:❌ Error crítico en sesión IoT 1: (sqlalchemy.dialects.postgresql.asyncpg.Error) <class 'asyncpg.exceptions.DataError'>: invalid input for query argument $1: datetime.datetime(2026, 5, 19, 14, 27, 3... (can't subtract offset-naive and offset-aware datetimes)
[SQL: UPDATE iotdevice SET last_seen=$1::TIMESTAMP WITHOUT TIME ZONE WHERE iotdevice.id = $2::INTEGER]
[parameters: (datetime.datetime(2026, 5, 19, 14, 27, 30, 316262, tzinfo=datetime.timezone.utc), 1)]
(Background on this error at: https://sqlalche.me/e/20/dbapi)
INFO:     connection closed
INFO:     127.0.0.1:53712 - "WebSocket /api/v1/pos/iot/ws/iot?token=test-token-123" [accepted]
INFO:     connection open
ERROR:pos_core.iot.websocket_handler:❌ Error crítico en sesión IoT 1: (sqlalchemy.dialects.postgresql.asyncpg.Error) <class 'asyncpg.exceptions.DataError'>: invalid input for query argument $1: datetime.datetime(2026, 5, 19, 14, 27, 3... (can't subtract offset-naive and offset-aware datetimes)
[SQL: UPDATE iotdevice SET last_seen=$1::TIMESTAMP WITHOUT TIME ZONE WHERE iotdevice.id = $2::INTEGER]
[parameters: (datetime.datetime(2026, 5, 19, 14, 27, 30, 321385, tzinfo=datetime.timezone.utc), 1)]
(Background on this error at: https://sqlalche.me/e/20/dbapi)
INFO:     connection closed
INFO:     127.0.0.1:53724 - "WebSocket /api/v1/pos/iot/ws/iot?token=test-token-123" [accepted]
INFO:     connection open
ERROR:pos_core.iot.websocket_handler:❌ Error crítico en sesión IoT 1: (sqlalchemy.dialects.postgresql.asyncpg.Error) <class 'asyncpg.exceptions.DataError'>: invalid input for query argument $1: datetime.datetime(2026, 5, 19, 14, 27, 3... (can't subtract offset-naive and offset-aware datetimes)
[SQL: UPDATE iotdevice SET last_seen=$1::TIMESTAMP WITHOUT TIME ZONE WHERE iotdevice.id = $2::INTEGER]
[parameters: (datetime.datetime(2026, 5, 19, 14, 27, 30, 325466, tzinfo=datetime.timezone.utc), 1)]
(Background on this error at: https://sqlalche.me/e/20/dbapi)
INFO:     connection closed
INFO:     127.0.0.1:53736 - "WebSocket /api/v1/pos/iot/ws/iot?token=test-token-123" [accepted]
INFO:     connection open
ERROR:pos_core.iot.websocket_handler:❌ Error crítico en sesión IoT 1: (sqlalchemy.dialects.postgresql.asyncpg.Error) <class 'asyncpg.exceptions.DataError'>: invalid input for query argument $1: datetime.datetime(2026, 5, 19, 14, 27, 3... (can't subtract offset-naive and offset-aware datetimes)
[SQL: UPDATE iotdevice SET last_seen=$1::TIMESTAMP WITHOUT TIME ZONE WHERE iotdevice.id = $2::INTEGER]
[parameters: (datetime.datetime(2026, 5, 19, 14, 27, 30, 329322, tzinfo=datetime.timezone.utc), 1)]
(Background on this error at: https://sqlalche.me/e/20/dbapi)
INFO:     connection closed
INFO:     127.0.0.1:53740 - "WebSocket /api/v1/pos/iot/ws/iot?token=test-token-123" [accepted]
INFO:     connection open
ERROR:pos_core.iot.websocket_handler:❌ Error crítico en sesión IoT 1: (sqlalchemy.dialects.postgresql.asyncpg.Error) <class 'asyncpg.exceptions.DataError'>: invalid input for query argument $1: datetime.datetime(2026, 5, 19, 14, 27, 3... (can't subtract offset-naive and offset-aware datetimes)
[SQL: UPDATE iotdevice SET last_seen=$1::TIMESTAMP WITHOUT TIME ZONE WHERE iotdevice.id = $2::INTEGER]
[parameters: (datetime.datetime(2026, 5, 19, 14, 27, 30, 334003, tzinfo=datetime.timezone.utc), 1)]
(Background on this error at: https://sqlalche.me/e/20/dbapi)
INFO:     connection closed
INFO:     127.0.0.1:53742 - "WebSocket /api/v1/pos/iot/ws/iot?token=test-token-123" [accepted]
INFO:     connection open
ERROR:pos_core.iot.websocket_handler:❌ Error crítico en sesión IoT 1: (sqlalchemy.dialects.postgresql.asyncpg.Error) <class 'asyncpg.exceptions.DataError'>: invalid input for query argument $1: datetime.datetime(2026, 5, 19, 14, 27, 3... (can't subtract offset-naive and offset-aware datetimes)
[SQL: UPDATE iotdevice SET last_seen=$1::TIMESTAMP WITHOUT TIME ZONE WHERE iotdevice.id = $2::INTEGER]
[parameters: (datetime.datetime(2026, 5, 19, 14, 27, 30, 338391, tzinfo=datetime.timezone.utc), 1)]
(Background on this error at: https://sqlalche.me/e/20/dbapi)
INFO:     connection closed
INFO:     127.0.0.1:53744 - "WebSocket /api/v1/pos/iot/ws/iot?token=test-token-123" [accepted]
INFO:     connection open
ERROR:pos_core.iot.websocket_handler:❌ Error crítico en sesión IoT 1: (sqlalchemy.dialects.postgresql.asyncpg.Error) <class 'asyncpg.exceptions.DataError'>: invalid input for query argument $1: datetime.datetime(2026, 5, 19, 14, 27, 3... (can't subtract offset-naive and offset-aware datetimes)
[SQL: UPDATE iotdevice SET last_seen=$1::TIMESTAMP WITHOUT TIME ZONE WHERE iotdevice.id = $2::INTEGER]
[parameters: (datetime.datetime(2026, 5, 19, 14, 27, 30, 342457, tzinfo=datetime.timezone.utc), 1)]
(Background on this error at: https://sqlalche.me/e/20/dbapi)
INFO:     connection closed
INFO:     127.0.0.1:53746 - "WebSocket /api/v1/pos/iot/ws/iot?token=test-token-123" [accepted]
INFO:     connection open
ERROR:pos_core.iot.websocket_handler:❌ Error crítico en sesión IoT 1: (sqlalchemy.dialects.postgresql.asyncpg.Error) <class 'asyncpg.exceptions.DataError'>: invalid input for query argument $1: datetime.datetime(2026, 5, 19, 14, 27, 3... (can't subtract offset-naive and offset-aware datetimes)
[SQL: UPDATE iotdevice SET last_seen=$1::TIMESTAMP WITHOUT TIME ZONE WHERE iotdevice.id = $2::INTEGER]
[parameters: (datetime.datetime(2026, 5, 19, 14, 27, 30, 347377, tzinfo=datetime.timezone.utc), 1)]
(Background on this error at: https://sqlalche.me/e/20/dbapi)
INFO:     connection closed
INFO:     127.0.0.1:53760 - "WebSocket /api/v1/pos/iot/ws/iot?token=test-token-123" [accepted]
INFO:     connection open
ERROR:pos_core.iot.websocket_handler:❌ Error crítico en sesión IoT 1: (sqlalchemy.dialects.postgresql.asyncpg.Error) <class 'asyncpg.exceptions.DataError'>: invalid input for query argument $1: datetime.datetime(2026, 5, 19, 14, 27, 3... (can't subtract offset-naive and offset-aware datetimes)
[SQL: UPDATE iotdevice SET last_seen=$1::TIMESTAMP WITHOUT TIME ZONE WHERE iotdevice.id = $2::INTEGER]
[parameters: (datetime.datetime(2026, 5, 19, 14, 27, 30, 353544, tzinfo=datetime.timezone.utc), 1)]
(Background on this error at: https://sqlalche.me/e/20/dbapi)
INFO:     connection closed
INFO:     127.0.0.1:53764 - "WebSocket /api/v1/pos/iot/ws/iot?token=test-token-123" [accepted]
INFO:     connection open
ERROR:pos_core.iot.websocket_handler:❌ Error crítico en sesión IoT 1: (sqlalchemy.dialects.postgresql.asyncpg.Error) <class 'asyncpg.exceptions.DataError'>: invalid input for query argument $1: datetime.datetime(2026, 5, 19, 14, 27, 3... (can't subtract offset-naive and offset-aware datetimes)
[SQL: UPDATE iotdevice SET last_seen=$1::TIMESTAMP WITHOUT TIME ZONE WHERE iotdevice.id = $2::INTEGER]
[parameters: (datetime.datetime(2026, 5, 19, 14, 27, 30, 358541, tzinfo=datetime.timezone.utc), 1)]
(Background on this error at: https://sqlalche.me/e/20/dbapi)
INFO:     connection closed
INFO:     127.0.0.1:53768 - "WebSocket /api/v1/pos/iot/ws/iot?token=test-token-123" [accepted]
INFO:     connection open
ERROR:pos_core.iot.websocket_handler:❌ Error crítico en sesión IoT 1: (sqlalchemy.dialects.postgresql.asyncpg.Error) <class 'asyncpg.exceptions.DataError'>: invalid input for query argument $1: datetime.datetime(2026, 5, 19, 14, 27, 3... (can't subtract offset-naive and offset-aware datetimes)
[SQL: UPDATE iotdevice SET last_seen=$1::TIMESTAMP WITHOUT TIME ZONE WHERE iotdevice.id = $2::INTEGER]
[parameters: (datetime.datetime(2026, 5, 19, 14, 27, 30, 363328, tzinfo=datetime.timezone.utc), 1)]
(Background on this error at: https://sqlalche.me/e/20/dbapi)
INFO:     connection closed
INFO:     127.0.0.1:53778 - "WebSocket /api/v1/pos/iot/ws/iot?token=test-token-123" [accepted]
INFO:     connection open
ERROR:pos_core.iot.websocket_handler:❌ Error crítico en sesión IoT 1: (sqlalchemy.dialects.postgresql.asyncpg.Error) <class 'asyncpg.exceptions.DataError'>: invalid input for query argument $1: datetime.datetime(2026, 5, 19, 14, 27, 3... (can't subtract offset-naive and offset-aware datetimes)
[SQL: UPDATE iotdevice SET last_seen=$1::TIMESTAMP WITHOUT TIME ZONE WHERE iotdevice.id = $2::INTEGER]
[parameters: (datetime.datetime(2026, 5, 19, 14, 27, 30, 368959, tzinfo=datetime.timezone.utc), 1)]
(Background on this error at: https://sqlalche.me/e/20/dbapi)
INFO:     connection closed
INFO:     127.0.0.1:53786 - "WebSocket /api/v1/pos/iot/ws/iot?token=test-token-123" [accepted]
INFO:     connection open
ERROR:pos_core.iot.websocket_handler:❌ Error crítico en sesión IoT 1: (sqlalchemy.dialects.postgresql.asyncpg.Error) <class 'asyncpg.exceptions.DataError'>: invalid input for query argument $1: datetime.datetime(2026, 5, 19, 14, 27, 3... (can't subtract offset-naive and offset-aware datetimes)
[SQL: UPDATE iotdevice SET last_seen=$1::TIMESTAMP WITHOUT TIME ZONE WHERE iotdevice.id = $2::INTEGER]
[parameters: (datetime.datetime(2026, 5, 19, 14, 27, 30, 373288, tzinfo=datetime.timezone.utc), 1)]
(Background on this error at: https://sqlalche.me/e/20/dbapi)
INFO:     connection closed
INFO:     127.0.0.1:53788 - "WebSocket /api/v1/pos/iot/ws/iot?token=test-token-123" [accepted]
INFO:     connection open
ERROR:pos_core.iot.websocket_handler:❌ Error crítico en sesión IoT 1: (sqlalchemy.dialects.postgresql.asyncpg.Error) <class 'asyncpg.exceptions.DataError'>: invalid input for query argument $1: datetime.datetime(2026, 5, 19, 14, 27, 3... (can't subtract offset-naive and offset-aware datetimes)
[SQL: UPDATE iotdevice SET last_seen=$1::TIMESTAMP WITHOUT TIME ZONE WHERE iotdevice.id = $2::INTEGER]
[parameters: (datetime.datetime(2026, 5, 19, 14, 27, 30, 377173, tzinfo=datetime.timezone.utc), 1)]
(Background on this error at: https://sqlalche.me/e/20/dbapi)
INFO:     connection closed
INFO:     127.0.0.1:53800 - "WebSocket /api/v1/pos/iot/ws/iot?token=test-token-123" [accepted]
INFO:     connection open
ERROR:pos_core.iot.websocket_handler:❌ Error crítico en sesión IoT 1: (sqlalchemy.dialects.postgresql.asyncpg.Error) <class 'asyncpg.exceptions.DataError'>: invalid input for query argument $1: datetime.datetime(2026, 5, 19, 14, 27, 3... (can't subtract offset-naive and offset-aware datetimes)
[SQL: UPDATE iotdevice SET last_seen=$1::TIMESTAMP WITHOUT TIME ZONE WHERE iotdevice.id = $2::INTEGER]
[parameters: (datetime.datetime(2026, 5, 19, 14, 27, 30, 382152, tzinfo=datetime.timezone.utc), 1)]
(Background on this error at: https://sqlalche.me/e/20/dbapi)
INFO:     connection closed
INFO:     127.0.0.1:53804 - "WebSocket /api/v1/pos/iot/ws/iot?token=test-token-123" [accepted]
INFO:     connection open
ERROR:pos_core.iot.websocket_handler:❌ Error crítico en sesión IoT 1: (sqlalchemy.dialects.postgresql.asyncpg.Error) <class 'asyncpg.exceptions.DataError'>: invalid input for query argument $1: datetime.datetime(2026, 5, 19, 14, 27, 3... (can't subtract offset-naive and offset-aware datetimes)
[SQL: UPDATE iotdevice SET last_seen=$1::TIMESTAMP WITHOUT TIME ZONE WHERE iotdevice.id = $2::INTEGER]
[parameters: (datetime.datetime(2026, 5, 19, 14, 27, 30, 387382, tzinfo=datetime.timezone.utc), 1)]
(Background on this error at: https://sqlalche.me/e/20/dbapi)
INFO:     connection closed
INFO:     127.0.0.1:53814 - "WebSocket /api/v1/pos/iot/ws/iot?token=test-token-123" [accepted]
INFO:     connection open
ERROR:pos_core.iot.websocket_handler:❌ Error crítico en sesión IoT 1: (sqlalchemy.dialects.postgresql.asyncpg.Error) <class 'asyncpg.exceptions.DataError'>: invalid input for query argument $1: datetime.datetime(2026, 5, 19, 14, 27, 3... (can't subtract offset-naive and offset-aware datetimes)
[SQL: UPDATE iotdevice SET last_seen=$1::TIMESTAMP WITHOUT TIME ZONE WHERE iotdevice.id = $2::INTEGER]
[parameters: (datetime.datetime(2026, 5, 19, 14, 27, 30, 392053, tzinfo=datetime.timezone.utc), 1)]
(Background on this error at: https://sqlalche.me/e/20/dbapi)
INFO:     connection closed
INFO:     127.0.0.1:53826 - "WebSocket /api/v1/pos/iot/ws/iot?token=test-token-123" [accepted]
INFO:     connection open
ERROR:pos_core.iot.websocket_handler:❌ Error crítico en sesión IoT 1: (sqlalchemy.dialects.postgresql.asyncpg.Error) <class 'asyncpg.exceptions.DataError'>: invalid input for query argument $1: datetime.datetime(2026, 5, 19, 14, 27, 3... (can't subtract offset-naive and offset-aware datetimes)
[SQL: UPDATE iotdevice SET last_seen=$1::TIMESTAMP WITHOUT TIME ZONE WHERE iotdevice.id = $2::INTEGER]
[parameters: (datetime.datetime(2026, 5, 19, 14, 27, 30, 397332, tzinfo=datetime.timezone.utc), 1)]
(Background on this error at: https://sqlalche.me/e/20/dbapi)
INFO:     connection closed
INFO:     127.0.0.1:53832 - "WebSocket /api/v1/pos/iot/ws/iot?token=test-token-123" [accepted]
INFO:     connection open
ERROR:pos_core.iot.websocket_handler:❌ Error crítico en sesión IoT 1: (sqlalchemy.dialects.postgresql.asyncpg.Error) <class 'asyncpg.exceptions.DataError'>: invalid input for query argument $1: datetime.datetime(2026, 5, 19, 14, 27, 3... (can't subtract offset-naive and offset-aware datetimes)
[SQL: UPDATE iotdevice SET last_seen=$1::TIMESTAMP WITHOUT TIME ZONE WHERE iotdevice.id = $2::INTEGER]
[parameters: (datetime.datetime(2026, 5, 19, 14, 27, 30, 402645, tzinfo=datetime.timezone.utc), 1)]
(Background on this error at: https://sqlalche.me/e/20/dbapi)
INFO:     connection closed
INFO:     127.0.0.1:53844 - "WebSocket /api/v1/pos/iot/ws/iot?token=test-token-123" [accepted]
INFO:     connection open
ERROR:pos_core.iot.websocket_handler:❌ Error crítico en sesión IoT 1: (sqlalchemy.dialects.postgresql.asyncpg.Error) <class 'asyncpg.exceptions.DataError'>: invalid input for query argument $1: datetime.datetime(2026, 5, 19, 14, 27, 3... (can't subtract offset-naive and offset-aware datetimes)
[SQL: UPDATE iotdevice SET last_seen=$1::TIMESTAMP WITHOUT TIME ZONE WHERE iotdevice.id = $2::INTEGER]
[parameters: (datetime.datetime(2026, 5, 19, 14, 27, 30, 408633, tzinfo=datetime.timezone.utc), 1)]
(Background on this error at: https://sqlalche.me/e/20/dbapi)
INFO:     connection closed
INFO:     127.0.0.1:53854 - "WebSocket /api/v1/pos/iot/ws/iot?token=test-token-123" [accepted]
INFO:     connection open
ERROR:pos_core.iot.websocket_handler:❌ Error crítico en sesión IoT 1: (sqlalchemy.dialects.postgresql.asyncpg.Error) <class 'asyncpg.exceptions.DataError'>: invalid input for query argument $1: datetime.datetime(2026, 5, 19, 14, 27, 3... (can't subtract offset-naive and offset-aware datetimes)
[SQL: UPDATE iotdevice SET last_seen=$1::TIMESTAMP WITHOUT TIME ZONE WHERE iotdevice.id = $2::INTEGER]
[parameters: (datetime.datetime(2026, 5, 19, 14, 27, 30, 414678, tzinfo=datetime.timezone.utc), 1)]
(Background on this error at: https://sqlalche.me/e/20/dbapi)
INFO:     connection closed
INFO:     127.0.0.1:53860 - "WebSocket /api/v1/pos/iot/ws/iot?token=test-token-123" [accepted]
INFO:     connection open
ERROR:pos_core.iot.websocket_handler:❌ Error crítico en sesión IoT 1: (sqlalchemy.dialects.postgresql.asyncpg.Error) <class 'asyncpg.exceptions.DataError'>: invalid input for query argument $1: datetime.datetime(2026, 5, 19, 14, 27, 3... (can't subtract offset-naive and offset-aware datetimes)
[SQL: UPDATE iotdevice SET last_seen=$1::TIMESTAMP WITHOUT TIME ZONE WHERE iotdevice.id = $2::INTEGER]
[parameters: (datetime.datetime(2026, 5, 19, 14, 27, 30, 423412, tzinfo=datetime.timezone.utc), 1)]
(Background on this error at: https://sqlalche.me/e/20/dbapi)
INFO:     connection closed
INFO:     127.0.0.1:53868 - "WebSocket /api/v1/pos/iot/ws/iot?token=test-token-123" [accepted]
INFO:     connection open
ERROR:pos_core.iot.websocket_handler:❌ Error crítico en sesión IoT 1: (sqlalchemy.dialects.postgresql.asyncpg.Error) <class 'asyncpg.exceptions.DataError'>: invalid input for query argument $1: datetime.datetime(2026, 5, 19, 14, 27, 3... (can't subtract offset-naive and offset-aware datetimes)
[SQL: UPDATE iotdevice SET last_seen=$1::TIMESTAMP WITHOUT TIME ZONE WHERE iotdevice.id = $2::INTEGER]
[parameters: (datetime.datetime(2026, 5, 19, 14, 27, 30, 429146, tzinfo=datetime.timezone.utc), 1)]
(Background on this error at: https://sqlalche.me/e/20/dbapi)
INFO:     connection closed
INFO:     127.0.0.1:53878 - "WebSocket /api/v1/pos/iot/ws/iot?token=test-token-123" [accepted]
INFO:     connection open
ERROR:pos_core.iot.websocket_handler:❌ Error crítico en sesión IoT 1: (sqlalchemy.dialects.postgresql.asyncpg.Error) <class 'asyncpg.exceptions.DataError'>: invalid input for query argument $1: datetime.datetime(2026, 5, 19, 14, 27, 3... (can't subtract offset-naive and offset-aware datetimes)
[SQL: UPDATE iotdevice SET last_seen=$1::TIMESTAMP WITHOUT TIME ZONE WHERE iotdevice.id = $2::INTEGER]
[parameters: (datetime.datetime(2026, 5, 19, 14, 27, 30, 435368, tzinfo=datetime.timezone.utc), 1)]
(Background on this error at: https://sqlalche.me/e/20/dbapi)
INFO:     connection closed
INFO:     127.0.0.1:53882 - "WebSocket /api/v1/pos/iot/ws/iot?token=test-token-123" [accepted]
INFO:     connection open
ERROR:pos_core.iot.websocket_handler:❌ Error crítico en sesión IoT 1: (sqlalchemy.dialects.postgresql.asyncpg.Error) <class 'asyncpg.exceptions.DataError'>: invalid input for query argument $1: datetime.datetime(2026, 5, 19, 14, 27, 3... (can't subtract offset-naive and offset-aware datetimes)
[SQL: UPDATE iotdevice SET last_seen=$1::TIMESTAMP WITHOUT TIME ZONE WHERE iotdevice.id = $2::INTEGER]
[parameters: (datetime.datetime(2026, 5, 19, 14, 27, 30, 441802, tzinfo=datetime.timezone.utc), 1)]
(Background on this error at: https://sqlalche.me/e/20/dbapi)
INFO:     connection closed
INFO:     127.0.0.1:53898 - "WebSocket /api/v1/pos/iot/ws/iot?token=test-token-123" [accepted]
INFO:     connection open
ERROR:pos_core.iot.websocket_handler:❌ Error crítico en sesión IoT 1: (sqlalchemy.dialects.postgresql.asyncpg.Error) <class 'asyncpg.exceptions.DataError'>: invalid input for query argument $1: datetime.datetime(2026, 5, 19, 14, 27, 3... (can't subtract offset-naive and offset-aware datetimes)
[SQL: UPDATE iotdevice SET last_seen=$1::TIMESTAMP WITHOUT TIME ZONE WHERE iotdevice.id = $2::INTEGER]
[parameters: (datetime.datetime(2026, 5, 19, 14, 27, 30, 449840, tzinfo=datetime.timezone.utc), 1)]
(Background on this error at: https://sqlalche.me/e/20/dbapi)
INFO:     connection closed
INFO:     127.0.0.1:53912 - "WebSocket /api/v1/pos/iot/ws/iot?token=test-token-123" [accepted]
INFO:     connection open
ERROR:pos_core.iot.websocket_handler:❌ Error crítico en sesión IoT 1: (sqlalchemy.dialects.postgresql.asyncpg.Error) <class 'asyncpg.exceptions.DataError'>: invalid input for query argument $1: datetime.datetime(2026, 5, 19, 14, 27, 3... (can't subtract offset-naive and offset-aware datetimes)
[SQL: UPDATE iotdevice SET last_seen=$1::TIMESTAMP WITHOUT TIME ZONE WHERE iotdevice.id = $2::INTEGER]
[parameters: (datetime.datetime(2026, 5, 19, 14, 27, 30, 456691, tzinfo=datetime.timezone.utc), 1)]
(Background on this error at: https://sqlalche.me/e/20/dbapi)
INFO:     connection closed
INFO:     127.0.0.1:53914 - "WebSocket /api/v1/pos/iot/ws/iot?token=test-token-123" [accepted]
INFO:     connection open
ERROR:pos_core.iot.websocket_handler:❌ Error crítico en sesión IoT 1: (sqlalchemy.dialects.postgresql.asyncpg.Error) <class 'asyncpg.exceptions.DataError'>: invalid input for query argument $1: datetime.datetime(2026, 5, 19, 14, 27, 3... (can't subtract offset-naive and offset-aware datetimes)
[SQL: UPDATE iotdevice SET last_seen=$1::TIMESTAMP WITHOUT TIME ZONE WHERE iotdevice.id = $2::INTEGER]
[parameters: (datetime.datetime(2026, 5, 19, 14, 27, 30, 461500, tzinfo=datetime.timezone.utc), 1)]
(Background on this error at: https://sqlalche.me/e/20/dbapi)
INFO:     connection closed
INFO:     127.0.0.1:53930 - "WebSocket /api/v1/pos/iot/ws/iot?token=test-token-123" [accepted]
INFO:     connection open
ERROR:pos_core.iot.websocket_handler:❌ Error crítico en sesión IoT 1: (sqlalchemy.dialects.postgresql.asyncpg.Error) <class 'asyncpg.exceptions.DataError'>: invalid input for query argument $1: datetime.datetime(2026, 5, 19, 14, 27, 3... (can't subtract offset-naive and offset-aware datetimes)
[SQL: UPDATE iotdevice SET last_seen=$1::TIMESTAMP WITHOUT TIME ZONE WHERE iotdevice.id = $2::INTEGER]
[parameters: (datetime.datetime(2026, 5, 19, 14, 27, 30, 467166, tzinfo=datetime.timezone.utc), 1)]
(Background on this error at: https://sqlalche.me/e/20/dbapi)
INFO:     connection closed
INFO:     127.0.0.1:53936 - "WebSocket /api/v1/pos/iot/ws/iot?token=test-token-123" [accepted]
INFO:     connection open
ERROR:pos_core.iot.websocket_handler:❌ Error crítico en sesión IoT 1: (sqlalchemy.dialects.postgresql.asyncpg.Error) <class 'asyncpg.exceptions.DataError'>: invalid input for query argument $1: datetime.datetime(2026, 5, 19, 14, 27, 3... (can't subtract offset-naive and offset-aware datetimes)
[SQL: UPDATE iotdevice SET last_seen=$1::TIMESTAMP WITHOUT TIME ZONE WHERE iotdevice.id = $2::INTEGER]
[parameters: (datetime.datetime(2026, 5, 19, 14, 27, 30, 472711, tzinfo=datetime.timezone.utc), 1)]
(Background on this error at: https://sqlalche.me/e/20/dbapi)
INFO:     connection closed
INFO:     127.0.0.1:53946 - "WebSocket /api/v1/pos/iot/ws/iot?token=test-token-123" [accepted]
INFO:     connection open
ERROR:pos_core.iot.websocket_handler:❌ Error crítico en sesión IoT 1: (sqlalchemy.dialects.postgresql.asyncpg.Error) <class 'asyncpg.exceptions.DataError'>: invalid input for query argument $1: datetime.datetime(2026, 5, 19, 14, 27, 3... (can't subtract offset-naive and offset-aware datetimes)
[SQL: UPDATE iotdevice SET last_seen=$1::TIMESTAMP WITHOUT TIME ZONE WHERE iotdevice.id = $2::INTEGER]
[parameters: (datetime.datetime(2026, 5, 19, 14, 27, 30, 476805, tzinfo=datetime.timezone.utc), 1)]
(Background on this error at: https://sqlalche.me/e/20/dbapi)
INFO:     connection closed
INFO:     127.0.0.1:53960 - "WebSocket /api/v1/pos/iot/ws/iot?token=test-token-123" [accepted]
INFO:     connection open
ERROR:pos_core.iot.websocket_handler:❌ Error crítico en sesión IoT 1: (sqlalchemy.dialects.postgresql.asyncpg.Error) <class 'asyncpg.exceptions.DataError'>: invalid input for query argument $1: datetime.datetime(2026, 5, 19, 14, 27, 3... (can't subtract offset-naive and offset-aware datetimes)
[SQL: UPDATE iotdevice SET last_seen=$1::TIMESTAMP WITHOUT TIME ZONE WHERE iotdevice.id = $2::INTEGER]
[parameters: (datetime.datetime(2026, 5, 19, 14, 27, 30, 482407, tzinfo=datetime.timezone.utc), 1)]
(Background on this error at: https://sqlalche.me/e/20/dbapi)
INFO:     connection closed
INFO:     127.0.0.1:53970 - "WebSocket /api/v1/pos/iot/ws/iot?token=test-token-123" [accepted]
INFO:     connection open
ERROR:pos_core.iot.websocket_handler:❌ Error crítico en sesión IoT 1: (sqlalchemy.dialects.postgresql.asyncpg.Error) <class 'asyncpg.exceptions.DataError'>: invalid input for query argument $1: datetime.datetime(2026, 5, 19, 14, 27, 3... (can't subtract offset-naive and offset-aware datetimes)
[SQL: UPDATE iotdevice SET last_seen=$1::TIMESTAMP WITHOUT TIME ZONE WHERE iotdevice.id = $2::INTEGER]
[parameters: (datetime.datetime(2026, 5, 19, 14, 27, 30, 486845, tzinfo=datetime.timezone.utc), 1)]
(Background on this error at: https://sqlalche.me/e/20/dbapi)
INFO:     connection closed
INFO:     127.0.0.1:53974 - "WebSocket /api/v1/pos/iot/ws/iot?token=test-token-123" [accepted]
INFO:     connection open
ERROR:pos_core.iot.websocket_handler:❌ Error crítico en sesión IoT 1: (sqlalchemy.dialects.postgresql.asyncpg.Error) <class 'asyncpg.exceptions.DataError'>: invalid input for query argument $1: datetime.datetime(2026, 5, 19, 14, 27, 3... (can't subtract offset-naive and offset-aware datetimes)
[SQL: UPDATE iotdevice SET last_seen=$1::TIMESTAMP WITHOUT TIME ZONE WHERE iotdevice.id = $2::INTEGER]
[parameters: (datetime.datetime(2026, 5, 19, 14, 27, 30, 492096, tzinfo=datetime.timezone.utc), 1)]
(Background on this error at: https://sqlalche.me/e/20/dbapi)
INFO:     connection closed
INFO:     127.0.0.1:53984 - "WebSocket /api/v1/pos/iot/ws/iot?token=test-token-123" [accepted]
INFO:     connection open
ERROR:pos_core.iot.websocket_handler:❌ Error crítico en sesión IoT 1: (sqlalchemy.dialects.postgresql.asyncpg.Error) <class 'asyncpg.exceptions.DataError'>: invalid input for query argument $1: datetime.datetime(2026, 5, 19, 14, 27, 3... (can't subtract offset-naive and offset-aware datetimes)
[SQL: UPDATE iotdevice SET last_seen=$1::TIMESTAMP WITHOUT TIME ZONE WHERE iotdevice.id = $2::INTEGER]
[parameters: (datetime.datetime(2026, 5, 19, 14, 27, 30, 496690, tzinfo=datetime.timezone.utc), 1)]
(Background on this error at: https://sqlalche.me/e/20/dbapi)
INFO:     connection closed
INFO:     127.0.0.1:53990 - "WebSocket /api/v1/pos/iot/ws/iot?token=test-token-123" [accepted]
INFO:     connection open
ERROR:pos_core.iot.websocket_handler:❌ Error crítico en sesión IoT 1: (sqlalchemy.dialects.postgresql.asyncpg.Error) <class 'asyncpg.exceptions.DataError'>: invalid input for query argument $1: datetime.datetime(2026, 5, 19, 14, 27, 3... (can't subtract offset-naive and offset-aware datetimes)
[SQL: UPDATE iotdevice SET last_seen=$1::TIMESTAMP WITHOUT TIME ZONE WHERE iotdevice.id = $2::INTEGER]
[parameters: (datetime.datetime(2026, 5, 19, 14, 27, 30, 502154, tzinfo=datetime.timezone.utc), 1)]
(Background on this error at: https://sqlalche.me/e/20/dbapi)
INFO:     connection closed
INFO:     127.0.0.1:53998 - "WebSocket /api/v1/pos/iot/ws/iot?token=test-token-123" [accepted]
INFO:     connection open
ERROR:pos_core.iot.websocket_handler:❌ Error crítico en sesión IoT 1: (sqlalchemy.dialects.postgresql.asyncpg.Error) <class 'asyncpg.exceptions.DataError'>: invalid input for query argument $1: datetime.datetime(2026, 5, 19, 14, 27, 3... (can't subtract offset-naive and offset-aware datetimes)
[SQL: UPDATE iotdevice SET last_seen=$1::TIMESTAMP WITHOUT TIME ZONE WHERE iotdevice.id = $2::INTEGER]
[parameters: (datetime.datetime(2026, 5, 19, 14, 27, 30, 506989, tzinfo=datetime.timezone.utc), 1)]
(Background on this error at: https://sqlalche.me/e/20/dbapi)
INFO:     connection closed
INFO:     127.0.0.1:54014 - "WebSocket /api/v1/pos/iot/ws/iot?token=test-token-123" [accepted]
INFO:     connection open
ERROR:pos_core.iot.websocket_handler:❌ Error crítico en sesión IoT 1: (sqlalchemy.dialects.postgresql.asyncpg.Error) <class 'asyncpg.exceptions.DataError'>: invalid input for query argument $1: datetime.datetime(2026, 5, 19, 14, 27, 3... (can't subtract offset-naive and offset-aware datetimes)
[SQL: UPDATE iotdevice SET last_seen=$1::TIMESTAMP WITHOUT TIME ZONE WHERE iotdevice.id = $2::INTEGER]
[parameters: (datetime.datetime(2026, 5, 19, 14, 27, 30, 511574, tzinfo=datetime.timezone.utc), 1)]
(Background on this error at: https://sqlalche.me/e/20/dbapi)
INFO:     connection closed
INFO:     127.0.0.1:54028 - "WebSocket /api/v1/pos/iot/ws/iot?token=test-token-123" [accepted]
INFO:     connection open
ERROR:pos_core.iot.websocket_handler:❌ Error crítico en sesión IoT 1: (sqlalchemy.dialects.postgresql.asyncpg.Error) <class 'asyncpg.exceptions.DataError'>: invalid input for query argument $1: datetime.datetime(2026, 5, 19, 14, 27, 3... (can't subtract offset-naive and offset-aware datetimes)
[SQL: UPDATE iotdevice SET last_seen=$1::TIMESTAMP WITHOUT TIME ZONE WHERE iotdevice.id = $2::INTEGER]
[parameters: (datetime.datetime(2026, 5, 19, 14, 27, 30, 517474, tzinfo=datetime.timezone.utc), 1)]
(Background on this error at: https://sqlalche.me/e/20/dbapi)
INFO:     connection closed
INFO:     127.0.0.1:54036 - "WebSocket /api/v1/pos/iot/ws/iot?token=test-token-123" [accepted]
INFO:     connection open
ERROR:pos_core.iot.websocket_handler:❌ Error crítico en sesión IoT 1: (sqlalchemy.dialects.postgresql.asyncpg.Error) <class 'asyncpg.exceptions.DataError'>: invalid input for query argument $1: datetime.datetime(2026, 5, 19, 14, 27, 3... (can't subtract offset-naive and offset-aware datetimes)
[SQL: UPDATE iotdevice SET last_seen=$1::TIMESTAMP WITHOUT TIME ZONE WHERE iotdevice.id = $2::INTEGER]
[parameters: (datetime.datetime(2026, 5, 19, 14, 27, 30, 522327, tzinfo=datetime.timezone.utc), 1)]
(Background on this error at: https://sqlalche.me/e/20/dbapi)
INFO:     connection closed
INFO:     127.0.0.1:54048 - "WebSocket /api/v1/pos/iot/ws/iot?token=test-token-123" [accepted]
INFO:     connection open
ERROR:pos_core.iot.websocket_handler:❌ Error crítico en sesión IoT 1: (sqlalchemy.dialects.postgresql.asyncpg.Error) <class 'asyncpg.exceptions.DataError'>: invalid input for query argument $1: datetime.datetime(2026, 5, 19, 14, 27, 3... (can't subtract offset-naive and offset-aware datetimes)
[SQL: UPDATE iotdevice SET last_seen=$1::TIMESTAMP WITHOUT TIME ZONE WHERE iotdevice.id = $2::INTEGER]
[parameters: (datetime.datetime(2026, 5, 19, 14, 27, 30, 526590, tzinfo=datetime.timezone.utc), 1)]
(Background on this error at: https://sqlalche.me/e/20/dbapi)
INFO:     connection closed
INFO:     127.0.0.1:54064 - "WebSocket /api/v1/pos/iot/ws/iot?token=test-token-123" [accepted]
INFO:     connection open
ERROR:pos_core.iot.websocket_handler:❌ Error crítico en sesión IoT 1: (sqlalchemy.dialects.postgresql.asyncpg.Error) <class 'asyncpg.exceptions.DataError'>: invalid input for query argument $1: datetime.datetime(2026, 5, 19, 14, 27, 3... (can't subtract offset-naive and offset-aware datetimes)
[SQL: UPDATE iotdevice SET last_seen=$1::TIMESTAMP WITHOUT TIME ZONE WHERE iotdevice.id = $2::INTEGER]
[parameters: (datetime.datetime(2026, 5, 19, 14, 27, 30, 531607, tzinfo=datetime.timezone.utc), 1)]
(Background on this error at: https://sqlalche.me/e/20/dbapi)
INFO:     connection closed
INFO:     127.0.0.1:54070 - "WebSocket /api/v1/pos/iot/ws/iot?token=test-token-123" [accepted]
INFO:     connection open
ERROR:pos_core.iot.websocket_handler:❌ Error crítico en sesión IoT 1: (sqlalchemy.dialects.postgresql.asyncpg.Error) <class 'asyncpg.exceptions.DataError'>: invalid input for query argument $1: datetime.datetime(2026, 5, 19, 14, 27, 3... (can't subtract offset-naive and offset-aware datetimes)
[SQL: UPDATE iotdevice SET last_seen=$1::TIMESTAMP WITHOUT TIME ZONE WHERE iotdevice.id = $2::INTEGER]
[parameters: (datetime.datetime(2026, 5, 19, 14, 27, 30, 536274, tzinfo=datetime.timezone.utc), 1)]
(Background on this error at: https://sqlalche.me/e/20/dbapi)
INFO:     connection closed
INFO:     127.0.0.1:54074 - "WebSocket /api/v1/pos/iot/ws/iot?token=test-token-123" [accepted]
INFO:     connection open
ERROR:pos_core.iot.websocket_handler:❌ Error crítico en sesión IoT 1: (sqlalchemy.dialects.postgresql.asyncpg.Error) <class 'asyncpg.exceptions.DataError'>: invalid input for query argument $1: datetime.datetime(2026, 5, 19, 14, 27, 3... (can't subtract offset-naive and offset-aware datetimes)
[SQL: UPDATE iotdevice SET last_seen=$1::TIMESTAMP WITHOUT TIME ZONE WHERE iotdevice.id = $2::INTEGER]
[parameters: (datetime.datetime(2026, 5, 19, 14, 27, 30, 540874, tzinfo=datetime.timezone.utc), 1)]
(Background on this error at: https://sqlalche.me/e/20/dbapi)
INFO:     connection closed
INFO:     127.0.0.1:54090 - "WebSocket /api/v1/pos/iot/ws/iot?token=test-token-123" [accepted]
INFO:     connection open
ERROR:pos_core.iot.websocket_handler:❌ Error crítico en sesión IoT 1: (sqlalchemy.dialects.postgresql.asyncpg.Error) <class 'asyncpg.exceptions.DataError'>: invalid input for query argument $1: datetime.datetime(2026, 5, 19, 14, 27, 3... (can't subtract offset-naive and offset-aware datetimes)
[SQL: UPDATE iotdevice SET last_seen=$1::TIMESTAMP WITHOUT TIME ZONE WHERE iotdevice.id = $2::INTEGER]
[parameters: (datetime.datetime(2026, 5, 19, 14, 27, 30, 545663, tzinfo=datetime.timezone.utc), 1)]
(Background on this error at: https://sqlalche.me/e/20/dbapi)
INFO:     connection closed
INFO:     127.0.0.1:54098 - "WebSocket /api/v1/pos/iot/ws/iot?token=test-token-123" [accepted]
INFO:     connection open
ERROR:pos_core.iot.websocket_handler:❌ Error crítico en sesión IoT 1: (sqlalchemy.dialects.postgresql.asyncpg.Error) <class 'asyncpg.exceptions.DataError'>: invalid input for query argument $1: datetime.datetime(2026, 5, 19, 14, 27, 3... (can't subtract offset-naive and offset-aware datetimes)
[SQL: UPDATE iotdevice SET last_seen=$1::TIMESTAMP WITHOUT TIME ZONE WHERE iotdevice.id = $2::INTEGER]
[parameters: (datetime.datetime(2026, 5, 19, 14, 27, 30, 550810, tzinfo=datetime.timezone.utc), 1)]
(Background on this error at: https://sqlalche.me/e/20/dbapi)
INFO:     connection closed
INFO:     127.0.0.1:54114 - "WebSocket /api/v1/pos/iot/ws/iot?token=test-token-123" [accepted]
INFO:     connection open
ERROR:pos_core.iot.websocket_handler:❌ Error crítico en sesión IoT 1: (sqlalchemy.dialects.postgresql.asyncpg.Error) <class 'asyncpg.exceptions.DataError'>: invalid input for query argument $1: datetime.datetime(2026, 5, 19, 14, 27, 3... (can't subtract offset-naive and offset-aware datetimes)
[SQL: UPDATE iotdevice SET last_seen=$1::TIMESTAMP WITHOUT TIME ZONE WHERE iotdevice.id = $2::INTEGER]
[parameters: (datetime.datetime(2026, 5, 19, 14, 27, 30, 556099, tzinfo=datetime.timezone.utc), 1)]
(Background on this error at: https://sqlalche.me/e/20/dbapi)
INFO:     connection closed
INFO:     127.0.0.1:54118 - "WebSocket /api/v1/pos/iot/ws/iot?token=test-token-123" [accepted]
INFO:     connection open
ERROR:pos_core.iot.websocket_handler:❌ Error crítico en sesión IoT 1: (sqlalchemy.dialects.postgresql.asyncpg.Error) <class 'asyncpg.exceptions.DataError'>: invalid input for query argument $1: datetime.datetime(2026, 5, 19, 14, 27, 3... (can't subtract offset-naive and offset-aware datetimes)
[SQL: UPDATE iotdevice SET last_seen=$1::TIMESTAMP WITHOUT TIME ZONE WHERE iotdevice.id = $2::INTEGER]
[parameters: (datetime.datetime(2026, 5, 19, 14, 27, 30, 561069, tzinfo=datetime.timezone.utc), 1)]
(Background on this error at: https://sqlalche.me/e/20/dbapi)
INFO:     connection closed
INFO:     127.0.0.1:54128 - "WebSocket /api/v1/pos/iot/ws/iot?token=test-token-123" [accepted]
INFO:     connection open
ERROR:pos_core.iot.websocket_handler:❌ Error crítico en sesión IoT 1: (sqlalchemy.dialects.postgresql.asyncpg.Error) <class 'asyncpg.exceptions.DataError'>: invalid input for query argument $1: datetime.datetime(2026, 5, 19, 14, 27, 3... (can't subtract offset-naive and offset-aware datetimes)
[SQL: UPDATE iotdevice SET last_seen=$1::TIMESTAMP WITHOUT TIME ZONE WHERE iotdevice.id = $2::INTEGER]
[parameters: (datetime.datetime(2026, 5, 19, 14, 27, 30, 567784, tzinfo=datetime.timezone.utc), 1)]
(Background on this error at: https://sqlalche.me/e/20/dbapi)
INFO:     connection closed
INFO:     127.0.0.1:54144 - "WebSocket /api/v1/pos/iot/ws/iot?token=test-token-123" [accepted]
INFO:     connection open
ERROR:pos_core.iot.websocket_handler:❌ Error crítico en sesión IoT 1: (sqlalchemy.dialects.postgresql.asyncpg.Error) <class 'asyncpg.exceptions.DataError'>: invalid input for query argument $1: datetime.datetime(2026, 5, 19, 14, 27, 3... (can't subtract offset-naive and offset-aware datetimes)
[SQL: UPDATE iotdevice SET last_seen=$1::TIMESTAMP WITHOUT TIME ZONE WHERE iotdevice.id = $2::INTEGER]
[parameters: (datetime.datetime(2026, 5, 19, 14, 27, 30, 572402, tzinfo=datetime.timezone.utc), 1)]
(Background on this error at: https://sqlalche.me/e/20/dbapi)
INFO:     connection closed
INFO:     127.0.0.1:54156 - "WebSocket /api/v1/pos/iot/ws/iot?token=test-token-123" [accepted]
INFO:     connection open
ERROR:pos_core.iot.websocket_handler:❌ Error crítico en sesión IoT 1: (sqlalchemy.dialects.postgresql.asyncpg.Error) <class 'asyncpg.exceptions.DataError'>: invalid input for query argument $1: datetime.datetime(2026, 5, 19, 14, 27, 3... (can't subtract offset-naive and offset-aware datetimes)
[SQL: UPDATE iotdevice SET last_seen=$1::TIMESTAMP WITHOUT TIME ZONE WHERE iotdevice.id = $2::INTEGER]
[parameters: (datetime.datetime(2026, 5, 19, 14, 27, 30, 576277, tzinfo=datetime.timezone.utc), 1)]
(Background on this error at: https://sqlalche.me/e/20/dbapi)
INFO:     connection closed
INFO:     127.0.0.1:54172 - "WebSocket /api/v1/pos/iot/ws/iot?token=test-token-123" [accepted]
INFO:     connection open
ERROR:pos_core.iot.websocket_handler:❌ Error crítico en sesión IoT 1: (sqlalchemy.dialects.postgresql.asyncpg.Error) <class 'asyncpg.exceptions.DataError'>: invalid input for query argument $1: datetime.datetime(2026, 5, 19, 14, 27, 3... (can't subtract offset-naive and offset-aware datetimes)
[SQL: UPDATE iotdevice SET last_seen=$1::TIMESTAMP WITHOUT TIME ZONE WHERE iotdevice.id = $2::INTEGER]
[parameters: (datetime.datetime(2026, 5, 19, 14, 27, 30, 580786, tzinfo=datetime.timezone.utc), 1)]
(Background on this error at: https://sqlalche.me/e/20/dbapi)
INFO:     connection closed
INFO:     127.0.0.1:54184 - "WebSocket /api/v1/pos/iot/ws/iot?token=test-token-123" [accepted]
INFO:     connection open
ERROR:pos_core.iot.websocket_handler:❌ Error crítico en sesión IoT 1: (sqlalchemy.dialects.postgresql.asyncpg.Error) <class 'asyncpg.exceptions.DataError'>: invalid input for query argument $1: datetime.datetime(2026, 5, 19, 14, 27, 3... (can't subtract offset-naive and offset-aware datetimes)
[SQL: UPDATE iotdevice SET last_seen=$1::TIMESTAMP WITHOUT TIME ZONE WHERE iotdevice.id = $2::INTEGER]
[parameters: (datetime.datetime(2026, 5, 19, 14, 27, 30, 585326, tzinfo=datetime.timezone.utc), 1)]
(Background on this error at: https://sqlalche.me/e/20/dbapi)
INFO:     connection closed
INFO:     127.0.0.1:54188 - "WebSocket /api/v1/pos/iot/ws/iot?token=test-token-123" [accepted]
INFO:     connection open
ERROR:pos_core.iot.websocket_handler:❌ Error crítico en sesión IoT 1: (sqlalchemy.dialects.postgresql.asyncpg.Error) <class 'asyncpg.exceptions.DataError'>: invalid input for query argument $1: datetime.datetime(2026, 5, 19, 14, 27, 3... (can't subtract offset-naive and offset-aware datetimes)
[SQL: UPDATE iotdevice SET last_seen=$1::TIMESTAMP WITHOUT TIME ZONE WHERE iotdevice.id = $2::INTEGER]
[parameters: (datetime.datetime(2026, 5, 19, 14, 27, 30, 590531, tzinfo=datetime.timezone.utc), 1)]
(Background on this error at: https://sqlalche.me/e/20/dbapi)
INFO:     connection closed
INFO:     127.0.0.1:54200 - "WebSocket /api/v1/pos/iot/ws/iot?token=test-token-123" [accepted]
INFO:     connection open
ERROR:pos_core.iot.websocket_handler:❌ Error crítico en sesión IoT 1: (sqlalchemy.dialects.postgresql.asyncpg.Error) <class 'asyncpg.exceptions.DataError'>: invalid input for query argument $1: datetime.datetime(2026, 5, 19, 14, 27, 3... (can't subtract offset-naive and offset-aware datetimes)
[SQL: UPDATE iotdevice SET last_seen=$1::TIMESTAMP WITHOUT TIME ZONE WHERE iotdevice.id = $2::INTEGER]
[parameters: (datetime.datetime(2026, 5, 19, 14, 27, 30, 595066, tzinfo=datetime.timezone.utc), 1)]
(Background on this error at: https://sqlalche.me/e/20/dbapi)
INFO:     connection closed
INFO:     127.0.0.1:54210 - "WebSocket /api/v1/pos/iot/ws/iot?token=test-token-123" [accepted]
INFO:     connection open
ERROR:pos_core.iot.websocket_handler:❌ Error crítico en sesión IoT 1: (sqlalchemy.dialects.postgresql.asyncpg.Error) <class 'asyncpg.exceptions.DataError'>: invalid input for query argument $1: datetime.datetime(2026, 5, 19, 14, 27, 3... (can't subtract offset-naive and offset-aware datetimes)
[SQL: UPDATE iotdevice SET last_seen=$1::TIMESTAMP WITHOUT TIME ZONE WHERE iotdevice.id = $2::INTEGER]
[parameters: (datetime.datetime(2026, 5, 19, 14, 27, 30, 600315, tzinfo=datetime.timezone.utc), 1)]
(Background on this error at: https://sqlalche.me/e/20/dbapi)
INFO:     connection closed
INFO:     127.0.0.1:54212 - "WebSocket /api/v1/pos/iot/ws/iot?token=test-token-123" [accepted]
INFO:     connection open
ERROR:pos_core.iot.websocket_handler:❌ Error crítico en sesión IoT 1: (sqlalchemy.dialects.postgresql.asyncpg.Error) <class 'asyncpg.exceptions.DataError'>: invalid input for query argument $1: datetime.datetime(2026, 5, 19, 14, 27, 3... (can't subtract offset-naive and offset-aware datetimes)
[SQL: UPDATE iotdevice SET last_seen=$1::TIMESTAMP WITHOUT TIME ZONE WHERE iotdevice.id = $2::INTEGER]
[parameters: (datetime.datetime(2026, 5, 19, 14, 27, 30, 605595, tzinfo=datetime.timezone.utc), 1)]
(Background on this error at: https://sqlalche.me/e/20/dbapi)
INFO:     connection closed
INFO:     127.0.0.1:54218 - "WebSocket /api/v1/pos/iot/ws/iot?token=test-token-123" [accepted]
INFO:     connection open
ERROR:pos_core.iot.websocket_handler:❌ Error crítico en sesión IoT 1: (sqlalchemy.dialects.postgresql.asyncpg.Error) <class 'asyncpg.exceptions.DataError'>: invalid input for query argument $1: datetime.datetime(2026, 5, 19, 14, 27, 3... (can't subtract offset-naive and offset-aware datetimes)
[SQL: UPDATE iotdevice SET last_seen=$1::TIMESTAMP WITHOUT TIME ZONE WHERE iotdevice.id = $2::INTEGER]
[parameters: (datetime.datetime(2026, 5, 19, 14, 27, 30, 611000, tzinfo=datetime.timezone.utc), 1)]
(Background on this error at: https://sqlalche.me/e/20/dbapi)
INFO:     connection closed
INFO:     127.0.0.1:54230 - "WebSocket /api/v1/pos/iot/ws/iot?token=test-token-123" [accepted]
INFO:     connection open
ERROR:pos_core.iot.websocket_handler:❌ Error crítico en sesión IoT 1: (sqlalchemy.dialects.postgresql.asyncpg.Error) <class 'asyncpg.exceptions.DataError'>: invalid input for query argument $1: datetime.datetime(2026, 5, 19, 14, 27, 3... (can't subtract offset-naive and offset-aware datetimes)
[SQL: UPDATE iotdevice SET last_seen=$1::TIMESTAMP WITHOUT TIME ZONE WHERE iotdevice.id = $2::INTEGER]
[parameters: (datetime.datetime(2026, 5, 19, 14, 27, 30, 617335, tzinfo=datetime.timezone.utc), 1)]
(Background on this error at: https://sqlalche.me/e/20/dbapi)
INFO:     connection closed
INFO:     127.0.0.1:54246 - "WebSocket /api/v1/pos/iot/ws/iot?token=test-token-123" [accepted]
INFO:     connection open
ERROR:pos_core.iot.websocket_handler:❌ Error crítico en sesión IoT 1: (sqlalchemy.dialects.postgresql.asyncpg.Error) <class 'asyncpg.exceptions.DataError'>: invalid input for query argument $1: datetime.datetime(2026, 5, 19, 14, 27, 3... (can't subtract offset-naive and offset-aware datetimes)
[SQL: UPDATE iotdevice SET last_seen=$1::TIMESTAMP WITHOUT TIME ZONE WHERE iotdevice.id = $2::INTEGER]
[parameters: (datetime.datetime(2026, 5, 19, 14, 27, 30, 622212, tzinfo=datetime.timezone.utc), 1)]
(Background on this error at: https://sqlalche.me/e/20/dbapi)
INFO:     connection closed
INFO:     127.0.0.1:54250 - "WebSocket /api/v1/pos/iot/ws/iot?token=test-token-123" [accepted]
INFO:     connection open
ERROR:pos_core.iot.websocket_handler:❌ Error crítico en sesión IoT 1: (sqlalchemy.dialects.postgresql.asyncpg.Error) <class 'asyncpg.exceptions.DataError'>: invalid input for query argument $1: datetime.datetime(2026, 5, 19, 14, 27, 3... (can't subtract offset-naive and offset-aware datetimes)
[SQL: UPDATE iotdevice SET last_seen=$1::TIMESTAMP WITHOUT TIME ZONE WHERE iotdevice.id = $2::INTEGER]
[parameters: (datetime.datetime(2026, 5, 19, 14, 27, 30, 626382, tzinfo=datetime.timezone.utc), 1)]
(Background on this error at: https://sqlalche.me/e/20/dbapi)
INFO:     connection closed
INFO:     127.0.0.1:54258 - "WebSocket /api/v1/pos/iot/ws/iot?token=test-token-123" [accepted]
INFO:     connection open
ERROR:pos_core.iot.websocket_handler:❌ Error crítico en sesión IoT 1: (sqlalchemy.dialects.postgresql.asyncpg.Error) <class 'asyncpg.exceptions.DataError'>: invalid input for query argument $1: datetime.datetime(2026, 5, 19, 14, 27, 3... (can't subtract offset-naive and offset-aware datetimes)
[SQL: UPDATE iotdevice SET last_seen=$1::TIMESTAMP WITHOUT TIME ZONE WHERE iotdevice.id = $2::INTEGER]
[parameters: (datetime.datetime(2026, 5, 19, 14, 27, 30, 631227, tzinfo=datetime.timezone.utc), 1)]
(Background on this error at: https://sqlalche.me/e/20/dbapi)
INFO:     connection closed
INFO:     127.0.0.1:54264 - "WebSocket /api/v1/pos/iot/ws/iot?token=test-token-123" [accepted]
INFO:     connection open
ERROR:pos_core.iot.websocket_handler:❌ Error crítico en sesión IoT 1: (sqlalchemy.dialects.postgresql.asyncpg.Error) <class 'asyncpg.exceptions.DataError'>: invalid input for query argument $1: datetime.datetime(2026, 5, 19, 14, 27, 3... (can't subtract offset-naive and offset-aware datetimes)
[SQL: UPDATE iotdevice SET last_seen=$1::TIMESTAMP WITHOUT TIME ZONE WHERE iotdevice.id = $2::INTEGER]
[parameters: (datetime.datetime(2026, 5, 19, 14, 27, 30, 635887, tzinfo=datetime.timezone.utc), 1)]
(Background on this error at: https://sqlalche.me/e/20/dbapi)
INFO:     connection closed
INFO:     127.0.0.1:54266 - "WebSocket /api/v1/pos/iot/ws/iot?token=test-token-123" [accepted]
INFO:     connection open
ERROR:pos_core.iot.websocket_handler:❌ Error crítico en sesión IoT 1: (sqlalchemy.dialects.postgresql.asyncpg.Error) <class 'asyncpg.exceptions.DataError'>: invalid input for query argument $1: datetime.datetime(2026, 5, 19, 14, 27, 3... (can't subtract offset-naive and offset-aware datetimes)
[SQL: UPDATE iotdevice SET last_seen=$1::TIMESTAMP WITHOUT TIME ZONE WHERE iotdevice.id = $2::INTEGER]
[parameters: (datetime.datetime(2026, 5, 19, 14, 27, 30, 640213, tzinfo=datetime.timezone.utc), 1)]
(Background on this error at: https://sqlalche.me/e/20/dbapi)
INFO:     connection closed
INFO:     127.0.0.1:54268 - "WebSocket /api/v1/pos/iot/ws/iot?token=test-token-123" [accepted]
INFO:     connection open
ERROR:pos_core.iot.websocket_handler:❌ Error crítico en sesión IoT 1: (sqlalchemy.dialects.postgresql.asyncpg.Error) <class 'asyncpg.exceptions.DataError'>: invalid input for query argument $1: datetime.datetime(2026, 5, 19, 14, 27, 3... (can't subtract offset-naive and offset-aware datetimes)
[SQL: UPDATE iotdevice SET last_seen=$1::TIMESTAMP WITHOUT TIME ZONE WHERE iotdevice.id = $2::INTEGER]
[parameters: (datetime.datetime(2026, 5, 19, 14, 27, 30, 644507, tzinfo=datetime.timezone.utc), 1)]
(Background on this error at: https://sqlalche.me/e/20/dbapi)
INFO:     connection closed
INFO:     127.0.0.1:54270 - "WebSocket /api/v1/pos/iot/ws/iot?token=test-token-123" [accepted]
INFO:     connection open
ERROR:pos_core.iot.websocket_handler:❌ Error crítico en sesión IoT 1: (sqlalchemy.dialects.postgresql.asyncpg.Error) <class 'asyncpg.exceptions.DataError'>: invalid input for query argument $1: datetime.datetime(2026, 5, 19, 14, 27, 3... (can't subtract offset-naive and offset-aware datetimes)
[SQL: UPDATE iotdevice SET last_seen=$1::TIMESTAMP WITHOUT TIME ZONE WHERE iotdevice.id = $2::INTEGER]
[parameters: (datetime.datetime(2026, 5, 19, 14, 27, 30, 649973, tzinfo=datetime.timezone.utc), 1)]
(Background on this error at: https://sqlalche.me/e/20/dbapi)
INFO:     connection closed
INFO:     127.0.0.1:54274 - "WebSocket /api/v1/pos/iot/ws/iot?token=test-token-123" [accepted]
INFO:     connection open
ERROR:pos_core.iot.websocket_handler:❌ Error crítico en sesión IoT 1: (sqlalchemy.dialects.postgresql.asyncpg.Error) <class 'asyncpg.exceptions.DataError'>: invalid input for query argument $1: datetime.datetime(2026, 5, 19, 14, 27, 3... (can't subtract offset-naive and offset-aware datetimes)
[SQL: UPDATE iotdevice SET last_seen=$1::TIMESTAMP WITHOUT TIME ZONE WHERE iotdevice.id = $2::INTEGER]
[parameters: (datetime.datetime(2026, 5, 19, 14, 27, 30, 655135, tzinfo=datetime.timezone.utc), 1)]
(Background on this error at: https://sqlalche.me/e/20/dbapi)
INFO:     connection closed
INFO:     127.0.0.1:54290 - "WebSocket /api/v1/pos/iot/ws/iot?token=test-token-123" [accepted]
INFO:     connection open
ERROR:pos_core.iot.websocket_handler:❌ Error crítico en sesión IoT 1: (sqlalchemy.dialects.postgresql.asyncpg.Error) <class 'asyncpg.exceptions.DataError'>: invalid input for query argument $1: datetime.datetime(2026, 5, 19, 14, 27, 3... (can't subtract offset-naive and offset-aware datetimes)
[SQL: UPDATE iotdevice SET last_seen=$1::TIMESTAMP WITHOUT TIME ZONE WHERE iotdevice.id = $2::INTEGER]
[parameters: (datetime.datetime(2026, 5, 19, 14, 27, 30, 659747, tzinfo=datetime.timezone.utc), 1)]
(Background on this error at: https://sqlalche.me/e/20/dbapi)
INFO:     connection closed
INFO:     127.0.0.1:54296 - "WebSocket /api/v1/pos/iot/ws/iot?token=test-token-123" [accepted]
INFO:     connection open
ERROR:pos_core.iot.websocket_handler:❌ Error crítico en sesión IoT 1: (sqlalchemy.dialects.postgresql.asyncpg.Error) <class 'asyncpg.exceptions.DataError'>: invalid input for query argument $1: datetime.datetime(2026, 5, 19, 14, 27, 3... (can't subtract offset-naive and offset-aware datetimes)
[SQL: UPDATE iotdevice SET last_seen=$1::TIMESTAMP WITHOUT TIME ZONE WHERE iotdevice.id = $2::INTEGER]
[parameters: (datetime.datetime(2026, 5, 19, 14, 27, 30, 665876, tzinfo=datetime.timezone.utc), 1)]
(Background on this error at: https://sqlalche.me/e/20/dbapi)
INFO:     connection closed
INFO:     127.0.0.1:54302 - "WebSocket /api/v1/pos/iot/ws/iot?token=test-token-123" [accepted]
INFO:     connection open
ERROR:pos_core.iot.websocket_handler:❌ Error crítico en sesión IoT 1: (sqlalchemy.dialects.postgresql.asyncpg.Error) <class 'asyncpg.exceptions.DataError'>: invalid input for query argument $1: datetime.datetime(2026, 5, 19, 14, 27, 3... (can't subtract offset-naive and offset-aware datetimes)
[SQL: UPDATE iotdevice SET last_seen=$1::TIMESTAMP WITHOUT TIME ZONE WHERE iotdevice.id = $2::INTEGER]
[parameters: (datetime.datetime(2026, 5, 19, 14, 27, 30, 670641, tzinfo=datetime.timezone.utc), 1)]
(Background on this error at: https://sqlalche.me/e/20/dbapi)
INFO:     connection closed
INFO:     127.0.0.1:54316 - "WebSocket /api/v1/pos/iot/ws/iot?token=test-token-123" [accepted]
INFO:     connection open
ERROR:pos_core.iot.websocket_handler:❌ Error crítico en sesión IoT 1: (sqlalchemy.dialects.postgresql.asyncpg.Error) <class 'asyncpg.exceptions.DataError'>: invalid input for query argument $1: datetime.datetime(2026, 5, 19, 14, 27, 3... (can't subtract offset-naive and offset-aware datetimes)
[SQL: UPDATE iotdevice SET last_seen=$1::TIMESTAMP WITHOUT TIME ZONE WHERE iotdevice.id = $2::INTEGER]
[parameters: (datetime.datetime(2026, 5, 19, 14, 27, 30, 675443, tzinfo=datetime.timezone.utc), 1)]
(Background on this error at: https://sqlalche.me/e/20/dbapi)
INFO:     connection closed
INFO:     127.0.0.1:54330 - "WebSocket /api/v1/pos/iot/ws/iot?token=test-token-123" [accepted]
INFO:     connection open
ERROR:pos_core.iot.websocket_handler:❌ Error crítico en sesión IoT 1: (sqlalchemy.dialects.postgresql.asyncpg.Error) <class 'asyncpg.exceptions.DataError'>: invalid input for query argument $1: datetime.datetime(2026, 5, 19, 14, 27, 3... (can't subtract offset-naive and offset-aware datetimes)
[SQL: UPDATE iotdevice SET last_seen=$1::TIMESTAMP WITHOUT TIME ZONE WHERE iotdevice.id = $2::INTEGER]
[parameters: (datetime.datetime(2026, 5, 19, 14, 27, 30, 679614, tzinfo=datetime.timezone.utc), 1)]
(Background on this error at: https://sqlalche.me/e/20/dbapi)
INFO:     connection closed
INFO:     127.0.0.1:54346 - "WebSocket /api/v1/pos/iot/ws/iot?token=test-token-123" [accepted]
INFO:     connection open
ERROR:pos_core.iot.websocket_handler:❌ Error crítico en sesión IoT 1: (sqlalchemy.dialects.postgresql.asyncpg.Error) <class 'asyncpg.exceptions.DataError'>: invalid input for query argument $1: datetime.datetime(2026, 5, 19, 14, 27, 3... (can't subtract offset-naive and offset-aware datetimes)
[SQL: UPDATE iotdevice SET last_seen=$1::TIMESTAMP WITHOUT TIME ZONE WHERE iotdevice.id = $2::INTEGER]
[parameters: (datetime.datetime(2026, 5, 19, 14, 27, 30, 684653, tzinfo=datetime.timezone.utc), 1)]
(Background on this error at: https://sqlalche.me/e/20/dbapi)
INFO:     connection closed
INFO:     127.0.0.1:54350 - "WebSocket /api/v1/pos/iot/ws/iot?token=test-token-123" [accepted]
INFO:     connection open
ERROR:pos_core.iot.websocket_handler:❌ Error crítico en sesión IoT 1: (sqlalchemy.dialects.postgresql.asyncpg.Error) <class 'asyncpg.exceptions.DataError'>: invalid input for query argument $1: datetime.datetime(2026, 5, 19, 14, 27, 3... (can't subtract offset-naive and offset-aware datetimes)
[SQL: UPDATE iotdevice SET last_seen=$1::TIMESTAMP WITHOUT TIME ZONE WHERE iotdevice.id = $2::INTEGER]
[parameters: (datetime.datetime(2026, 5, 19, 14, 27, 30, 689391, tzinfo=datetime.timezone.utc), 1)]
(Background on this error at: https://sqlalche.me/e/20/dbapi)
INFO:     connection closed
INFO:     127.0.0.1:54362 - "WebSocket /api/v1/pos/iot/ws/iot?token=test-token-123" [accepted]
INFO:     connection open
ERROR:pos_core.iot.websocket_handler:❌ Error crítico en sesión IoT 1: (sqlalchemy.dialects.postgresql.asyncpg.Error) <class 'asyncpg.exceptions.DataError'>: invalid input for query argument $1: datetime.datetime(2026, 5, 19, 14, 27, 3... (can't subtract offset-naive and offset-aware datetimes)
[SQL: UPDATE iotdevice SET last_seen=$1::TIMESTAMP WITHOUT TIME ZONE WHERE iotdevice.id = $2::INTEGER]
[parameters: (datetime.datetime(2026, 5, 19, 14, 27, 30, 694481, tzinfo=datetime.timezone.utc), 1)]
(Background on this error at: https://sqlalche.me/e/20/dbapi)
INFO:     connection closed
INFO:     127.0.0.1:54368 - "WebSocket /api/v1/pos/iot/ws/iot?token=test-token-123" [accepted]
INFO:     connection open
ERROR:pos_core.iot.websocket_handler:❌ Error crítico en sesión IoT 1: (sqlalchemy.dialects.postgresql.asyncpg.Error) <class 'asyncpg.exceptions.DataError'>: invalid input for query argument $1: datetime.datetime(2026, 5, 19, 14, 27, 3... (can't subtract offset-naive and offset-aware datetimes)
[SQL: UPDATE iotdevice SET last_seen=$1::TIMESTAMP WITHOUT TIME ZONE WHERE iotdevice.id = $2::INTEGER]
[parameters: (datetime.datetime(2026, 5, 19, 14, 27, 30, 701156, tzinfo=datetime.timezone.utc), 1)]
(Background on this error at: https://sqlalche.me/e/20/dbapi)
INFO:     connection closed
INFO:     127.0.0.1:54376 - "WebSocket /api/v1/pos/iot/ws/iot?token=test-token-123" [accepted]
INFO:     connection open
ERROR:pos_core.iot.websocket_handler:❌ Error crítico en sesión IoT 1: (sqlalchemy.dialects.postgresql.asyncpg.Error) <class 'asyncpg.exceptions.DataError'>: invalid input for query argument $1: datetime.datetime(2026, 5, 19, 14, 27, 3... (can't subtract offset-naive and offset-aware datetimes)
[SQL: UPDATE iotdevice SET last_seen=$1::TIMESTAMP WITHOUT TIME ZONE WHERE iotdevice.id = $2::INTEGER]
[parameters: (datetime.datetime(2026, 5, 19, 14, 27, 30, 707020, tzinfo=datetime.timezone.utc), 1)]
(Background on this error at: https://sqlalche.me/e/20/dbapi)
INFO:     connection closed
INFO:     127.0.0.1:54382 - "WebSocket /api/v1/pos/iot/ws/iot?token=test-token-123" [accepted]
INFO:     connection open
ERROR:pos_core.iot.websocket_handler:❌ Error crítico en sesión IoT 1: (sqlalchemy.dialects.postgresql.asyncpg.Error) <class 'asyncpg.exceptions.DataError'>: invalid input for query argument $1: datetime.datetime(2026, 5, 19, 14, 27, 3... (can't subtract offset-naive and offset-aware datetimes)
[SQL: UPDATE iotdevice SET last_seen=$1::TIMESTAMP WITHOUT TIME ZONE WHERE iotdevice.id = $2::INTEGER]
[parameters: (datetime.datetime(2026, 5, 19, 14, 27, 30, 712156, tzinfo=datetime.timezone.utc), 1)]
(Background on this error at: https://sqlalche.me/e/20/dbapi)
INFO:     connection closed
INFO:     127.0.0.1:54386 - "WebSocket /api/v1/pos/iot/ws/iot?token=test-token-123" [accepted]
INFO:     connection open
ERROR:pos_core.iot.websocket_handler:❌ Error crítico en sesión IoT 1: (sqlalchemy.dialects.postgresql.asyncpg.Error) <class 'asyncpg.exceptions.DataError'>: invalid input for query argument $1: datetime.datetime(2026, 5, 19, 14, 27, 3... (can't subtract offset-naive and offset-aware datetimes)
[SQL: UPDATE iotdevice SET last_seen=$1::TIMESTAMP WITHOUT TIME ZONE WHERE iotdevice.id = $2::INTEGER]
[parameters: (datetime.datetime(2026, 5, 19, 14, 27, 30, 717954, tzinfo=datetime.timezone.utc), 1)]
(Background on this error at: https://sqlalche.me/e/20/dbapi)
INFO:     connection closed
INFO:     127.0.0.1:54390 - "WebSocket /api/v1/pos/iot/ws/iot?token=test-token-123" [accepted]
INFO:     connection open
ERROR:pos_core.iot.websocket_handler:❌ Error crítico en sesión IoT 1: (sqlalchemy.dialects.postgresql.asyncpg.Error) <class 'asyncpg.exceptions.DataError'>: invalid input for query argument $1: datetime.datetime(2026, 5, 19, 14, 27, 3... (can't subtract offset-naive and offset-aware datetimes)
[SQL: UPDATE iotdevice SET last_seen=$1::TIMESTAMP WITHOUT TIME ZONE WHERE iotdevice.id = $2::INTEGER]
[parameters: (datetime.datetime(2026, 5, 19, 14, 27, 30, 723949, tzinfo=datetime.timezone.utc), 1)]
(Background on this error at: https://sqlalche.me/e/20/dbapi)
INFO:     connection closed
INFO:     127.0.0.1:54402 - "WebSocket /api/v1/pos/iot/ws/iot?token=test-token-123" [accepted]
INFO:     connection open
ERROR:pos_core.iot.websocket_handler:❌ Error crítico en sesión IoT 1: (sqlalchemy.dialects.postgresql.asyncpg.Error) <class 'asyncpg.exceptions.DataError'>: invalid input for query argument $1: datetime.datetime(2026, 5, 19, 14, 27, 3... (can't subtract offset-naive and offset-aware datetimes)
[SQL: UPDATE iotdevice SET last_seen=$1::TIMESTAMP WITHOUT TIME ZONE WHERE iotdevice.id = $2::INTEGER]
[parameters: (datetime.datetime(2026, 5, 19, 14, 27, 30, 727987, tzinfo=datetime.timezone.utc), 1)]
(Background on this error at: https://sqlalche.me/e/20/dbapi)
INFO:     connection closed
INFO:     127.0.0.1:54408 - "WebSocket /api/v1/pos/iot/ws/iot?token=test-token-123" [accepted]
INFO:     connection open
ERROR:pos_core.iot.websocket_handler:❌ Error crítico en sesión IoT 1: (sqlalchemy.dialects.postgresql.asyncpg.Error) <class 'asyncpg.exceptions.DataError'>: invalid input for query argument $1: datetime.datetime(2026, 5, 19, 14, 27, 3... (can't subtract offset-naive and offset-aware datetimes)
[SQL: UPDATE iotdevice SET last_seen=$1::TIMESTAMP WITHOUT TIME ZONE WHERE iotdevice.id = $2::INTEGER]
[parameters: (datetime.datetime(2026, 5, 19, 14, 27, 30, 733639, tzinfo=datetime.timezone.utc), 1)]
(Background on this error at: https://sqlalche.me/e/20/dbapi)
INFO:     connection closed
INFO:     127.0.0.1:54412 - "WebSocket /api/v1/pos/iot/ws/iot?token=test-token-123" [accepted]
INFO:     connection open
ERROR:pos_core.iot.websocket_handler:❌ Error crítico en sesión IoT 1: (sqlalchemy.dialects.postgresql.asyncpg.Error) <class 'asyncpg.exceptions.DataError'>: invalid input for query argument $1: datetime.datetime(2026, 5, 19, 14, 27, 3... (can't subtract offset-naive and offset-aware datetimes)
[SQL: UPDATE iotdevice SET last_seen=$1::TIMESTAMP WITHOUT TIME ZONE WHERE iotdevice.id = $2::INTEGER]
[parameters: (datetime.datetime(2026, 5, 19, 14, 27, 30, 738159, tzinfo=datetime.timezone.utc), 1)]
(Background on this error at: https://sqlalche.me/e/20/dbapi)
INFO:     connection closed
INFO:     127.0.0.1:54416 - "WebSocket /api/v1/pos/iot/ws/iot?token=test-token-123" [accepted]
INFO:     connection open
ERROR:pos_core.iot.websocket_handler:❌ Error crítico en sesión IoT 1: (sqlalchemy.dialects.postgresql.asyncpg.Error) <class 'asyncpg.exceptions.DataError'>: invalid input for query argument $1: datetime.datetime(2026, 5, 19, 14, 27, 3... (can't subtract offset-naive and offset-aware datetimes)
[SQL: UPDATE iotdevice SET last_seen=$1::TIMESTAMP WITHOUT TIME ZONE WHERE iotdevice.id = $2::INTEGER]
[parameters: (datetime.datetime(2026, 5, 19, 14, 27, 30, 742293, tzinfo=datetime.timezone.utc), 1)]
(Background on this error at: https://sqlalche.me/e/20/dbapi)
INFO:     connection closed
INFO:     127.0.0.1:54420 - "WebSocket /api/v1/pos/iot/ws/iot?token=test-token-123" [accepted]
INFO:     connection open
ERROR:pos_core.iot.websocket_handler:❌ Error crítico en sesión IoT 1: (sqlalchemy.dialects.postgresql.asyncpg.Error) <class 'asyncpg.exceptions.DataError'>: invalid input for query argument $1: datetime.datetime(2026, 5, 19, 14, 27, 3... (can't subtract offset-naive and offset-aware datetimes)
[SQL: UPDATE iotdevice SET last_seen=$1::TIMESTAMP WITHOUT TIME ZONE WHERE iotdevice.id = $2::INTEGER]
[parameters: (datetime.datetime(2026, 5, 19, 14, 27, 30, 746583, tzinfo=datetime.timezone.utc), 1)]
(Background on this error at: https://sqlalche.me/e/20/dbapi)
INFO:     connection closed
INFO:     127.0.0.1:54436 - "WebSocket /api/v1/pos/iot/ws/iot?token=test-token-123" [accepted]
INFO:     connection open
ERROR:pos_core.iot.websocket_handler:❌ Error crítico en sesión IoT 1: (sqlalchemy.dialects.postgresql.asyncpg.Error) <class 'asyncpg.exceptions.DataError'>: invalid input for query argument $1: datetime.datetime(2026, 5, 19, 14, 27, 3... (can't subtract offset-naive and offset-aware datetimes)
[SQL: UPDATE iotdevice SET last_seen=$1::TIMESTAMP WITHOUT TIME ZONE WHERE iotdevice.id = $2::INTEGER]
[parameters: (datetime.datetime(2026, 5, 19, 14, 27, 30, 751632, tzinfo=datetime.timezone.utc), 1)]
(Background on this error at: https://sqlalche.me/e/20/dbapi)
INFO:     connection closed
INFO:     127.0.0.1:54452 - "WebSocket /api/v1/pos/iot/ws/iot?token=test-token-123" [accepted]
INFO:     connection open
ERROR:pos_core.iot.websocket_handler:❌ Error crítico en sesión IoT 1: (sqlalchemy.dialects.postgresql.asyncpg.Error) <class 'asyncpg.exceptions.DataError'>: invalid input for query argument $1: datetime.datetime(2026, 5, 19, 14, 27, 3... (can't subtract offset-naive and offset-aware datetimes)
[SQL: UPDATE iotdevice SET last_seen=$1::TIMESTAMP WITHOUT TIME ZONE WHERE iotdevice.id = $2::INTEGER]
[parameters: (datetime.datetime(2026, 5, 19, 14, 27, 30, 756932, tzinfo=datetime.timezone.utc), 1)]
(Background on this error at: https://sqlalche.me/e/20/dbapi)
INFO:     connection closed
INFO:     127.0.0.1:54460 - "WebSocket /api/v1/pos/iot/ws/iot?token=test-token-123" [accepted]
INFO:     connection open
ERROR:pos_core.iot.websocket_handler:❌ Error crítico en sesión IoT 1: (sqlalchemy.dialects.postgresql.asyncpg.Error) <class 'asyncpg.exceptions.DataError'>: invalid input for query argument $1: datetime.datetime(2026, 5, 19, 14, 27, 3... (can't subtract offset-naive and offset-aware datetimes)
[SQL: UPDATE iotdevice SET last_seen=$1::TIMESTAMP WITHOUT TIME ZONE WHERE iotdevice.id = $2::INTEGER]
[parameters: (datetime.datetime(2026, 5, 19, 14, 27, 30, 761553, tzinfo=datetime.timezone.utc), 1)]
(Background on this error at: https://sqlalche.me/e/20/dbapi)
INFO:     connection closed
INFO:     127.0.0.1:54476 - "WebSocket /api/v1/pos/iot/ws/iot?token=test-token-123" [accepted]
INFO:     connection open
ERROR:pos_core.iot.websocket_handler:❌ Error crítico en sesión IoT 1: (sqlalchemy.dialects.postgresql.asyncpg.Error) <class 'asyncpg.exceptions.DataError'>: invalid input for query argument $1: datetime.datetime(2026, 5, 19, 14, 27, 3... (can't subtract offset-naive and offset-aware datetimes)
[SQL: UPDATE iotdevice SET last_seen=$1::TIMESTAMP WITHOUT TIME ZONE WHERE iotdevice.id = $2::INTEGER]
[parameters: (datetime.datetime(2026, 5, 19, 14, 27, 30, 767727, tzinfo=datetime.timezone.utc), 1)]
(Background on this error at: https://sqlalche.me/e/20/dbapi)
INFO:     connection closed
INFO:     127.0.0.1:54478 - "WebSocket /api/v1/pos/iot/ws/iot?token=test-token-123" [accepted]
INFO:     connection open
ERROR:pos_core.iot.websocket_handler:❌ Error crítico en sesión IoT 1: (sqlalchemy.dialects.postgresql.asyncpg.Error) <class 'asyncpg.exceptions.DataError'>: invalid input for query argument $1: datetime.datetime(2026, 5, 19, 14, 27, 3... (can't subtract offset-naive and offset-aware datetimes)
[SQL: UPDATE iotdevice SET last_seen=$1::TIMESTAMP WITHOUT TIME ZONE WHERE iotdevice.id = $2::INTEGER]
[parameters: (datetime.datetime(2026, 5, 19, 14, 27, 30, 772642, tzinfo=datetime.timezone.utc), 1)]
(Background on this error at: https://sqlalche.me/e/20/dbapi)
INFO:     connection closed
INFO:     127.0.0.1:54492 - "WebSocket /api/v1/pos/iot/ws/iot?token=test-token-123" [accepted]
INFO:     connection open
ERROR:pos_core.iot.websocket_handler:❌ Error crítico en sesión IoT 1: (sqlalchemy.dialects.postgresql.asyncpg.Error) <class 'asyncpg.exceptions.DataError'>: invalid input for query argument $1: datetime.datetime(2026, 5, 19, 14, 27, 3... (can't subtract offset-naive and offset-aware datetimes)
[SQL: UPDATE iotdevice SET last_seen=$1::TIMESTAMP WITHOUT TIME ZONE WHERE iotdevice.id = $2::INTEGER]
[parameters: (datetime.datetime(2026, 5, 19, 14, 27, 30, 776470, tzinfo=datetime.timezone.utc), 1)]
(Background on this error at: https://sqlalche.me/e/20/dbapi)
INFO:     connection closed
INFO:     127.0.0.1:54508 - "WebSocket /api/v1/pos/iot/ws/iot?token=test-token-123" [accepted]
INFO:     connection open
ERROR:pos_core.iot.websocket_handler:❌ Error crítico en sesión IoT 1: (sqlalchemy.dialects.postgresql.asyncpg.Error) <class 'asyncpg.exceptions.DataError'>: invalid input for query argument $1: datetime.datetime(2026, 5, 19, 14, 27, 3... (can't subtract offset-naive and offset-aware datetimes)
[SQL: UPDATE iotdevice SET last_seen=$1::TIMESTAMP WITHOUT TIME ZONE WHERE iotdevice.id = $2::INTEGER]
[parameters: (datetime.datetime(2026, 5, 19, 14, 27, 30, 781289, tzinfo=datetime.timezone.utc), 1)]
(Background on this error at: https://sqlalche.me/e/20/dbapi)
INFO:     connection closed
INFO:     127.0.0.1:54512 - "WebSocket /api/v1/pos/iot/ws/iot?token=test-token-123" [accepted]
INFO:     connection open
ERROR:pos_core.iot.websocket_handler:❌ Error crítico en sesión IoT 1: (sqlalchemy.dialects.postgresql.asyncpg.Error) <class 'asyncpg.exceptions.DataError'>: invalid input for query argument $1: datetime.datetime(2026, 5, 19, 14, 27, 3... (can't subtract offset-naive and offset-aware datetimes)
[SQL: UPDATE iotdevice SET last_seen=$1::TIMESTAMP WITHOUT TIME ZONE WHERE iotdevice.id = $2::INTEGER]
[parameters: (datetime.datetime(2026, 5, 19, 14, 27, 30, 785768, tzinfo=datetime.timezone.utc), 1)]
(Background on this error at: https://sqlalche.me/e/20/dbapi)
INFO:     connection closed
INFO:     127.0.0.1:54526 - "WebSocket /api/v1/pos/iot/ws/iot?token=test-token-123" [accepted]
INFO:     connection open
ERROR:pos_core.iot.websocket_handler:❌ Error crítico en sesión IoT 1: (sqlalchemy.dialects.postgresql.asyncpg.Error) <class 'asyncpg.exceptions.DataError'>: invalid input for query argument $1: datetime.datetime(2026, 5, 19, 14, 27, 3... (can't subtract offset-naive and offset-aware datetimes)
[SQL: UPDATE iotdevice SET last_seen=$1::TIMESTAMP WITHOUT TIME ZONE WHERE iotdevice.id = $2::INTEGER]
[parameters: (datetime.datetime(2026, 5, 19, 14, 27, 30, 790575, tzinfo=datetime.timezone.utc), 1)]
(Background on this error at: https://sqlalche.me/e/20/dbapi)
INFO:     connection closed
INFO:     127.0.0.1:54530 - "WebSocket /api/v1/pos/iot/ws/iot?token=test-token-123" [accepted]
INFO:     connection open
ERROR:pos_core.iot.websocket_handler:❌ Error crítico en sesión IoT 1: (sqlalchemy.dialects.postgresql.asyncpg.Error) <class 'asyncpg.exceptions.DataError'>: invalid input for query argument $1: datetime.datetime(2026, 5, 19, 14, 27, 3... (can't subtract offset-naive and offset-aware datetimes)
[SQL: UPDATE iotdevice SET last_seen=$1::TIMESTAMP WITHOUT TIME ZONE WHERE iotdevice.id = $2::INTEGER]
[parameters: (datetime.datetime(2026, 5, 19, 14, 27, 30, 794993, tzinfo=datetime.timezone.utc), 1)]
(Background on this error at: https://sqlalche.me/e/20/dbapi)
INFO:     connection closed
INFO:     127.0.0.1:54546 - "WebSocket /api/v1/pos/iot/ws/iot?token=test-token-123" [accepted]
INFO:     connection open
ERROR:pos_core.iot.websocket_handler:❌ Error crítico en sesión IoT 1: (sqlalchemy.dialects.postgresql.asyncpg.Error) <class 'asyncpg.exceptions.DataError'>: invalid input for query argument $1: datetime.datetime(2026, 5, 19, 14, 27, 3... (can't subtract offset-naive and offset-aware datetimes)
[SQL: UPDATE iotdevice SET last_seen=$1::TIMESTAMP WITHOUT TIME ZONE WHERE iotdevice.id = $2::INTEGER]
[parameters: (datetime.datetime(2026, 5, 19, 14, 27, 30, 800399, tzinfo=datetime.timezone.utc), 1)]
(Background on this error at: https://sqlalche.me/e/20/dbapi)
INFO:     connection closed
INFO:     127.0.0.1:54550 - "WebSocket /api/v1/pos/iot/ws/iot?token=test-token-123" [accepted]
INFO:     connection open
ERROR:pos_core.iot.websocket_handler:❌ Error crítico en sesión IoT 1: (sqlalchemy.dialects.postgresql.asyncpg.Error) <class 'asyncpg.exceptions.DataError'>: invalid input for query argument $1: datetime.datetime(2026, 5, 19, 14, 27, 3... (can't subtract offset-naive and offset-aware datetimes)
[SQL: UPDATE iotdevice SET last_seen=$1::TIMESTAMP WITHOUT TIME ZONE WHERE iotdevice.id = $2::INTEGER]
[parameters: (datetime.datetime(2026, 5, 19, 14, 27, 30, 805552, tzinfo=datetime.timezone.utc), 1)]
(Background on this error at: https://sqlalche.me/e/20/dbapi)
INFO:     connection closed
INFO:     127.0.0.1:54558 - "WebSocket /api/v1/pos/iot/ws/iot?token=test-token-123" [accepted]
INFO:     connection open
ERROR:pos_core.iot.websocket_handler:❌ Error crítico en sesión IoT 1: (sqlalchemy.dialects.postgresql.asyncpg.Error) <class 'asyncpg.exceptions.DataError'>: invalid input for query argument $1: datetime.datetime(2026, 5, 19, 14, 27, 3... (can't subtract offset-naive and offset-aware datetimes)
[SQL: UPDATE iotdevice SET last_seen=$1::TIMESTAMP WITHOUT TIME ZONE WHERE iotdevice.id = $2::INTEGER]
[parameters: (datetime.datetime(2026, 5, 19, 14, 27, 30, 810068, tzinfo=datetime.timezone.utc), 1)]
(Background on this error at: https://sqlalche.me/e/20/dbapi)
INFO:     connection closed
INFO:     127.0.0.1:54564 - "WebSocket /api/v1/pos/iot/ws/iot?token=test-token-123" [accepted]
INFO:     connection open
ERROR:pos_core.iot.websocket_handler:❌ Error crítico en sesión IoT 1: (sqlalchemy.dialects.postgresql.asyncpg.Error) <class 'asyncpg.exceptions.DataError'>: invalid input for query argument $1: datetime.datetime(2026, 5, 19, 14, 27, 3... (can't subtract offset-naive and offset-aware datetimes)
[SQL: UPDATE iotdevice SET last_seen=$1::TIMESTAMP WITHOUT TIME ZONE WHERE iotdevice.id = $2::INTEGER]
[parameters: (datetime.datetime(2026, 5, 19, 14, 27, 30, 816369, tzinfo=datetime.timezone.utc), 1)]
(Background on this error at: https://sqlalche.me/e/20/dbapi)
INFO:     connection closed
INFO:     127.0.0.1:54572 - "WebSocket /api/v1/pos/iot/ws/iot?token=test-token-123" [accepted]
INFO:     connection open
ERROR:pos_core.iot.websocket_handler:❌ Error crítico en sesión IoT 1: (sqlalchemy.dialects.postgresql.asyncpg.Error) <class 'asyncpg.exceptions.DataError'>: invalid input for query argument $1: datetime.datetime(2026, 5, 19, 14, 27, 3... (can't subtract offset-naive and offset-aware datetimes)
[SQL: UPDATE iotdevice SET last_seen=$1::TIMESTAMP WITHOUT TIME ZONE WHERE iotdevice.id = $2::INTEGER]
[parameters: (datetime.datetime(2026, 5, 19, 14, 27, 30, 821582, tzinfo=datetime.timezone.utc), 1)]
(Background on this error at: https://sqlalche.me/e/20/dbapi)
INFO:     connection closed
INFO:     127.0.0.1:54584 - "WebSocket /api/v1/pos/iot/ws/iot?token=test-token-123" [accepted]
INFO:     connection open
ERROR:pos_core.iot.websocket_handler:❌ Error crítico en sesión IoT 1: (sqlalchemy.dialects.postgresql.asyncpg.Error) <class 'asyncpg.exceptions.DataError'>: invalid input for query argument $1: datetime.datetime(2026, 5, 19, 14, 27, 3... (can't subtract offset-naive and offset-aware datetimes)
[SQL: UPDATE iotdevice SET last_seen=$1::TIMESTAMP WITHOUT TIME ZONE WHERE iotdevice.id = $2::INTEGER]
[parameters: (datetime.datetime(2026, 5, 19, 14, 27, 30, 826390, tzinfo=datetime.timezone.utc), 1)]
(Background on this error at: https://sqlalche.me/e/20/dbapi)
INFO:     connection closed
INFO:     127.0.0.1:54596 - "WebSocket /api/v1/pos/iot/ws/iot?token=test-token-123" [accepted]
INFO:     connection open
ERROR:pos_core.iot.websocket_handler:❌ Error crítico en sesión IoT 1: (sqlalchemy.dialects.postgresql.asyncpg.Error) <class 'asyncpg.exceptions.DataError'>: invalid input for query argument $1: datetime.datetime(2026, 5, 19, 14, 27, 3... (can't subtract offset-naive and offset-aware datetimes)
[SQL: UPDATE iotdevice SET last_seen=$1::TIMESTAMP WITHOUT TIME ZONE WHERE iotdevice.id = $2::INTEGER]
[parameters: (datetime.datetime(2026, 5, 19, 14, 27, 30, 831233, tzinfo=datetime.timezone.utc), 1)]
(Background on this error at: https://sqlalche.me/e/20/dbapi)
INFO:     connection closed
INFO:     127.0.0.1:54608 - "WebSocket /api/v1/pos/iot/ws/iot?token=test-token-123" [accepted]
INFO:     connection open
ERROR:pos_core.iot.websocket_handler:❌ Error crítico en sesión IoT 1: (sqlalchemy.dialects.postgresql.asyncpg.Error) <class 'asyncpg.exceptions.DataError'>: invalid input for query argument $1: datetime.datetime(2026, 5, 19, 14, 27, 3... (can't subtract offset-naive and offset-aware datetimes)
[SQL: UPDATE iotdevice SET last_seen=$1::TIMESTAMP WITHOUT TIME ZONE WHERE iotdevice.id = $2::INTEGER]
[parameters: (datetime.datetime(2026, 5, 19, 14, 27, 30, 835675, tzinfo=datetime.timezone.utc), 1)]
(Background on this error at: https://sqlalche.me/e/20/dbapi)
INFO:     connection closed
INFO:     127.0.0.1:54618 - "WebSocket /api/v1/pos/iot/ws/iot?token=test-token-123" [accepted]
INFO:     connection open
ERROR:pos_core.iot.websocket_handler:❌ Error crítico en sesión IoT 1: (sqlalchemy.dialects.postgresql.asyncpg.Error) <class 'asyncpg.exceptions.DataError'>: invalid input for query argument $1: datetime.datetime(2026, 5, 19, 14, 27, 3... (can't subtract offset-naive and offset-aware datetimes)
[SQL: UPDATE iotdevice SET last_seen=$1::TIMESTAMP WITHOUT TIME ZONE WHERE iotdevice.id = $2::INTEGER]
[parameters: (datetime.datetime(2026, 5, 19, 14, 27, 30, 840106, tzinfo=datetime.timezone.utc), 1)]
(Background on this error at: https://sqlalche.me/e/20/dbapi)
INFO:     connection closed
INFO:     127.0.0.1:54620 - "WebSocket /api/v1/pos/iot/ws/iot?token=test-token-123" [accepted]
INFO:     connection open
ERROR:pos_core.iot.websocket_handler:❌ Error crítico en sesión IoT 1: (sqlalchemy.dialects.postgresql.asyncpg.Error) <class 'asyncpg.exceptions.DataError'>: invalid input for query argument $1: datetime.datetime(2026, 5, 19, 14, 27, 3... (can't subtract offset-naive and offset-aware datetimes)
[SQL: UPDATE iotdevice SET last_seen=$1::TIMESTAMP WITHOUT TIME ZONE WHERE iotdevice.id = $2::INTEGER]
[parameters: (datetime.datetime(2026, 5, 19, 14, 27, 30, 844655, tzinfo=datetime.timezone.utc), 1)]
(Background on this error at: https://sqlalche.me/e/20/dbapi)
INFO:     connection closed
INFO:     127.0.0.1:54624 - "WebSocket /api/v1/pos/iot/ws/iot?token=test-token-123" [accepted]
INFO:     connection open
ERROR:pos_core.iot.websocket_handler:❌ Error crítico en sesión IoT 1: (sqlalchemy.dialects.postgresql.asyncpg.Error) <class 'asyncpg.exceptions.DataError'>: invalid input for query argument $1: datetime.datetime(2026, 5, 19, 14, 27, 3... (can't subtract offset-naive and offset-aware datetimes)
[SQL: UPDATE iotdevice SET last_seen=$1::TIMESTAMP WITHOUT TIME ZONE WHERE iotdevice.id = $2::INTEGER]
[parameters: (datetime.datetime(2026, 5, 19, 14, 27, 30, 850863, tzinfo=datetime.timezone.utc), 1)]
(Background on this error at: https://sqlalche.me/e/20/dbapi)
INFO:     connection closed
INFO:     127.0.0.1:54634 - "WebSocket /api/v1/pos/iot/ws/iot?token=test-token-123" [accepted]
INFO:     connection open
ERROR:pos_core.iot.websocket_handler:❌ Error crítico en sesión IoT 1: (sqlalchemy.dialects.postgresql.asyncpg.Error) <class 'asyncpg.exceptions.DataError'>: invalid input for query argument $1: datetime.datetime(2026, 5, 19, 14, 27, 3... (can't subtract offset-naive and offset-aware datetimes)
[SQL: UPDATE iotdevice SET last_seen=$1::TIMESTAMP WITHOUT TIME ZONE WHERE iotdevice.id = $2::INTEGER]
[parameters: (datetime.datetime(2026, 5, 19, 14, 27, 30, 857057, tzinfo=datetime.timezone.utc), 1)]
(Background on this error at: https://sqlalche.me/e/20/dbapi)
INFO:     connection closed
INFO:     127.0.0.1:54640 - "WebSocket /api/v1/pos/iot/ws/iot?token=test-token-123" [accepted]
INFO:     connection open
ERROR:pos_core.iot.websocket_handler:❌ Error crítico en sesión IoT 1: (sqlalchemy.dialects.postgresql.asyncpg.Error) <class 'asyncpg.exceptions.DataError'>: invalid input for query argument $1: datetime.datetime(2026, 5, 19, 14, 27, 3... (can't subtract offset-naive and offset-aware datetimes)
[SQL: UPDATE iotdevice SET last_seen=$1::TIMESTAMP WITHOUT TIME ZONE WHERE iotdevice.id = $2::INTEGER]
[parameters: (datetime.datetime(2026, 5, 19, 14, 27, 30, 862663, tzinfo=datetime.timezone.utc), 1)]
(Background on this error at: https://sqlalche.me/e/20/dbapi)
INFO:     connection closed
INFO:     127.0.0.1:54648 - "WebSocket /api/v1/pos/iot/ws/iot?token=test-token-123" [accepted]
INFO:     connection open
ERROR:pos_core.iot.websocket_handler:❌ Error crítico en sesión IoT 1: (sqlalchemy.dialects.postgresql.asyncpg.Error) <class 'asyncpg.exceptions.DataError'>: invalid input for query argument $1: datetime.datetime(2026, 5, 19, 14, 27, 3... (can't subtract offset-naive and offset-aware datetimes)
[SQL: UPDATE iotdevice SET last_seen=$1::TIMESTAMP WITHOUT TIME ZONE WHERE iotdevice.id = $2::INTEGER]
[parameters: (datetime.datetime(2026, 5, 19, 14, 27, 30, 868831, tzinfo=datetime.timezone.utc), 1)]
(Background on this error at: https://sqlalche.me/e/20/dbapi)
INFO:     connection closed
INFO:     127.0.0.1:54664 - "WebSocket /api/v1/pos/iot/ws/iot?token=test-token-123" [accepted]
INFO:     connection open
ERROR:pos_core.iot.websocket_handler:❌ Error crítico en sesión IoT 1: (sqlalchemy.dialects.postgresql.asyncpg.Error) <class 'asyncpg.exceptions.DataError'>: invalid input for query argument $1: datetime.datetime(2026, 5, 19, 14, 27, 3... (can't subtract offset-naive and offset-aware datetimes)
[SQL: UPDATE iotdevice SET last_seen=$1::TIMESTAMP WITHOUT TIME ZONE WHERE iotdevice.id = $2::INTEGER]
[parameters: (datetime.datetime(2026, 5, 19, 14, 27, 30, 874220, tzinfo=datetime.timezone.utc), 1)]
(Background on this error at: https://sqlalche.me/e/20/dbapi)
INFO:     connection closed
INFO:     127.0.0.1:54670 - "WebSocket /api/v1/pos/iot/ws/iot?token=test-token-123" [accepted]
INFO:     connection open
ERROR:pos_core.iot.websocket_handler:❌ Error crítico en sesión IoT 1: (sqlalchemy.dialects.postgresql.asyncpg.Error) <class 'asyncpg.exceptions.DataError'>: invalid input for query argument $1: datetime.datetime(2026, 5, 19, 14, 27, 3... (can't subtract offset-naive and offset-aware datetimes)
[SQL: UPDATE iotdevice SET last_seen=$1::TIMESTAMP WITHOUT TIME ZONE WHERE iotdevice.id = $2::INTEGER]
[parameters: (datetime.datetime(2026, 5, 19, 14, 27, 30, 879104, tzinfo=datetime.timezone.utc), 1)]
(Background on this error at: https://sqlalche.me/e/20/dbapi)
INFO:     connection closed
INFO:     127.0.0.1:54682 - "WebSocket /api/v1/pos/iot/ws/iot?token=test-token-123" [accepted]
INFO:     connection open
ERROR:pos_core.iot.websocket_handler:❌ Error crítico en sesión IoT 1: (sqlalchemy.dialects.postgresql.asyncpg.Error) <class 'asyncpg.exceptions.DataError'>: invalid input for query argument $1: datetime.datetime(2026, 5, 19, 14, 27, 3... (can't subtract offset-naive and offset-aware datetimes)
[SQL: UPDATE iotdevice SET last_seen=$1::TIMESTAMP WITHOUT TIME ZONE WHERE iotdevice.id = $2::INTEGER]
[parameters: (datetime.datetime(2026, 5, 19, 14, 27, 30, 884322, tzinfo=datetime.timezone.utc), 1)]
(Background on this error at: https://sqlalche.me/e/20/dbapi)
INFO:     connection closed
INFO:     127.0.0.1:54698 - "WebSocket /api/v1/pos/iot/ws/iot?token=test-token-123" [accepted]
INFO:     connection open
ERROR:pos_core.iot.websocket_handler:❌ Error crítico en sesión IoT 1: (sqlalchemy.dialects.postgresql.asyncpg.Error) <class 'asyncpg.exceptions.DataError'>: invalid input for query argument $1: datetime.datetime(2026, 5, 19, 14, 27, 3... (can't subtract offset-naive and offset-aware datetimes)
[SQL: UPDATE iotdevice SET last_seen=$1::TIMESTAMP WITHOUT TIME ZONE WHERE iotdevice.id = $2::INTEGER]
[parameters: (datetime.datetime(2026, 5, 19, 14, 27, 30, 889382, tzinfo=datetime.timezone.utc), 1)]
(Background on this error at: https://sqlalche.me/e/20/dbapi)
INFO:     connection closed
INFO:     127.0.0.1:54702 - "WebSocket /api/v1/pos/iot/ws/iot?token=test-token-123" [accepted]
INFO:     connection open
ERROR:pos_core.iot.websocket_handler:❌ Error crítico en sesión IoT 1: (sqlalchemy.dialects.postgresql.asyncpg.Error) <class 'asyncpg.exceptions.DataError'>: invalid input for query argument $1: datetime.datetime(2026, 5, 19, 14, 27, 3... (can't subtract offset-naive and offset-aware datetimes)
[SQL: UPDATE iotdevice SET last_seen=$1::TIMESTAMP WITHOUT TIME ZONE WHERE iotdevice.id = $2::INTEGER]
[parameters: (datetime.datetime(2026, 5, 19, 14, 27, 30, 893850, tzinfo=datetime.timezone.utc), 1)]
(Background on this error at: https://sqlalche.me/e/20/dbapi)
INFO:     connection closed
INFO:     127.0.0.1:54712 - "WebSocket /api/v1/pos/iot/ws/iot?token=test-token-123" [accepted]
INFO:     connection open
ERROR:pos_core.iot.websocket_handler:❌ Error crítico en sesión IoT 1: (sqlalchemy.dialects.postgresql.asyncpg.Error) <class 'asyncpg.exceptions.DataError'>: invalid input for query argument $1: datetime.datetime(2026, 5, 19, 14, 27, 3... (can't subtract offset-naive and offset-aware datetimes)
[SQL: UPDATE iotdevice SET last_seen=$1::TIMESTAMP WITHOUT TIME ZONE WHERE iotdevice.id = $2::INTEGER]
[parameters: (datetime.datetime(2026, 5, 19, 14, 27, 30, 899635, tzinfo=datetime.timezone.utc), 1)]
(Background on this error at: https://sqlalche.me/e/20/dbapi)
INFO:     connection closed
INFO:     127.0.0.1:54724 - "WebSocket /api/v1/pos/iot/ws/iot?token=test-token-123" [accepted]
INFO:     connection open
ERROR:pos_core.iot.websocket_handler:❌ Error crítico en sesión IoT 1: (sqlalchemy.dialects.postgresql.asyncpg.Error) <class 'asyncpg.exceptions.DataError'>: invalid input for query argument $1: datetime.datetime(2026, 5, 19, 14, 27, 3... (can't subtract offset-naive and offset-aware datetimes)
[SQL: UPDATE iotdevice SET last_seen=$1::TIMESTAMP WITHOUT TIME ZONE WHERE iotdevice.id = $2::INTEGER]
[parameters: (datetime.datetime(2026, 5, 19, 14, 27, 30, 905187, tzinfo=datetime.timezone.utc), 1)]
(Background on this error at: https://sqlalche.me/e/20/dbapi)
INFO:     connection closed
INFO:     127.0.0.1:54726 - "WebSocket /api/v1/pos/iot/ws/iot?token=test-token-123" [accepted]
INFO:     connection open
ERROR:pos_core.iot.websocket_handler:❌ Error crítico en sesión IoT 1: (sqlalchemy.dialects.postgresql.asyncpg.Error) <class 'asyncpg.exceptions.DataError'>: invalid input for query argument $1: datetime.datetime(2026, 5, 19, 14, 27, 3... (can't subtract offset-naive and offset-aware datetimes)
[SQL: UPDATE iotdevice SET last_seen=$1::TIMESTAMP WITHOUT TIME ZONE WHERE iotdevice.id = $2::INTEGER]
[parameters: (datetime.datetime(2026, 5, 19, 14, 27, 30, 910887, tzinfo=datetime.timezone.utc), 1)]
(Background on this error at: https://sqlalche.me/e/20/dbapi)
INFO:     connection closed
INFO:     127.0.0.1:54742 - "WebSocket /api/v1/pos/iot/ws/iot?token=test-token-123" [accepted]
INFO:     connection open
ERROR:pos_core.iot.websocket_handler:❌ Error crítico en sesión IoT 1: (sqlalchemy.dialects.postgresql.asyncpg.Error) <class 'asyncpg.exceptions.DataError'>: invalid input for query argument $1: datetime.datetime(2026, 5, 19, 14, 27, 3... (can't subtract offset-naive and offset-aware datetimes)
[SQL: UPDATE iotdevice SET last_seen=$1::TIMESTAMP WITHOUT TIME ZONE WHERE iotdevice.id = $2::INTEGER]
[parameters: (datetime.datetime(2026, 5, 19, 14, 27, 30, 917422, tzinfo=datetime.timezone.utc), 1)]
(Background on this error at: https://sqlalche.me/e/20/dbapi)
INFO:     connection closed
INFO:     127.0.0.1:54758 - "WebSocket /api/v1/pos/iot/ws/iot?token=test-token-123" [accepted]
INFO:     connection open
ERROR:pos_core.iot.websocket_handler:❌ Error crítico en sesión IoT 1: (sqlalchemy.dialects.postgresql.asyncpg.Error) <class 'asyncpg.exceptions.DataError'>: invalid input for query argument $1: datetime.datetime(2026, 5, 19, 14, 27, 3... (can't subtract offset-naive and offset-aware datetimes)
[SQL: UPDATE iotdevice SET last_seen=$1::TIMESTAMP WITHOUT TIME ZONE WHERE iotdevice.id = $2::INTEGER]
[parameters: (datetime.datetime(2026, 5, 19, 14, 27, 30, 922709, tzinfo=datetime.timezone.utc), 1)]
(Background on this error at: https://sqlalche.me/e/20/dbapi)
INFO:     connection closed
INFO:     127.0.0.1:54766 - "WebSocket /api/v1/pos/iot/ws/iot?token=test-token-123" [accepted]
INFO:     connection open
ERROR:pos_core.iot.websocket_handler:❌ Error crítico en sesión IoT 1: (sqlalchemy.dialects.postgresql.asyncpg.Error) <class 'asyncpg.exceptions.DataError'>: invalid input for query argument $1: datetime.datetime(2026, 5, 19, 14, 27, 3... (can't subtract offset-naive and offset-aware datetimes)
[SQL: UPDATE iotdevice SET last_seen=$1::TIMESTAMP WITHOUT TIME ZONE WHERE iotdevice.id = $2::INTEGER]
[parameters: (datetime.datetime(2026, 5, 19, 14, 27, 30, 926819, tzinfo=datetime.timezone.utc), 1)]
(Background on this error at: https://sqlalche.me/e/20/dbapi)
INFO:     connection closed
INFO:     127.0.0.1:54782 - "WebSocket /api/v1/pos/iot/ws/iot?token=test-token-123" [accepted]
INFO:     connection open
ERROR:pos_core.iot.websocket_handler:❌ Error crítico en sesión IoT 1: (sqlalchemy.dialects.postgresql.asyncpg.Error) <class 'asyncpg.exceptions.DataError'>: invalid input for query argument $1: datetime.datetime(2026, 5, 19, 14, 27, 3... (can't subtract offset-naive and offset-aware datetimes)
[SQL: UPDATE iotdevice SET last_seen=$1::TIMESTAMP WITHOUT TIME ZONE WHERE iotdevice.id = $2::INTEGER]
[parameters: (datetime.datetime(2026, 5, 19, 14, 27, 30, 931938, tzinfo=datetime.timezone.utc), 1)]
(Background on this error at: https://sqlalche.me/e/20/dbapi)
INFO:     connection closed
INFO:     127.0.0.1:54792 - "WebSocket /api/v1/pos/iot/ws/iot?token=test-token-123" [accepted]
INFO:     connection open
ERROR:pos_core.iot.websocket_handler:❌ Error crítico en sesión IoT 1: (sqlalchemy.dialects.postgresql.asyncpg.Error) <class 'asyncpg.exceptions.DataError'>: invalid input for query argument $1: datetime.datetime(2026, 5, 19, 14, 27, 3... (can't subtract offset-naive and offset-aware datetimes)
[SQL: UPDATE iotdevice SET last_seen=$1::TIMESTAMP WITHOUT TIME ZONE WHERE iotdevice.id = $2::INTEGER]
[parameters: (datetime.datetime(2026, 5, 19, 14, 27, 30, 936583, tzinfo=datetime.timezone.utc), 1)]
(Background on this error at: https://sqlalche.me/e/20/dbapi)
INFO:     connection closed
INFO:     127.0.0.1:54798 - "WebSocket /api/v1/pos/iot/ws/iot?token=test-token-123" [accepted]
INFO:     connection open
ERROR:pos_core.iot.websocket_handler:❌ Error crítico en sesión IoT 1: (sqlalchemy.dialects.postgresql.asyncpg.Error) <class 'asyncpg.exceptions.DataError'>: invalid input for query argument $1: datetime.datetime(2026, 5, 19, 14, 27, 3... (can't subtract offset-naive and offset-aware datetimes)
[SQL: UPDATE iotdevice SET last_seen=$1::TIMESTAMP WITHOUT TIME ZONE WHERE iotdevice.id = $2::INTEGER]
[parameters: (datetime.datetime(2026, 5, 19, 14, 27, 30, 941306, tzinfo=datetime.timezone.utc), 1)]
(Background on this error at: https://sqlalche.me/e/20/dbapi)
INFO:     connection closed
INFO:     127.0.0.1:54808 - "WebSocket /api/v1/pos/iot/ws/iot?token=test-token-123" [accepted]
INFO:     connection open
ERROR:pos_core.iot.websocket_handler:❌ Error crítico en sesión IoT 1: (sqlalchemy.dialects.postgresql.asyncpg.Error) <class 'asyncpg.exceptions.DataError'>: invalid input for query argument $1: datetime.datetime(2026, 5, 19, 14, 27, 3... (can't subtract offset-naive and offset-aware datetimes)
[SQL: UPDATE iotdevice SET last_seen=$1::TIMESTAMP WITHOUT TIME ZONE WHERE iotdevice.id = $2::INTEGER]
[parameters: (datetime.datetime(2026, 5, 19, 14, 27, 30, 946181, tzinfo=datetime.timezone.utc), 1)]
(Background on this error at: https://sqlalche.me/e/20/dbapi)
INFO:     connection closed
INFO:     127.0.0.1:54822 - "WebSocket /api/v1/pos/iot/ws/iot?token=test-token-123" [accepted]
INFO:     connection open
ERROR:pos_core.iot.websocket_handler:❌ Error crítico en sesión IoT 1: (sqlalchemy.dialects.postgresql.asyncpg.Error) <class 'asyncpg.exceptions.DataError'>: invalid input for query argument $1: datetime.datetime(2026, 5, 19, 14, 27, 3... (can't subtract offset-naive and offset-aware datetimes)
[SQL: UPDATE iotdevice SET last_seen=$1::TIMESTAMP WITHOUT TIME ZONE WHERE iotdevice.id = $2::INTEGER]
[parameters: (datetime.datetime(2026, 5, 19, 14, 27, 30, 952715, tzinfo=datetime.timezone.utc), 1)]
(Background on this error at: https://sqlalche.me/e/20/dbapi)
INFO:     connection closed
INFO:     127.0.0.1:54826 - "WebSocket /api/v1/pos/iot/ws/iot?token=test-token-123" [accepted]
INFO:     connection open
ERROR:pos_core.iot.websocket_handler:❌ Error crítico en sesión IoT 1: (sqlalchemy.dialects.postgresql.asyncpg.Error) <class 'asyncpg.exceptions.DataError'>: invalid input for query argument $1: datetime.datetime(2026, 5, 19, 14, 27, 3... (can't subtract offset-naive and offset-aware datetimes)
[SQL: UPDATE iotdevice SET last_seen=$1::TIMESTAMP WITHOUT TIME ZONE WHERE iotdevice.id = $2::INTEGER]
[parameters: (datetime.datetime(2026, 5, 19, 14, 27, 30, 959407, tzinfo=datetime.timezone.utc), 1)]
(Background on this error at: https://sqlalche.me/e/20/dbapi)
INFO:     connection closed
INFO:     127.0.0.1:54838 - "WebSocket /api/v1/pos/iot/ws/iot?token=test-token-123" [accepted]
INFO:     connection open
ERROR:pos_core.iot.websocket_handler:❌ Error crítico en sesión IoT 1: (sqlalchemy.dialects.postgresql.asyncpg.Error) <class 'asyncpg.exceptions.DataError'>: invalid input for query argument $1: datetime.datetime(2026, 5, 19, 14, 27, 3... (can't subtract offset-naive and offset-aware datetimes)
[SQL: UPDATE iotdevice SET last_seen=$1::TIMESTAMP WITHOUT TIME ZONE WHERE iotdevice.id = $2::INTEGER]
[parameters: (datetime.datetime(2026, 5, 19, 14, 27, 30, 966852, tzinfo=datetime.timezone.utc), 1)]
(Background on this error at: https://sqlalche.me/e/20/dbapi)
INFO:     connection closed
INFO:     127.0.0.1:54840 - "WebSocket /api/v1/pos/iot/ws/iot?token=test-token-123" [accepted]
INFO:     connection open
ERROR:pos_core.iot.websocket_handler:❌ Error crítico en sesión IoT 1: (sqlalchemy.dialects.postgresql.asyncpg.Error) <class 'asyncpg.exceptions.DataError'>: invalid input for query argument $1: datetime.datetime(2026, 5, 19, 14, 27, 3... (can't subtract offset-naive and offset-aware datetimes)
[SQL: UPDATE iotdevice SET last_seen=$1::TIMESTAMP WITHOUT TIME ZONE WHERE iotdevice.id = $2::INTEGER]
[parameters: (datetime.datetime(2026, 5, 19, 14, 27, 30, 977357, tzinfo=datetime.timezone.utc), 1)]
(Background on this error at: https://sqlalche.me/e/20/dbapi)
INFO:     connection closed
INFO:     127.0.0.1:54848 - "WebSocket /api/v1/pos/iot/ws/iot?token=test-token-123" [accepted]
INFO:     connection open
ERROR:pos_core.iot.websocket_handler:❌ Error crítico en sesión IoT 1: (sqlalchemy.dialects.postgresql.asyncpg.Error) <class 'asyncpg.exceptions.DataError'>: invalid input for query argument $1: datetime.datetime(2026, 5, 19, 14, 27, 3... (can't subtract offset-naive and offset-aware datetimes)
[SQL: UPDATE iotdevice SET last_seen=$1::TIMESTAMP WITHOUT TIME ZONE WHERE iotdevice.id = $2::INTEGER]
[parameters: (datetime.datetime(2026, 5, 19, 14, 27, 30, 990210, tzinfo=datetime.timezone.utc), 1)]
(Background on this error at: https://sqlalche.me/e/20/dbapi)
INFO:     connection closed
INFO:     127.0.0.1:54854 - "WebSocket /api/v1/pos/iot/ws/iot?token=test-token-123" [accepted]
INFO:     connection open
ERROR:pos_core.iot.websocket_handler:❌ Error crítico en sesión IoT 1: (sqlalchemy.dialects.postgresql.asyncpg.Error) <class 'asyncpg.exceptions.DataError'>: invalid input for query argument $1: datetime.datetime(2026, 5, 19, 14, 27, 3... (can't subtract offset-naive and offset-aware datetimes)
[SQL: UPDATE iotdevice SET last_seen=$1::TIMESTAMP WITHOUT TIME ZONE WHERE iotdevice.id = $2::INTEGER]
[parameters: (datetime.datetime(2026, 5, 19, 14, 27, 30, 998556, tzinfo=datetime.timezone.utc), 1)]
(Background on this error at: https://sqlalche.me/e/20/dbapi)
INFO:     connection closed
INFO:     127.0.0.1:54864 - "WebSocket /api/v1/pos/iot/ws/iot?token=test-token-123" [accepted]
INFO:     connection open
ERROR:pos_core.iot.websocket_handler:❌ Error crítico en sesión IoT 1: (sqlalchemy.dialects.postgresql.asyncpg.Error) <class 'asyncpg.exceptions.DataError'>: invalid input for query argument $1: datetime.datetime(2026, 5, 19, 14, 27, 3... (can't subtract offset-naive and offset-aware datetimes)
[SQL: UPDATE iotdevice SET last_seen=$1::TIMESTAMP WITHOUT TIME ZONE WHERE iotdevice.id = $2::INTEGER]
[parameters: (datetime.datetime(2026, 5, 19, 14, 27, 31, 13169, tzinfo=datetime.timezone.utc), 1)]
(Background on this error at: https://sqlalche.me/e/20/dbapi)
INFO:     connection closed
INFO:     127.0.0.1:54866 - "WebSocket /api/v1/pos/iot/ws/iot?token=test-token-123" [accepted]
INFO:     connection open
ERROR:pos_core.iot.websocket_handler:❌ Error crítico en sesión IoT 1: (sqlalchemy.dialects.postgresql.asyncpg.Error) <class 'asyncpg.exceptions.DataError'>: invalid input for query argument $1: datetime.datetime(2026, 5, 19, 14, 27, 3... (can't subtract offset-naive and offset-aware datetimes)
[SQL: UPDATE iotdevice SET last_seen=$1::TIMESTAMP WITHOUT TIME ZONE WHERE iotdevice.id = $2::INTEGER]
[parameters: (datetime.datetime(2026, 5, 19, 14, 27, 31, 22871, tzinfo=datetime.timezone.utc), 1)]
(Background on this error at: https://sqlalche.me/e/20/dbapi)
INFO:     connection closed
INFO:     127.0.0.1:54874 - "WebSocket /api/v1/pos/iot/ws/iot?token=test-token-123" [accepted]
INFO:     connection open
ERROR:pos_core.iot.websocket_handler:❌ Error crítico en sesión IoT 1: (sqlalchemy.dialects.postgresql.asyncpg.Error) <class 'asyncpg.exceptions.DataError'>: invalid input for query argument $1: datetime.datetime(2026, 5, 19, 14, 27, 3... (can't subtract offset-naive and offset-aware datetimes)
[SQL: UPDATE iotdevice SET last_seen=$1::TIMESTAMP WITHOUT TIME ZONE WHERE iotdevice.id = $2::INTEGER]
[parameters: (datetime.datetime(2026, 5, 19, 14, 27, 31, 34729, tzinfo=datetime.timezone.utc), 1)]
(Background on this error at: https://sqlalche.me/e/20/dbapi)
INFO:     connection closed
INFO:     127.0.0.1:54880 - "WebSocket /api/v1/pos/iot/ws/iot?token=test-token-123" [accepted]
INFO:     connection open
ERROR:pos_core.iot.websocket_handler:❌ Error crítico en sesión IoT 1: (sqlalchemy.dialects.postgresql.asyncpg.Error) <class 'asyncpg.exceptions.DataError'>: invalid input for query argument $1: datetime.datetime(2026, 5, 19, 14, 27, 3... (can't subtract offset-naive and offset-aware datetimes)
[SQL: UPDATE iotdevice SET last_seen=$1::TIMESTAMP WITHOUT TIME ZONE WHERE iotdevice.id = $2::INTEGER]
[parameters: (datetime.datetime(2026, 5, 19, 14, 27, 31, 48309, tzinfo=datetime.timezone.utc), 1)]
(Background on this error at: https://sqlalche.me/e/20/dbapi)
INFO:     connection closed
INFO:     127.0.0.1:54884 - "WebSocket /api/v1/pos/iot/ws/iot?token=test-token-123" [accepted]
INFO:     connection open
ERROR:pos_core.iot.websocket_handler:❌ Error crítico en sesión IoT 1: (sqlalchemy.dialects.postgresql.asyncpg.Error) <class 'asyncpg.exceptions.DataError'>: invalid input for query argument $1: datetime.datetime(2026, 5, 19, 14, 27, 3... (can't subtract offset-naive and offset-aware datetimes)
[SQL: UPDATE iotdevice SET last_seen=$1::TIMESTAMP WITHOUT TIME ZONE WHERE iotdevice.id = $2::INTEGER]
[parameters: (datetime.datetime(2026, 5, 19, 14, 27, 31, 69253, tzinfo=datetime.timezone.utc), 1)]
(Background on this error at: https://sqlalche.me/e/20/dbapi)
INFO:     connection closed
INFO:     127.0.0.1:54888 - "WebSocket /api/v1/pos/iot/ws/iot?token=test-token-123" [accepted]
INFO:     connection open
ERROR:pos_core.iot.websocket_handler:❌ Error crítico en sesión IoT 1: (sqlalchemy.dialects.postgresql.asyncpg.Error) <class 'asyncpg.exceptions.DataError'>: invalid input for query argument $1: datetime.datetime(2026, 5, 19, 14, 27, 3... (can't subtract offset-naive and offset-aware datetimes)
[SQL: UPDATE iotdevice SET last_seen=$1::TIMESTAMP WITHOUT TIME ZONE WHERE iotdevice.id = $2::INTEGER]
[parameters: (datetime.datetime(2026, 5, 19, 14, 27, 31, 75766, tzinfo=datetime.timezone.utc), 1)]
(Background on this error at: https://sqlalche.me/e/20/dbapi)
INFO:     connection closed
INFO:     127.0.0.1:54894 - "WebSocket /api/v1/pos/iot/ws/iot?token=test-token-123" [accepted]
INFO:     connection open
ERROR:pos_core.iot.websocket_handler:❌ Error crítico en sesión IoT 1: (sqlalchemy.dialects.postgresql.asyncpg.Error) <class 'asyncpg.exceptions.DataError'>: invalid input for query argument $1: datetime.datetime(2026, 5, 19, 14, 27, 3... (can't subtract offset-naive and offset-aware datetimes)
[SQL: UPDATE iotdevice SET last_seen=$1::TIMESTAMP WITHOUT TIME ZONE WHERE iotdevice.id = $2::INTEGER]
[parameters: (datetime.datetime(2026, 5, 19, 14, 27, 31, 81246, tzinfo=datetime.timezone.utc), 1)]
(Background on this error at: https://sqlalche.me/e/20/dbapi)
INFO:     connection closed
INFO:     127.0.0.1:54906 - "WebSocket /api/v1/pos/iot/ws/iot?token=test-token-123" [accepted]
INFO:     connection open
ERROR:pos_core.iot.websocket_handler:❌ Error crítico en sesión IoT 1: (sqlalchemy.dialects.postgresql.asyncpg.Error) <class 'asyncpg.exceptions.DataError'>: invalid input for query argument $1: datetime.datetime(2026, 5, 19, 14, 27, 3... (can't subtract offset-naive and offset-aware datetimes)
[SQL: UPDATE iotdevice SET last_seen=$1::TIMESTAMP WITHOUT TIME ZONE WHERE iotdevice.id = $2::INTEGER]
[parameters: (datetime.datetime(2026, 5, 19, 14, 27, 31, 86345, tzinfo=datetime.timezone.utc), 1)]
(Background on this error at: https://sqlalche.me/e/20/dbapi)
INFO:     connection closed
INFO:     127.0.0.1:54922 - "WebSocket /api/v1/pos/iot/ws/iot?token=test-token-123" [accepted]
INFO:     connection open
ERROR:pos_core.iot.websocket_handler:❌ Error crítico en sesión IoT 1: (sqlalchemy.dialects.postgresql.asyncpg.Error) <class 'asyncpg.exceptions.DataError'>: invalid input for query argument $1: datetime.datetime(2026, 5, 19, 14, 27, 3... (can't subtract offset-naive and offset-aware datetimes)
[SQL: UPDATE iotdevice SET last_seen=$1::TIMESTAMP WITHOUT TIME ZONE WHERE iotdevice.id = $2::INTEGER]
[parameters: (datetime.datetime(2026, 5, 19, 14, 27, 31, 91619, tzinfo=datetime.timezone.utc), 1)]
(Background on this error at: https://sqlalche.me/e/20/dbapi)
INFO:     connection closed
INFO:     127.0.0.1:54926 - "WebSocket /api/v1/pos/iot/ws/iot?token=test-token-123" [accepted]
INFO:     connection open
ERROR:pos_core.iot.websocket_handler:❌ Error crítico en sesión IoT 1: (sqlalchemy.dialects.postgresql.asyncpg.Error) <class 'asyncpg.exceptions.DataError'>: invalid input for query argument $1: datetime.datetime(2026, 5, 19, 14, 27, 3... (can't subtract offset-naive and offset-aware datetimes)
[SQL: UPDATE iotdevice SET last_seen=$1::TIMESTAMP WITHOUT TIME ZONE WHERE iotdevice.id = $2::INTEGER]
[parameters: (datetime.datetime(2026, 5, 19, 14, 27, 31, 97491, tzinfo=datetime.timezone.utc), 1)]
(Background on this error at: https://sqlalche.me/e/20/dbapi)
INFO:     connection closed
INFO:     127.0.0.1:54938 - "WebSocket /api/v1/pos/iot/ws/iot?token=test-token-123" [accepted]
INFO:     connection open
ERROR:pos_core.iot.websocket_handler:❌ Error crítico en sesión IoT 1: (sqlalchemy.dialects.postgresql.asyncpg.Error) <class 'asyncpg.exceptions.DataError'>: invalid input for query argument $1: datetime.datetime(2026, 5, 19, 14, 27, 3... (can't subtract offset-naive and offset-aware datetimes)
[SQL: UPDATE iotdevice SET last_seen=$1::TIMESTAMP WITHOUT TIME ZONE WHERE iotdevice.id = $2::INTEGER]
[parameters: (datetime.datetime(2026, 5, 19, 14, 27, 31, 110110, tzinfo=datetime.timezone.utc), 1)]
(Background on this error at: https://sqlalche.me/e/20/dbapi)
INFO:     connection closed
INFO:     127.0.0.1:54940 - "WebSocket /api/v1/pos/iot/ws/iot?token=test-token-123" [accepted]
INFO:     connection open
ERROR:pos_core.iot.websocket_handler:❌ Error crítico en sesión IoT 1: (sqlalchemy.dialects.postgresql.asyncpg.Error) <class 'asyncpg.exceptions.DataError'>: invalid input for query argument $1: datetime.datetime(2026, 5, 19, 14, 27, 3... (can't subtract offset-naive and offset-aware datetimes)
[SQL: UPDATE iotdevice SET last_seen=$1::TIMESTAMP WITHOUT TIME ZONE WHERE iotdevice.id = $2::INTEGER]
[parameters: (datetime.datetime(2026, 5, 19, 14, 27, 31, 122840, tzinfo=datetime.timezone.utc), 1)]
(Background on this error at: https://sqlalche.me/e/20/dbapi)
INFO:     connection closed
INFO:     127.0.0.1:54942 - "WebSocket /api/v1/pos/iot/ws/iot?token=test-token-123" [accepted]
INFO:     connection open
ERROR:pos_core.iot.websocket_handler:❌ Error crítico en sesión IoT 1: (sqlalchemy.dialects.postgresql.asyncpg.Error) <class 'asyncpg.exceptions.DataError'>: invalid input for query argument $1: datetime.datetime(2026, 5, 19, 14, 27, 3... (can't subtract offset-naive and offset-aware datetimes)
[SQL: UPDATE iotdevice SET last_seen=$1::TIMESTAMP WITHOUT TIME ZONE WHERE iotdevice.id = $2::INTEGER]
[parameters: (datetime.datetime(2026, 5, 19, 14, 27, 31, 127731, tzinfo=datetime.timezone.utc), 1)]
(Background on this error at: https://sqlalche.me/e/20/dbapi)
INFO:     connection closed
INFO:     127.0.0.1:54950 - "WebSocket /api/v1/pos/iot/ws/iot?token=test-token-123" [accepted]
INFO:     connection open
ERROR:pos_core.iot.websocket_handler:❌ Error crítico en sesión IoT 1: (sqlalchemy.dialects.postgresql.asyncpg.Error) <class 'asyncpg.exceptions.DataError'>: invalid input for query argument $1: datetime.datetime(2026, 5, 19, 14, 27, 3... (can't subtract offset-naive and offset-aware datetimes)
[SQL: UPDATE iotdevice SET last_seen=$1::TIMESTAMP WITHOUT TIME ZONE WHERE iotdevice.id = $2::INTEGER]
[parameters: (datetime.datetime(2026, 5, 19, 14, 27, 31, 132756, tzinfo=datetime.timezone.utc), 1)]
(Background on this error at: https://sqlalche.me/e/20/dbapi)
INFO:     connection closed
INFO:     127.0.0.1:54952 - "WebSocket /api/v1/pos/iot/ws/iot?token=test-token-123" [accepted]
INFO:     connection open
ERROR:pos_core.iot.websocket_handler:❌ Error crítico en sesión IoT 1: (sqlalchemy.dialects.postgresql.asyncpg.Error) <class 'asyncpg.exceptions.DataError'>: invalid input for query argument $1: datetime.datetime(2026, 5, 19, 14, 27, 3... (can't subtract offset-naive and offset-aware datetimes)
[SQL: UPDATE iotdevice SET last_seen=$1::TIMESTAMP WITHOUT TIME ZONE WHERE iotdevice.id = $2::INTEGER]
[parameters: (datetime.datetime(2026, 5, 19, 14, 27, 31, 138255, tzinfo=datetime.timezone.utc), 1)]
(Background on this error at: https://sqlalche.me/e/20/dbapi)
INFO:     connection closed
INFO:     127.0.0.1:54962 - "WebSocket /api/v1/pos/iot/ws/iot?token=test-token-123" [accepted]
INFO:     connection open
ERROR:pos_core.iot.websocket_handler:❌ Error crítico en sesión IoT 1: (sqlalchemy.dialects.postgresql.asyncpg.Error) <class 'asyncpg.exceptions.DataError'>: invalid input for query argument $1: datetime.datetime(2026, 5, 19, 14, 27, 3... (can't subtract offset-naive and offset-aware datetimes)
[SQL: UPDATE iotdevice SET last_seen=$1::TIMESTAMP WITHOUT TIME ZONE WHERE iotdevice.id = $2::INTEGER]
[parameters: (datetime.datetime(2026, 5, 19, 14, 27, 31, 142896, tzinfo=datetime.timezone.utc), 1)]
(Background on this error at: https://sqlalche.me/e/20/dbapi)
INFO:     connection closed
INFO:     127.0.0.1:54970 - "WebSocket /api/v1/pos/iot/ws/iot?token=test-token-123" [accepted]
INFO:     connection open
ERROR:pos_core.iot.websocket_handler:❌ Error crítico en sesión IoT 1: (sqlalchemy.dialects.postgresql.asyncpg.Error) <class 'asyncpg.exceptions.DataError'>: invalid input for query argument $1: datetime.datetime(2026, 5, 19, 14, 27, 3... (can't subtract offset-naive and offset-aware datetimes)
[SQL: UPDATE iotdevice SET last_seen=$1::TIMESTAMP WITHOUT TIME ZONE WHERE iotdevice.id = $2::INTEGER]
[parameters: (datetime.datetime(2026, 5, 19, 14, 27, 31, 148962, tzinfo=datetime.timezone.utc), 1)]
(Background on this error at: https://sqlalche.me/e/20/dbapi)
INFO:     connection closed
INFO:     127.0.0.1:54980 - "WebSocket /api/v1/pos/iot/ws/iot?token=test-token-123" [accepted]
INFO:     connection open
ERROR:pos_core.iot.websocket_handler:❌ Error crítico en sesión IoT 1: (sqlalchemy.dialects.postgresql.asyncpg.Error) <class 'asyncpg.exceptions.DataError'>: invalid input for query argument $1: datetime.datetime(2026, 5, 19, 14, 27, 3... (can't subtract offset-naive and offset-aware datetimes)
[SQL: UPDATE iotdevice SET last_seen=$1::TIMESTAMP WITHOUT TIME ZONE WHERE iotdevice.id = $2::INTEGER]
[parameters: (datetime.datetime(2026, 5, 19, 14, 27, 31, 154152, tzinfo=datetime.timezone.utc), 1)]
(Background on this error at: https://sqlalche.me/e/20/dbapi)
INFO:     connection closed
INFO:     127.0.0.1:54982 - "WebSocket /api/v1/pos/iot/ws/iot?token=test-token-123" [accepted]
INFO:     connection open
ERROR:pos_core.iot.websocket_handler:❌ Error crítico en sesión IoT 1: (sqlalchemy.dialects.postgresql.asyncpg.Error) <class 'asyncpg.exceptions.DataError'>: invalid input for query argument $1: datetime.datetime(2026, 5, 19, 14, 27, 3... (can't subtract offset-naive and offset-aware datetimes)
[SQL: UPDATE iotdevice SET last_seen=$1::TIMESTAMP WITHOUT TIME ZONE WHERE iotdevice.id = $2::INTEGER]
[parameters: (datetime.datetime(2026, 5, 19, 14, 27, 31, 158851, tzinfo=datetime.timezone.utc), 1)]
(Background on this error at: https://sqlalche.me/e/20/dbapi)
INFO:     connection closed
INFO:     127.0.0.1:54986 - "WebSocket /api/v1/pos/iot/ws/iot?token=test-token-123" [accepted]
INFO:     connection open
ERROR:pos_core.iot.websocket_handler:❌ Error crítico en sesión IoT 1: (sqlalchemy.dialects.postgresql.asyncpg.Error) <class 'asyncpg.exceptions.DataError'>: invalid input for query argument $1: datetime.datetime(2026, 5, 19, 14, 27, 3... (can't subtract offset-naive and offset-aware datetimes)
[SQL: UPDATE iotdevice SET last_seen=$1::TIMESTAMP WITHOUT TIME ZONE WHERE iotdevice.id = $2::INTEGER]
[parameters: (datetime.datetime(2026, 5, 19, 14, 27, 31, 164297, tzinfo=datetime.timezone.utc), 1)]
(Background on this error at: https://sqlalche.me/e/20/dbapi)
INFO:     connection closed
INFO:     127.0.0.1:54992 - "WebSocket /api/v1/pos/iot/ws/iot?token=test-token-123" [accepted]
INFO:     connection open
ERROR:pos_core.iot.websocket_handler:❌ Error crítico en sesión IoT 1: (sqlalchemy.dialects.postgresql.asyncpg.Error) <class 'asyncpg.exceptions.DataError'>: invalid input for query argument $1: datetime.datetime(2026, 5, 19, 14, 27, 3... (can't subtract offset-naive and offset-aware datetimes)
[SQL: UPDATE iotdevice SET last_seen=$1::TIMESTAMP WITHOUT TIME ZONE WHERE iotdevice.id = $2::INTEGER]
[parameters: (datetime.datetime(2026, 5, 19, 14, 27, 31, 169883, tzinfo=datetime.timezone.utc), 1)]
(Background on this error at: https://sqlalche.me/e/20/dbapi)
INFO:     connection closed
INFO:     127.0.0.1:54996 - "WebSocket /api/v1/pos/iot/ws/iot?token=test-token-123" [accepted]
INFO:     connection open
ERROR:pos_core.iot.websocket_handler:❌ Error crítico en sesión IoT 1: (sqlalchemy.dialects.postgresql.asyncpg.Error) <class 'asyncpg.exceptions.DataError'>: invalid input for query argument $1: datetime.datetime(2026, 5, 19, 14, 27, 3... (can't subtract offset-naive and offset-aware datetimes)
[SQL: UPDATE iotdevice SET last_seen=$1::TIMESTAMP WITHOUT TIME ZONE WHERE iotdevice.id = $2::INTEGER]
[parameters: (datetime.datetime(2026, 5, 19, 14, 27, 31, 175642, tzinfo=datetime.timezone.utc), 1)]
(Background on this error at: https://sqlalche.me/e/20/dbapi)
INFO:     connection closed
INFO:     127.0.0.1:55012 - "WebSocket /api/v1/pos/iot/ws/iot?token=test-token-123" [accepted]
INFO:     connection open
ERROR:pos_core.iot.websocket_handler:❌ Error crítico en sesión IoT 1: (sqlalchemy.dialects.postgresql.asyncpg.Error) <class 'asyncpg.exceptions.DataError'>: invalid input for query argument $1: datetime.datetime(2026, 5, 19, 14, 27, 3... (can't subtract offset-naive and offset-aware datetimes)
[SQL: UPDATE iotdevice SET last_seen=$1::TIMESTAMP WITHOUT TIME ZONE WHERE iotdevice.id = $2::INTEGER]
[parameters: (datetime.datetime(2026, 5, 19, 14, 27, 31, 180267, tzinfo=datetime.timezone.utc), 1)]
(Background on this error at: https://sqlalche.me/e/20/dbapi)
INFO:     connection closed
INFO:     127.0.0.1:55022 - "WebSocket /api/v1/pos/iot/ws/iot?token=test-token-123" [accepted]
INFO:     connection open
ERROR:pos_core.iot.websocket_handler:❌ Error crítico en sesión IoT 1: (sqlalchemy.dialects.postgresql.asyncpg.Error) <class 'asyncpg.exceptions.DataError'>: invalid input for query argument $1: datetime.datetime(2026, 5, 19, 14, 27, 3... (can't subtract offset-naive and offset-aware datetimes)
[SQL: UPDATE iotdevice SET last_seen=$1::TIMESTAMP WITHOUT TIME ZONE WHERE iotdevice.id = $2::INTEGER]
[parameters: (datetime.datetime(2026, 5, 19, 14, 27, 31, 184943, tzinfo=datetime.timezone.utc), 1)]
(Background on this error at: https://sqlalche.me/e/20/dbapi)
INFO:     connection closed
INFO:     127.0.0.1:55026 - "WebSocket /api/v1/pos/iot/ws/iot?token=test-token-123" [accepted]
INFO:     connection open
ERROR:pos_core.iot.websocket_handler:❌ Error crítico en sesión IoT 1: (sqlalchemy.dialects.postgresql.asyncpg.Error) <class 'asyncpg.exceptions.DataError'>: invalid input for query argument $1: datetime.datetime(2026, 5, 19, 14, 27, 3... (can't subtract offset-naive and offset-aware datetimes)
[SQL: UPDATE iotdevice SET last_seen=$1::TIMESTAMP WITHOUT TIME ZONE WHERE iotdevice.id = $2::INTEGER]
[parameters: (datetime.datetime(2026, 5, 19, 14, 27, 31, 189403, tzinfo=datetime.timezone.utc), 1)]
(Background on this error at: https://sqlalche.me/e/20/dbapi)
INFO:     connection closed
INFO:     127.0.0.1:55034 - "WebSocket /api/v1/pos/iot/ws/iot?token=test-token-123" [accepted]
INFO:     connection open
ERROR:pos_core.iot.websocket_handler:❌ Error crítico en sesión IoT 1: (sqlalchemy.dialects.postgresql.asyncpg.Error) <class 'asyncpg.exceptions.DataError'>: invalid input for query argument $1: datetime.datetime(2026, 5, 19, 14, 27, 3... (can't subtract offset-naive and offset-aware datetimes)
[SQL: UPDATE iotdevice SET last_seen=$1::TIMESTAMP WITHOUT TIME ZONE WHERE iotdevice.id = $2::INTEGER]
[parameters: (datetime.datetime(2026, 5, 19, 14, 27, 31, 193510, tzinfo=datetime.timezone.utc), 1)]
(Background on this error at: https://sqlalche.me/e/20/dbapi)
INFO:     connection closed
INFO:     127.0.0.1:55042 - "WebSocket /api/v1/pos/iot/ws/iot?token=test-token-123" [accepted]
INFO:     connection open
ERROR:pos_core.iot.websocket_handler:❌ Error crítico en sesión IoT 1: (sqlalchemy.dialects.postgresql.asyncpg.Error) <class 'asyncpg.exceptions.DataError'>: invalid input for query argument $1: datetime.datetime(2026, 5, 19, 14, 27, 3... (can't subtract offset-naive and offset-aware datetimes)
[SQL: UPDATE iotdevice SET last_seen=$1::TIMESTAMP WITHOUT TIME ZONE WHERE iotdevice.id = $2::INTEGER]
[parameters: (datetime.datetime(2026, 5, 19, 14, 27, 31, 198385, tzinfo=datetime.timezone.utc), 1)]
(Background on this error at: https://sqlalche.me/e/20/dbapi)
INFO:     connection closed
INFO:     127.0.0.1:55058 - "WebSocket /api/v1/pos/iot/ws/iot?token=test-token-123" [accepted]
INFO:     connection open
ERROR:pos_core.iot.websocket_handler:❌ Error crítico en sesión IoT 1: (sqlalchemy.dialects.postgresql.asyncpg.Error) <class 'asyncpg.exceptions.DataError'>: invalid input for query argument $1: datetime.datetime(2026, 5, 19, 14, 27, 3... (can't subtract offset-naive and offset-aware datetimes)
[SQL: UPDATE iotdevice SET last_seen=$1::TIMESTAMP WITHOUT TIME ZONE WHERE iotdevice.id = $2::INTEGER]
[parameters: (datetime.datetime(2026, 5, 19, 14, 27, 31, 203521, tzinfo=datetime.timezone.utc), 1)]
(Background on this error at: https://sqlalche.me/e/20/dbapi)
INFO:     connection closed
INFO:     127.0.0.1:55060 - "WebSocket /api/v1/pos/iot/ws/iot?token=test-token-123" [accepted]
INFO:     connection open
ERROR:pos_core.iot.websocket_handler:❌ Error crítico en sesión IoT 1: (sqlalchemy.dialects.postgresql.asyncpg.Error) <class 'asyncpg.exceptions.DataError'>: invalid input for query argument $1: datetime.datetime(2026, 5, 19, 14, 27, 3... (can't subtract offset-naive and offset-aware datetimes)
[SQL: UPDATE iotdevice SET last_seen=$1::TIMESTAMP WITHOUT TIME ZONE WHERE iotdevice.id = $2::INTEGER]
[parameters: (datetime.datetime(2026, 5, 19, 14, 27, 31, 208723, tzinfo=datetime.timezone.utc), 1)]
(Background on this error at: https://sqlalche.me/e/20/dbapi)
INFO:     connection closed
INFO:     127.0.0.1:55072 - "WebSocket /api/v1/pos/iot/ws/iot?token=test-token-123" [accepted]
INFO:     connection open
ERROR:pos_core.iot.websocket_handler:❌ Error crítico en sesión IoT 1: (sqlalchemy.dialects.postgresql.asyncpg.Error) <class 'asyncpg.exceptions.DataError'>: invalid input for query argument $1: datetime.datetime(2026, 5, 19, 14, 27, 3... (can't subtract offset-naive and offset-aware datetimes)
[SQL: UPDATE iotdevice SET last_seen=$1::TIMESTAMP WITHOUT TIME ZONE WHERE iotdevice.id = $2::INTEGER]
[parameters: (datetime.datetime(2026, 5, 19, 14, 27, 31, 213416, tzinfo=datetime.timezone.utc), 1)]
(Background on this error at: https://sqlalche.me/e/20/dbapi)
INFO:     connection closed
INFO:     127.0.0.1:55084 - "WebSocket /api/v1/pos/iot/ws/iot?token=test-token-123" [accepted]
INFO:     connection open
ERROR:pos_core.iot.websocket_handler:❌ Error crítico en sesión IoT 1: (sqlalchemy.dialects.postgresql.asyncpg.Error) <class 'asyncpg.exceptions.DataError'>: invalid input for query argument $1: datetime.datetime(2026, 5, 19, 14, 27, 3... (can't subtract offset-naive and offset-aware datetimes)
[SQL: UPDATE iotdevice SET last_seen=$1::TIMESTAMP WITHOUT TIME ZONE WHERE iotdevice.id = $2::INTEGER]
[parameters: (datetime.datetime(2026, 5, 19, 14, 27, 31, 219044, tzinfo=datetime.timezone.utc), 1)]
(Background on this error at: https://sqlalche.me/e/20/dbapi)
INFO:     connection closed
INFO:     127.0.0.1:55086 - "WebSocket /api/v1/pos/iot/ws/iot?token=test-token-123" [accepted]
INFO:     connection open
ERROR:pos_core.iot.websocket_handler:❌ Error crítico en sesión IoT 1: (sqlalchemy.dialects.postgresql.asyncpg.Error) <class 'asyncpg.exceptions.DataError'>: invalid input for query argument $1: datetime.datetime(2026, 5, 19, 14, 27, 3... (can't subtract offset-naive and offset-aware datetimes)
[SQL: UPDATE iotdevice SET last_seen=$1::TIMESTAMP WITHOUT TIME ZONE WHERE iotdevice.id = $2::INTEGER]
[parameters: (datetime.datetime(2026, 5, 19, 14, 27, 31, 223747, tzinfo=datetime.timezone.utc), 1)]
(Background on this error at: https://sqlalche.me/e/20/dbapi)
INFO:     connection closed
INFO:     127.0.0.1:55096 - "WebSocket /api/v1/pos/iot/ws/iot?token=test-token-123" [accepted]
INFO:     connection open
ERROR:pos_core.iot.websocket_handler:❌ Error crítico en sesión IoT 1: (sqlalchemy.dialects.postgresql.asyncpg.Error) <class 'asyncpg.exceptions.DataError'>: invalid input for query argument $1: datetime.datetime(2026, 5, 19, 14, 27, 3... (can't subtract offset-naive and offset-aware datetimes)
[SQL: UPDATE iotdevice SET last_seen=$1::TIMESTAMP WITHOUT TIME ZONE WHERE iotdevice.id = $2::INTEGER]
[parameters: (datetime.datetime(2026, 5, 19, 14, 27, 31, 227967, tzinfo=datetime.timezone.utc), 1)]
(Background on this error at: https://sqlalche.me/e/20/dbapi)
INFO:     connection closed
INFO:     127.0.0.1:55100 - "WebSocket /api/v1/pos/iot/ws/iot?token=test-token-123" [accepted]
INFO:     connection open
ERROR:pos_core.iot.websocket_handler:❌ Error crítico en sesión IoT 1: (sqlalchemy.dialects.postgresql.asyncpg.Error) <class 'asyncpg.exceptions.DataError'>: invalid input for query argument $1: datetime.datetime(2026, 5, 19, 14, 27, 3... (can't subtract offset-naive and offset-aware datetimes)
[SQL: UPDATE iotdevice SET last_seen=$1::TIMESTAMP WITHOUT TIME ZONE WHERE iotdevice.id = $2::INTEGER]
[parameters: (datetime.datetime(2026, 5, 19, 14, 27, 31, 232699, tzinfo=datetime.timezone.utc), 1)]
(Background on this error at: https://sqlalche.me/e/20/dbapi)
INFO:     connection closed
INFO:     127.0.0.1:55110 - "WebSocket /api/v1/pos/iot/ws/iot?token=test-token-123" [accepted]
INFO:     connection open
ERROR:pos_core.iot.websocket_handler:❌ Error crítico en sesión IoT 1: (sqlalchemy.dialects.postgresql.asyncpg.Error) <class 'asyncpg.exceptions.DataError'>: invalid input for query argument $1: datetime.datetime(2026, 5, 19, 14, 27, 3... (can't subtract offset-naive and offset-aware datetimes)
[SQL: UPDATE iotdevice SET last_seen=$1::TIMESTAMP WITHOUT TIME ZONE WHERE iotdevice.id = $2::INTEGER]
[parameters: (datetime.datetime(2026, 5, 19, 14, 27, 31, 237880, tzinfo=datetime.timezone.utc), 1)]
(Background on this error at: https://sqlalche.me/e/20/dbapi)
INFO:     connection closed
INFO:     127.0.0.1:55124 - "WebSocket /api/v1/pos/iot/ws/iot?token=test-token-123" [accepted]
INFO:     connection open
ERROR:pos_core.iot.websocket_handler:❌ Error crítico en sesión IoT 1: (sqlalchemy.dialects.postgresql.asyncpg.Error) <class 'asyncpg.exceptions.DataError'>: invalid input for query argument $1: datetime.datetime(2026, 5, 19, 14, 27, 3... (can't subtract offset-naive and offset-aware datetimes)
[SQL: UPDATE iotdevice SET last_seen=$1::TIMESTAMP WITHOUT TIME ZONE WHERE iotdevice.id = $2::INTEGER]
[parameters: (datetime.datetime(2026, 5, 19, 14, 27, 31, 242482, tzinfo=datetime.timezone.utc), 1)]
(Background on this error at: https://sqlalche.me/e/20/dbapi)
INFO:     connection closed
INFO:     127.0.0.1:55128 - "WebSocket /api/v1/pos/iot/ws/iot?token=test-token-123" [accepted]
INFO:     connection open
ERROR:pos_core.iot.websocket_handler:❌ Error crítico en sesión IoT 1: (sqlalchemy.dialects.postgresql.asyncpg.Error) <class 'asyncpg.exceptions.DataError'>: invalid input for query argument $1: datetime.datetime(2026, 5, 19, 14, 27, 3... (can't subtract offset-naive and offset-aware datetimes)
[SQL: UPDATE iotdevice SET last_seen=$1::TIMESTAMP WITHOUT TIME ZONE WHERE iotdevice.id = $2::INTEGER]
[parameters: (datetime.datetime(2026, 5, 19, 14, 27, 31, 247846, tzinfo=datetime.timezone.utc), 1)]
(Background on this error at: https://sqlalche.me/e/20/dbapi)
INFO:     connection closed
INFO:     127.0.0.1:55138 - "WebSocket /api/v1/pos/iot/ws/iot?token=test-token-123" [accepted]
INFO:     connection open
ERROR:pos_core.iot.websocket_handler:❌ Error crítico en sesión IoT 1: (sqlalchemy.dialects.postgresql.asyncpg.Error) <class 'asyncpg.exceptions.DataError'>: invalid input for query argument $1: datetime.datetime(2026, 5, 19, 14, 27, 3... (can't subtract offset-naive and offset-aware datetimes)
[SQL: UPDATE iotdevice SET last_seen=$1::TIMESTAMP WITHOUT TIME ZONE WHERE iotdevice.id = $2::INTEGER]
[parameters: (datetime.datetime(2026, 5, 19, 14, 27, 31, 253795, tzinfo=datetime.timezone.utc), 1)]
(Background on this error at: https://sqlalche.me/e/20/dbapi)
INFO:     connection closed
INFO:     127.0.0.1:55154 - "WebSocket /api/v1/pos/iot/ws/iot?token=test-token-123" [accepted]
INFO:     connection open
ERROR:pos_core.iot.websocket_handler:❌ Error crítico en sesión IoT 1: (sqlalchemy.dialects.postgresql.asyncpg.Error) <class 'asyncpg.exceptions.DataError'>: invalid input for query argument $1: datetime.datetime(2026, 5, 19, 14, 27, 3... (can't subtract offset-naive and offset-aware datetimes)
[SQL: UPDATE iotdevice SET last_seen=$1::TIMESTAMP WITHOUT TIME ZONE WHERE iotdevice.id = $2::INTEGER]
[parameters: (datetime.datetime(2026, 5, 19, 14, 27, 31, 258863, tzinfo=datetime.timezone.utc), 1)]
(Background on this error at: https://sqlalche.me/e/20/dbapi)
INFO:     connection closed
INFO:     127.0.0.1:55162 - "WebSocket /api/v1/pos/iot/ws/iot?token=test-token-123" [accepted]
INFO:     connection open
ERROR:pos_core.iot.websocket_handler:❌ Error crítico en sesión IoT 1: (sqlalchemy.dialects.postgresql.asyncpg.Error) <class 'asyncpg.exceptions.DataError'>: invalid input for query argument $1: datetime.datetime(2026, 5, 19, 14, 27, 3... (can't subtract offset-naive and offset-aware datetimes)
[SQL: UPDATE iotdevice SET last_seen=$1::TIMESTAMP WITHOUT TIME ZONE WHERE iotdevice.id = $2::INTEGER]
[parameters: (datetime.datetime(2026, 5, 19, 14, 27, 31, 264225, tzinfo=datetime.timezone.utc), 1)]
(Background on this error at: https://sqlalche.me/e/20/dbapi)
INFO:     connection closed
INFO:     127.0.0.1:55172 - "WebSocket /api/v1/pos/iot/ws/iot?token=test-token-123" [accepted]
INFO:     connection open
ERROR:pos_core.iot.websocket_handler:❌ Error crítico en sesión IoT 1: (sqlalchemy.dialects.postgresql.asyncpg.Error) <class 'asyncpg.exceptions.DataError'>: invalid input for query argument $1: datetime.datetime(2026, 5, 19, 14, 27, 3... (can't subtract offset-naive and offset-aware datetimes)
[SQL: UPDATE iotdevice SET last_seen=$1::TIMESTAMP WITHOUT TIME ZONE WHERE iotdevice.id = $2::INTEGER]
[parameters: (datetime.datetime(2026, 5, 19, 14, 27, 31, 269708, tzinfo=datetime.timezone.utc), 1)]
(Background on this error at: https://sqlalche.me/e/20/dbapi)
INFO:     connection closed
INFO:     127.0.0.1:55178 - "WebSocket /api/v1/pos/iot/ws/iot?token=test-token-123" [accepted]
INFO:     connection open
ERROR:pos_core.iot.websocket_handler:❌ Error crítico en sesión IoT 1: (sqlalchemy.dialects.postgresql.asyncpg.Error) <class 'asyncpg.exceptions.DataError'>: invalid input for query argument $1: datetime.datetime(2026, 5, 19, 14, 27, 3... (can't subtract offset-naive and offset-aware datetimes)
[SQL: UPDATE iotdevice SET last_seen=$1::TIMESTAMP WITHOUT TIME ZONE WHERE iotdevice.id = $2::INTEGER]
[parameters: (datetime.datetime(2026, 5, 19, 14, 27, 31, 274653, tzinfo=datetime.timezone.utc), 1)]
(Background on this error at: https://sqlalche.me/e/20/dbapi)
INFO:     connection closed
INFO:     127.0.0.1:55180 - "WebSocket /api/v1/pos/iot/ws/iot?token=test-token-123" [accepted]
INFO:     connection open
ERROR:pos_core.iot.websocket_handler:❌ Error crítico en sesión IoT 1: (sqlalchemy.dialects.postgresql.asyncpg.Error) <class 'asyncpg.exceptions.DataError'>: invalid input for query argument $1: datetime.datetime(2026, 5, 19, 14, 27, 3... (can't subtract offset-naive and offset-aware datetimes)
[SQL: UPDATE iotdevice SET last_seen=$1::TIMESTAMP WITHOUT TIME ZONE WHERE iotdevice.id = $2::INTEGER]
[parameters: (datetime.datetime(2026, 5, 19, 14, 27, 31, 278559, tzinfo=datetime.timezone.utc), 1)]
(Background on this error at: https://sqlalche.me/e/20/dbapi)
INFO:     connection closed
INFO:     127.0.0.1:55192 - "WebSocket /api/v1/pos/iot/ws/iot?token=test-token-123" [accepted]
INFO:     connection open
ERROR:pos_core.iot.websocket_handler:❌ Error crítico en sesión IoT 1: (sqlalchemy.dialects.postgresql.asyncpg.Error) <class 'asyncpg.exceptions.DataError'>: invalid input for query argument $1: datetime.datetime(2026, 5, 19, 14, 27, 3... (can't subtract offset-naive and offset-aware datetimes)
[SQL: UPDATE iotdevice SET last_seen=$1::TIMESTAMP WITHOUT TIME ZONE WHERE iotdevice.id = $2::INTEGER]
[parameters: (datetime.datetime(2026, 5, 19, 14, 27, 31, 282940, tzinfo=datetime.timezone.utc), 1)]
(Background on this error at: https://sqlalche.me/e/20/dbapi)
INFO:     connection closed
INFO:     127.0.0.1:55200 - "WebSocket /api/v1/pos/iot/ws/iot?token=test-token-123" [accepted]
INFO:     connection open
ERROR:pos_core.iot.websocket_handler:❌ Error crítico en sesión IoT 1: (sqlalchemy.dialects.postgresql.asyncpg.Error) <class 'asyncpg.exceptions.DataError'>: invalid input for query argument $1: datetime.datetime(2026, 5, 19, 14, 27, 3... (can't subtract offset-naive and offset-aware datetimes)
[SQL: UPDATE iotdevice SET last_seen=$1::TIMESTAMP WITHOUT TIME ZONE WHERE iotdevice.id = $2::INTEGER]
[parameters: (datetime.datetime(2026, 5, 19, 14, 27, 31, 288054, tzinfo=datetime.timezone.utc), 1)]
(Background on this error at: https://sqlalche.me/e/20/dbapi)
INFO:     connection closed
INFO:     127.0.0.1:55206 - "WebSocket /api/v1/pos/iot/ws/iot?token=test-token-123" [accepted]
INFO:     connection open
ERROR:pos_core.iot.websocket_handler:❌ Error crítico en sesión IoT 1: (sqlalchemy.dialects.postgresql.asyncpg.Error) <class 'asyncpg.exceptions.DataError'>: invalid input for query argument $1: datetime.datetime(2026, 5, 19, 14, 27, 3... (can't subtract offset-naive and offset-aware datetimes)
[SQL: UPDATE iotdevice SET last_seen=$1::TIMESTAMP WITHOUT TIME ZONE WHERE iotdevice.id = $2::INTEGER]
[parameters: (datetime.datetime(2026, 5, 19, 14, 27, 31, 292900, tzinfo=datetime.timezone.utc), 1)]
(Background on this error at: https://sqlalche.me/e/20/dbapi)
INFO:     connection closed
INFO:     127.0.0.1:55212 - "WebSocket /api/v1/pos/iot/ws/iot?token=test-token-123" [accepted]
INFO:     connection open
ERROR:pos_core.iot.websocket_handler:❌ Error crítico en sesión IoT 1: (sqlalchemy.dialects.postgresql.asyncpg.Error) <class 'asyncpg.exceptions.DataError'>: invalid input for query argument $1: datetime.datetime(2026, 5, 19, 14, 27, 3... (can't subtract offset-naive and offset-aware datetimes)
[SQL: UPDATE iotdevice SET last_seen=$1::TIMESTAMP WITHOUT TIME ZONE WHERE iotdevice.id = $2::INTEGER]
[parameters: (datetime.datetime(2026, 5, 19, 14, 27, 31, 298278, tzinfo=datetime.timezone.utc), 1)]
(Background on this error at: https://sqlalche.me/e/20/dbapi)
INFO:     connection closed
INFO:     127.0.0.1:55214 - "WebSocket /api/v1/pos/iot/ws/iot?token=test-token-123" [accepted]
INFO:     connection open
ERROR:pos_core.iot.websocket_handler:❌ Error crítico en sesión IoT 1: (sqlalchemy.dialects.postgresql.asyncpg.Error) <class 'asyncpg.exceptions.DataError'>: invalid input for query argument $1: datetime.datetime(2026, 5, 19, 14, 27, 3... (can't subtract offset-naive and offset-aware datetimes)
[SQL: UPDATE iotdevice SET last_seen=$1::TIMESTAMP WITHOUT TIME ZONE WHERE iotdevice.id = $2::INTEGER]
[parameters: (datetime.datetime(2026, 5, 19, 14, 27, 31, 304881, tzinfo=datetime.timezone.utc), 1)]
(Background on this error at: https://sqlalche.me/e/20/dbapi)
INFO:     connection closed
INFO:     127.0.0.1:55218 - "WebSocket /api/v1/pos/iot/ws/iot?token=test-token-123" [accepted]
INFO:     connection open
ERROR:pos_core.iot.websocket_handler:❌ Error crítico en sesión IoT 1: (sqlalchemy.dialects.postgresql.asyncpg.Error) <class 'asyncpg.exceptions.DataError'>: invalid input for query argument $1: datetime.datetime(2026, 5, 19, 14, 27, 3... (can't subtract offset-naive and offset-aware datetimes)
[SQL: UPDATE iotdevice SET last_seen=$1::TIMESTAMP WITHOUT TIME ZONE WHERE iotdevice.id = $2::INTEGER]
[parameters: (datetime.datetime(2026, 5, 19, 14, 27, 31, 309922, tzinfo=datetime.timezone.utc), 1)]
(Background on this error at: https://sqlalche.me/e/20/dbapi)
INFO:     connection closed
INFO:     127.0.0.1:55230 - "WebSocket /api/v1/pos/iot/ws/iot?token=test-token-123" [accepted]
INFO:     connection open
ERROR:pos_core.iot.websocket_handler:❌ Error crítico en sesión IoT 1: (sqlalchemy.dialects.postgresql.asyncpg.Error) <class 'asyncpg.exceptions.DataError'>: invalid input for query argument $1: datetime.datetime(2026, 5, 19, 14, 27, 3... (can't subtract offset-naive and offset-aware datetimes)
[SQL: UPDATE iotdevice SET last_seen=$1::TIMESTAMP WITHOUT TIME ZONE WHERE iotdevice.id = $2::INTEGER]
[parameters: (datetime.datetime(2026, 5, 19, 14, 27, 31, 315228, tzinfo=datetime.timezone.utc), 1)]
(Background on this error at: https://sqlalche.me/e/20/dbapi)
INFO:     connection closed
INFO:     127.0.0.1:55238 - "WebSocket /api/v1/pos/iot/ws/iot?token=test-token-123" [accepted]
INFO:     connection open
ERROR:pos_core.iot.websocket_handler:❌ Error crítico en sesión IoT 1: (sqlalchemy.dialects.postgresql.asyncpg.Error) <class 'asyncpg.exceptions.DataError'>: invalid input for query argument $1: datetime.datetime(2026, 5, 19, 14, 27, 3... (can't subtract offset-naive and offset-aware datetimes)
[SQL: UPDATE iotdevice SET last_seen=$1::TIMESTAMP WITHOUT TIME ZONE WHERE iotdevice.id = $2::INTEGER]
[parameters: (datetime.datetime(2026, 5, 19, 14, 27, 31, 321008, tzinfo=datetime.timezone.utc), 1)]
(Background on this error at: https://sqlalche.me/e/20/dbapi)
INFO:     connection closed
INFO:     127.0.0.1:55248 - "WebSocket /api/v1/pos/iot/ws/iot?token=test-token-123" [accepted]
INFO:     connection open
ERROR:pos_core.iot.websocket_handler:❌ Error crítico en sesión IoT 1: (sqlalchemy.dialects.postgresql.asyncpg.Error) <class 'asyncpg.exceptions.DataError'>: invalid input for query argument $1: datetime.datetime(2026, 5, 19, 14, 27, 3... (can't subtract offset-naive and offset-aware datetimes)
[SQL: UPDATE iotdevice SET last_seen=$1::TIMESTAMP WITHOUT TIME ZONE WHERE iotdevice.id = $2::INTEGER]
[parameters: (datetime.datetime(2026, 5, 19, 14, 27, 31, 325434, tzinfo=datetime.timezone.utc), 1)]
(Background on this error at: https://sqlalche.me/e/20/dbapi)
INFO:     connection closed
INFO:     127.0.0.1:55258 - "WebSocket /api/v1/pos/iot/ws/iot?token=test-token-123" [accepted]
INFO:     connection open
ERROR:pos_core.iot.websocket_handler:❌ Error crítico en sesión IoT 1: (sqlalchemy.dialects.postgresql.asyncpg.Error) <class 'asyncpg.exceptions.DataError'>: invalid input for query argument $1: datetime.datetime(2026, 5, 19, 14, 27, 3... (can't subtract offset-naive and offset-aware datetimes)
[SQL: UPDATE iotdevice SET last_seen=$1::TIMESTAMP WITHOUT TIME ZONE WHERE iotdevice.id = $2::INTEGER]
[parameters: (datetime.datetime(2026, 5, 19, 14, 27, 31, 329584, tzinfo=datetime.timezone.utc), 1)]
(Background on this error at: https://sqlalche.me/e/20/dbapi)
INFO:     connection closed
INFO:     127.0.0.1:55274 - "WebSocket /api/v1/pos/iot/ws/iot?token=test-token-123" [accepted]
INFO:     connection open
ERROR:pos_core.iot.websocket_handler:❌ Error crítico en sesión IoT 1: (sqlalchemy.dialects.postgresql.asyncpg.Error) <class 'asyncpg.exceptions.DataError'>: invalid input for query argument $1: datetime.datetime(2026, 5, 19, 14, 27, 3... (can't subtract offset-naive and offset-aware datetimes)
[SQL: UPDATE iotdevice SET last_seen=$1::TIMESTAMP WITHOUT TIME ZONE WHERE iotdevice.id = $2::INTEGER]
[parameters: (datetime.datetime(2026, 5, 19, 14, 27, 31, 334058, tzinfo=datetime.timezone.utc), 1)]
(Background on this error at: https://sqlalche.me/e/20/dbapi)
INFO:     connection closed
INFO:     127.0.0.1:55276 - "WebSocket /api/v1/pos/iot/ws/iot?token=test-token-123" [accepted]
INFO:     connection open
ERROR:pos_core.iot.websocket_handler:❌ Error crítico en sesión IoT 1: (sqlalchemy.dialects.postgresql.asyncpg.Error) <class 'asyncpg.exceptions.DataError'>: invalid input for query argument $1: datetime.datetime(2026, 5, 19, 14, 27, 3... (can't subtract offset-naive and offset-aware datetimes)
[SQL: UPDATE iotdevice SET last_seen=$1::TIMESTAMP WITHOUT TIME ZONE WHERE iotdevice.id = $2::INTEGER]
[parameters: (datetime.datetime(2026, 5, 19, 14, 27, 31, 339826, tzinfo=datetime.timezone.utc), 1)]
(Background on this error at: https://sqlalche.me/e/20/dbapi)
INFO:     connection closed
INFO:     127.0.0.1:55280 - "WebSocket /api/v1/pos/iot/ws/iot?token=test-token-123" [accepted]
INFO:     connection open
ERROR:pos_core.iot.websocket_handler:❌ Error crítico en sesión IoT 1: (sqlalchemy.dialects.postgresql.asyncpg.Error) <class 'asyncpg.exceptions.DataError'>: invalid input for query argument $1: datetime.datetime(2026, 5, 19, 14, 27, 3... (can't subtract offset-naive and offset-aware datetimes)
[SQL: UPDATE iotdevice SET last_seen=$1::TIMESTAMP WITHOUT TIME ZONE WHERE iotdevice.id = $2::INTEGER]
[parameters: (datetime.datetime(2026, 5, 19, 14, 27, 31, 345339, tzinfo=datetime.timezone.utc), 1)]
(Background on this error at: https://sqlalche.me/e/20/dbapi)
INFO:     connection closed
INFO:     127.0.0.1:55286 - "WebSocket /api/v1/pos/iot/ws/iot?token=test-token-123" [accepted]
INFO:     connection open
ERROR:pos_core.iot.websocket_handler:❌ Error crítico en sesión IoT 1: (sqlalchemy.dialects.postgresql.asyncpg.Error) <class 'asyncpg.exceptions.DataError'>: invalid input for query argument $1: datetime.datetime(2026, 5, 19, 14, 27, 3... (can't subtract offset-naive and offset-aware datetimes)
[SQL: UPDATE iotdevice SET last_seen=$1::TIMESTAMP WITHOUT TIME ZONE WHERE iotdevice.id = $2::INTEGER]
[parameters: (datetime.datetime(2026, 5, 19, 14, 27, 31, 350528, tzinfo=datetime.timezone.utc), 1)]
(Background on this error at: https://sqlalche.me/e/20/dbapi)
INFO:     connection closed
INFO:     127.0.0.1:55290 - "WebSocket /api/v1/pos/iot/ws/iot?token=test-token-123" [accepted]
INFO:     connection open
ERROR:pos_core.iot.websocket_handler:❌ Error crítico en sesión IoT 1: (sqlalchemy.dialects.postgresql.asyncpg.Error) <class 'asyncpg.exceptions.DataError'>: invalid input for query argument $1: datetime.datetime(2026, 5, 19, 14, 27, 3... (can't subtract offset-naive and offset-aware datetimes)
[SQL: UPDATE iotdevice SET last_seen=$1::TIMESTAMP WITHOUT TIME ZONE WHERE iotdevice.id = $2::INTEGER]
[parameters: (datetime.datetime(2026, 5, 19, 14, 27, 31, 355902, tzinfo=datetime.timezone.utc), 1)]
(Background on this error at: https://sqlalche.me/e/20/dbapi)
INFO:     connection closed
INFO:     127.0.0.1:55298 - "WebSocket /api/v1/pos/iot/ws/iot?token=test-token-123" [accepted]
INFO:     connection open
ERROR:pos_core.iot.websocket_handler:❌ Error crítico en sesión IoT 1: (sqlalchemy.dialects.postgresql.asyncpg.Error) <class 'asyncpg.exceptions.DataError'>: invalid input for query argument $1: datetime.datetime(2026, 5, 19, 14, 27, 3... (can't subtract offset-naive and offset-aware datetimes)
[SQL: UPDATE iotdevice SET last_seen=$1::TIMESTAMP WITHOUT TIME ZONE WHERE iotdevice.id = $2::INTEGER]
[parameters: (datetime.datetime(2026, 5, 19, 14, 27, 31, 360691, tzinfo=datetime.timezone.utc), 1)]
(Background on this error at: https://sqlalche.me/e/20/dbapi)
INFO:     connection closed
INFO:     127.0.0.1:55300 - "WebSocket /api/v1/pos/iot/ws/iot?token=test-token-123" [accepted]
INFO:     connection open
ERROR:pos_core.iot.websocket_handler:❌ Error crítico en sesión IoT 1: (sqlalchemy.dialects.postgresql.asyncpg.Error) <class 'asyncpg.exceptions.DataError'>: invalid input for query argument $1: datetime.datetime(2026, 5, 19, 14, 27, 3... (can't subtract offset-naive and offset-aware datetimes)
[SQL: UPDATE iotdevice SET last_seen=$1::TIMESTAMP WITHOUT TIME ZONE WHERE iotdevice.id = $2::INTEGER]
[parameters: (datetime.datetime(2026, 5, 19, 14, 27, 31, 365575, tzinfo=datetime.timezone.utc), 1)]
(Background on this error at: https://sqlalche.me/e/20/dbapi)
INFO:     connection closed
INFO:     127.0.0.1:55316 - "WebSocket /api/v1/pos/iot/ws/iot?token=test-token-123" [accepted]
INFO:     connection open
ERROR:pos_core.iot.websocket_handler:❌ Error crítico en sesión IoT 1: (sqlalchemy.dialects.postgresql.asyncpg.Error) <class 'asyncpg.exceptions.DataError'>: invalid input for query argument $1: datetime.datetime(2026, 5, 19, 14, 27, 3... (can't subtract offset-naive and offset-aware datetimes)
[SQL: UPDATE iotdevice SET last_seen=$1::TIMESTAMP WITHOUT TIME ZONE WHERE iotdevice.id = $2::INTEGER]
[parameters: (datetime.datetime(2026, 5, 19, 14, 27, 31, 371613, tzinfo=datetime.timezone.utc), 1)]
(Background on this error at: https://sqlalche.me/e/20/dbapi)
INFO:     connection closed
INFO:     127.0.0.1:55326 - "WebSocket /api/v1/pos/iot/ws/iot?token=test-token-123" [accepted]
INFO:     connection open
ERROR:pos_core.iot.websocket_handler:❌ Error crítico en sesión IoT 1: (sqlalchemy.dialects.postgresql.asyncpg.Error) <class 'asyncpg.exceptions.DataError'>: invalid input for query argument $1: datetime.datetime(2026, 5, 19, 14, 27, 3... (can't subtract offset-naive and offset-aware datetimes)
[SQL: UPDATE iotdevice SET last_seen=$1::TIMESTAMP WITHOUT TIME ZONE WHERE iotdevice.id = $2::INTEGER]
[parameters: (datetime.datetime(2026, 5, 19, 14, 27, 31, 376079, tzinfo=datetime.timezone.utc), 1)]
(Background on this error at: https://sqlalche.me/e/20/dbapi)
INFO:     connection closed
INFO:     127.0.0.1:55336 - "WebSocket /api/v1/pos/iot/ws/iot?token=test-token-123" [accepted]
INFO:     connection open
ERROR:pos_core.iot.websocket_handler:❌ Error crítico en sesión IoT 1: (sqlalchemy.dialects.postgresql.asyncpg.Error) <class 'asyncpg.exceptions.DataError'>: invalid input for query argument $1: datetime.datetime(2026, 5, 19, 14, 27, 3... (can't subtract offset-naive and offset-aware datetimes)
[SQL: UPDATE iotdevice SET last_seen=$1::TIMESTAMP WITHOUT TIME ZONE WHERE iotdevice.id = $2::INTEGER]
[parameters: (datetime.datetime(2026, 5, 19, 14, 27, 31, 380211, tzinfo=datetime.timezone.utc), 1)]
(Background on this error at: https://sqlalche.me/e/20/dbapi)
INFO:     connection closed
INFO:     127.0.0.1:55340 - "WebSocket /api/v1/pos/iot/ws/iot?token=test-token-123" [accepted]
INFO:     connection open
ERROR:pos_core.iot.websocket_handler:❌ Error crítico en sesión IoT 1: (sqlalchemy.dialects.postgresql.asyncpg.Error) <class 'asyncpg.exceptions.DataError'>: invalid input for query argument $1: datetime.datetime(2026, 5, 19, 14, 27, 3... (can't subtract offset-naive and offset-aware datetimes)
[SQL: UPDATE iotdevice SET last_seen=$1::TIMESTAMP WITHOUT TIME ZONE WHERE iotdevice.id = $2::INTEGER]
[parameters: (datetime.datetime(2026, 5, 19, 14, 27, 31, 385123, tzinfo=datetime.timezone.utc), 1)]
(Background on this error at: https://sqlalche.me/e/20/dbapi)
INFO:     connection closed
INFO:     127.0.0.1:55352 - "WebSocket /api/v1/pos/iot/ws/iot?token=test-token-123" [accepted]
INFO:     connection open
ERROR:pos_core.iot.websocket_handler:❌ Error crítico en sesión IoT 1: (sqlalchemy.dialects.postgresql.asyncpg.Error) <class 'asyncpg.exceptions.DataError'>: invalid input for query argument $1: datetime.datetime(2026, 5, 19, 14, 27, 3... (can't subtract offset-naive and offset-aware datetimes)
[SQL: UPDATE iotdevice SET last_seen=$1::TIMESTAMP WITHOUT TIME ZONE WHERE iotdevice.id = $2::INTEGER]
[parameters: (datetime.datetime(2026, 5, 19, 14, 27, 31, 389970, tzinfo=datetime.timezone.utc), 1)]
(Background on this error at: https://sqlalche.me/e/20/dbapi)
INFO:     connection closed
INFO:     127.0.0.1:55356 - "WebSocket /api/v1/pos/iot/ws/iot?token=test-token-123" [accepted]
INFO:     connection open
ERROR:pos_core.iot.websocket_handler:❌ Error crítico en sesión IoT 1: (sqlalchemy.dialects.postgresql.asyncpg.Error) <class 'asyncpg.exceptions.DataError'>: invalid input for query argument $1: datetime.datetime(2026, 5, 19, 14, 27, 3... (can't subtract offset-naive and offset-aware datetimes)
[SQL: UPDATE iotdevice SET last_seen=$1::TIMESTAMP WITHOUT TIME ZONE WHERE iotdevice.id = $2::INTEGER]
[parameters: (datetime.datetime(2026, 5, 19, 14, 27, 31, 394971, tzinfo=datetime.timezone.utc), 1)]
(Background on this error at: https://sqlalche.me/e/20/dbapi)
INFO:     connection closed
INFO:     127.0.0.1:55372 - "WebSocket /api/v1/pos/iot/ws/iot?token=test-token-123" [accepted]
INFO:     connection open
ERROR:pos_core.iot.websocket_handler:❌ Error crítico en sesión IoT 1: (sqlalchemy.dialects.postgresql.asyncpg.Error) <class 'asyncpg.exceptions.DataError'>: invalid input for query argument $1: datetime.datetime(2026, 5, 19, 14, 27, 3... (can't subtract offset-naive and offset-aware datetimes)
[SQL: UPDATE iotdevice SET last_seen=$1::TIMESTAMP WITHOUT TIME ZONE WHERE iotdevice.id = $2::INTEGER]
[parameters: (datetime.datetime(2026, 5, 19, 14, 27, 31, 401129, tzinfo=datetime.timezone.utc), 1)]
(Background on this error at: https://sqlalche.me/e/20/dbapi)
INFO:     connection closed
INFO:     127.0.0.1:55382 - "WebSocket /api/v1/pos/iot/ws/iot?token=test-token-123" [accepted]
INFO:     connection open
ERROR:pos_core.iot.websocket_handler:❌ Error crítico en sesión IoT 1: (sqlalchemy.dialects.postgresql.asyncpg.Error) <class 'asyncpg.exceptions.DataError'>: invalid input for query argument $1: datetime.datetime(2026, 5, 19, 14, 27, 3... (can't subtract offset-naive and offset-aware datetimes)
[SQL: UPDATE iotdevice SET last_seen=$1::TIMESTAMP WITHOUT TIME ZONE WHERE iotdevice.id = $2::INTEGER]
[parameters: (datetime.datetime(2026, 5, 19, 14, 27, 31, 407386, tzinfo=datetime.timezone.utc), 1)]
(Background on this error at: https://sqlalche.me/e/20/dbapi)
INFO:     connection closed
INFO:     127.0.0.1:55390 - "WebSocket /api/v1/pos/iot/ws/iot?token=test-token-123" [accepted]
INFO:     connection open
ERROR:pos_core.iot.websocket_handler:❌ Error crítico en sesión IoT 1: (sqlalchemy.dialects.postgresql.asyncpg.Error) <class 'asyncpg.exceptions.DataError'>: invalid input for query argument $1: datetime.datetime(2026, 5, 19, 14, 27, 3... (can't subtract offset-naive and offset-aware datetimes)
[SQL: UPDATE iotdevice SET last_seen=$1::TIMESTAMP WITHOUT TIME ZONE WHERE iotdevice.id = $2::INTEGER]
[parameters: (datetime.datetime(2026, 5, 19, 14, 27, 31, 412569, tzinfo=datetime.timezone.utc), 1)]
(Background on this error at: https://sqlalche.me/e/20/dbapi)
INFO:     connection closed
INFO:     127.0.0.1:55396 - "WebSocket /api/v1/pos/iot/ws/iot?token=test-token-123" [accepted]
INFO:     connection open
ERROR:pos_core.iot.websocket_handler:❌ Error crítico en sesión IoT 1: (sqlalchemy.dialects.postgresql.asyncpg.Error) <class 'asyncpg.exceptions.DataError'>: invalid input for query argument $1: datetime.datetime(2026, 5, 19, 14, 27, 3... (can't subtract offset-naive and offset-aware datetimes)
[SQL: UPDATE iotdevice SET last_seen=$1::TIMESTAMP WITHOUT TIME ZONE WHERE iotdevice.id = $2::INTEGER]
[parameters: (datetime.datetime(2026, 5, 19, 14, 27, 31, 418109, tzinfo=datetime.timezone.utc), 1)]
(Background on this error at: https://sqlalche.me/e/20/dbapi)
INFO:     connection closed
INFO:     127.0.0.1:55412 - "WebSocket /api/v1/pos/iot/ws/iot?token=test-token-123" [accepted]
INFO:     connection open
ERROR:pos_core.iot.websocket_handler:❌ Error crítico en sesión IoT 1: (sqlalchemy.dialects.postgresql.asyncpg.Error) <class 'asyncpg.exceptions.DataError'>: invalid input for query argument $1: datetime.datetime(2026, 5, 19, 14, 27, 3... (can't subtract offset-naive and offset-aware datetimes)
[SQL: UPDATE iotdevice SET last_seen=$1::TIMESTAMP WITHOUT TIME ZONE WHERE iotdevice.id = $2::INTEGER]
[parameters: (datetime.datetime(2026, 5, 19, 14, 27, 31, 423876, tzinfo=datetime.timezone.utc), 1)]
(Background on this error at: https://sqlalche.me/e/20/dbapi)
INFO:     connection closed
INFO:     127.0.0.1:55422 - "WebSocket /api/v1/pos/iot/ws/iot?token=test-token-123" [accepted]
INFO:     connection open
ERROR:pos_core.iot.websocket_handler:❌ Error crítico en sesión IoT 1: (sqlalchemy.dialects.postgresql.asyncpg.Error) <class 'asyncpg.exceptions.DataError'>: invalid input for query argument $1: datetime.datetime(2026, 5, 19, 14, 27, 3... (can't subtract offset-naive and offset-aware datetimes)
[SQL: UPDATE iotdevice SET last_seen=$1::TIMESTAMP WITHOUT TIME ZONE WHERE iotdevice.id = $2::INTEGER]
[parameters: (datetime.datetime(2026, 5, 19, 14, 27, 31, 430638, tzinfo=datetime.timezone.utc), 1)]
(Background on this error at: https://sqlalche.me/e/20/dbapi)
INFO:     connection closed
INFO:     127.0.0.1:55430 - "WebSocket /api/v1/pos/iot/ws/iot?token=test-token-123" [accepted]
INFO:     connection open
ERROR:pos_core.iot.websocket_handler:❌ Error crítico en sesión IoT 1: (sqlalchemy.dialects.postgresql.asyncpg.Error) <class 'asyncpg.exceptions.DataError'>: invalid input for query argument $1: datetime.datetime(2026, 5, 19, 14, 27, 3... (can't subtract offset-naive and offset-aware datetimes)
[SQL: UPDATE iotdevice SET last_seen=$1::TIMESTAMP WITHOUT TIME ZONE WHERE iotdevice.id = $2::INTEGER]
[parameters: (datetime.datetime(2026, 5, 19, 14, 27, 31, 439464, tzinfo=datetime.timezone.utc), 1)]
(Background on this error at: https://sqlalche.me/e/20/dbapi)
INFO:     connection closed
INFO:     127.0.0.1:55442 - "WebSocket /api/v1/pos/iot/ws/iot?token=test-token-123" [accepted]
INFO:     connection open
ERROR:pos_core.iot.websocket_handler:❌ Error crítico en sesión IoT 1: (sqlalchemy.dialects.postgresql.asyncpg.Error) <class 'asyncpg.exceptions.DataError'>: invalid input for query argument $1: datetime.datetime(2026, 5, 19, 14, 27, 3... (can't subtract offset-naive and offset-aware datetimes)
[SQL: UPDATE iotdevice SET last_seen=$1::TIMESTAMP WITHOUT TIME ZONE WHERE iotdevice.id = $2::INTEGER]
[parameters: (datetime.datetime(2026, 5, 19, 14, 27, 31, 448577, tzinfo=datetime.timezone.utc), 1)]
(Background on this error at: https://sqlalche.me/e/20/dbapi)
INFO:     connection closed
INFO:     127.0.0.1:55448 - "WebSocket /api/v1/pos/iot/ws/iot?token=test-token-123" [accepted]
INFO:     connection open
ERROR:pos_core.iot.websocket_handler:❌ Error crítico en sesión IoT 1: (sqlalchemy.dialects.postgresql.asyncpg.Error) <class 'asyncpg.exceptions.DataError'>: invalid input for query argument $1: datetime.datetime(2026, 5, 19, 14, 27, 3... (can't subtract offset-naive and offset-aware datetimes)
[SQL: UPDATE iotdevice SET last_seen=$1::TIMESTAMP WITHOUT TIME ZONE WHERE iotdevice.id = $2::INTEGER]
[parameters: (datetime.datetime(2026, 5, 19, 14, 27, 31, 458755, tzinfo=datetime.timezone.utc), 1)]
(Background on this error at: https://sqlalche.me/e/20/dbapi)
INFO:     connection closed
INFO:     127.0.0.1:55462 - "WebSocket /api/v1/pos/iot/ws/iot?token=test-token-123" [accepted]
INFO:     connection open
ERROR:pos_core.iot.websocket_handler:❌ Error crítico en sesión IoT 1: (sqlalchemy.dialects.postgresql.asyncpg.Error) <class 'asyncpg.exceptions.DataError'>: invalid input for query argument $1: datetime.datetime(2026, 5, 19, 14, 27, 3... (can't subtract offset-naive and offset-aware datetimes)
[SQL: UPDATE iotdevice SET last_seen=$1::TIMESTAMP WITHOUT TIME ZONE WHERE iotdevice.id = $2::INTEGER]
[parameters: (datetime.datetime(2026, 5, 19, 14, 27, 31, 464682, tzinfo=datetime.timezone.utc), 1)]
(Background on this error at: https://sqlalche.me/e/20/dbapi)
INFO:     connection closed
INFO:     127.0.0.1:55472 - "WebSocket /api/v1/pos/iot/ws/iot?token=test-token-123" [accepted]
INFO:     connection open
ERROR:pos_core.iot.websocket_handler:❌ Error crítico en sesión IoT 1: (sqlalchemy.dialects.postgresql.asyncpg.Error) <class 'asyncpg.exceptions.DataError'>: invalid input for query argument $1: datetime.datetime(2026, 5, 19, 14, 27, 3... (can't subtract offset-naive and offset-aware datetimes)
[SQL: UPDATE iotdevice SET last_seen=$1::TIMESTAMP WITHOUT TIME ZONE WHERE iotdevice.id = $2::INTEGER]
[parameters: (datetime.datetime(2026, 5, 19, 14, 27, 31, 470594, tzinfo=datetime.timezone.utc), 1)]
(Background on this error at: https://sqlalche.me/e/20/dbapi)
INFO:     connection closed
INFO:     127.0.0.1:55486 - "WebSocket /api/v1/pos/iot/ws/iot?token=test-token-123" [accepted]
INFO:     connection open
ERROR:pos_core.iot.websocket_handler:❌ Error crítico en sesión IoT 1: (sqlalchemy.dialects.postgresql.asyncpg.Error) <class 'asyncpg.exceptions.DataError'>: invalid input for query argument $1: datetime.datetime(2026, 5, 19, 14, 27, 3... (can't subtract offset-naive and offset-aware datetimes)
[SQL: UPDATE iotdevice SET last_seen=$1::TIMESTAMP WITHOUT TIME ZONE WHERE iotdevice.id = $2::INTEGER]
[parameters: (datetime.datetime(2026, 5, 19, 14, 27, 31, 475686, tzinfo=datetime.timezone.utc), 1)]
(Background on this error at: https://sqlalche.me/e/20/dbapi)
INFO:     connection closed
INFO:     127.0.0.1:55502 - "WebSocket /api/v1/pos/iot/ws/iot?token=test-token-123" [accepted]
INFO:     connection open
ERROR:pos_core.iot.websocket_handler:❌ Error crítico en sesión IoT 1: (sqlalchemy.dialects.postgresql.asyncpg.Error) <class 'asyncpg.exceptions.DataError'>: invalid input for query argument $1: datetime.datetime(2026, 5, 19, 14, 27, 3... (can't subtract offset-naive and offset-aware datetimes)
[SQL: UPDATE iotdevice SET last_seen=$1::TIMESTAMP WITHOUT TIME ZONE WHERE iotdevice.id = $2::INTEGER]
[parameters: (datetime.datetime(2026, 5, 19, 14, 27, 31, 480972, tzinfo=datetime.timezone.utc), 1)]
(Background on this error at: https://sqlalche.me/e/20/dbapi)
INFO:     connection closed
INFO:     127.0.0.1:55508 - "WebSocket /api/v1/pos/iot/ws/iot?token=test-token-123" [accepted]
INFO:     connection open
ERROR:pos_core.iot.websocket_handler:❌ Error crítico en sesión IoT 1: (sqlalchemy.dialects.postgresql.asyncpg.Error) <class 'asyncpg.exceptions.DataError'>: invalid input for query argument $1: datetime.datetime(2026, 5, 19, 14, 27, 3... (can't subtract offset-naive and offset-aware datetimes)
[SQL: UPDATE iotdevice SET last_seen=$1::TIMESTAMP WITHOUT TIME ZONE WHERE iotdevice.id = $2::INTEGER]
[parameters: (datetime.datetime(2026, 5, 19, 14, 27, 31, 486676, tzinfo=datetime.timezone.utc), 1)]
(Background on this error at: https://sqlalche.me/e/20/dbapi)
INFO:     connection closed
INFO:     127.0.0.1:55522 - "WebSocket /api/v1/pos/iot/ws/iot?token=test-token-123" [accepted]
INFO:     connection open
ERROR:pos_core.iot.websocket_handler:❌ Error crítico en sesión IoT 1: (sqlalchemy.dialects.postgresql.asyncpg.Error) <class 'asyncpg.exceptions.DataError'>: invalid input for query argument $1: datetime.datetime(2026, 5, 19, 14, 27, 3... (can't subtract offset-naive and offset-aware datetimes)
[SQL: UPDATE iotdevice SET last_seen=$1::TIMESTAMP WITHOUT TIME ZONE WHERE iotdevice.id = $2::INTEGER]
[parameters: (datetime.datetime(2026, 5, 19, 14, 27, 31, 491815, tzinfo=datetime.timezone.utc), 1)]
(Background on this error at: https://sqlalche.me/e/20/dbapi)
INFO:     connection closed
INFO:     127.0.0.1:55530 - "WebSocket /api/v1/pos/iot/ws/iot?token=test-token-123" [accepted]
INFO:     connection open
ERROR:pos_core.iot.websocket_handler:❌ Error crítico en sesión IoT 1: (sqlalchemy.dialects.postgresql.asyncpg.Error) <class 'asyncpg.exceptions.DataError'>: invalid input for query argument $1: datetime.datetime(2026, 5, 19, 14, 27, 3... (can't subtract offset-naive and offset-aware datetimes)
[SQL: UPDATE iotdevice SET last_seen=$1::TIMESTAMP WITHOUT TIME ZONE WHERE iotdevice.id = $2::INTEGER]
[parameters: (datetime.datetime(2026, 5, 19, 14, 27, 31, 497520, tzinfo=datetime.timezone.utc), 1)]
(Background on this error at: https://sqlalche.me/e/20/dbapi)
INFO:     connection closed
INFO:     127.0.0.1:55544 - "WebSocket /api/v1/pos/iot/ws/iot?token=test-token-123" [accepted]
INFO:     connection open
ERROR:pos_core.iot.websocket_handler:❌ Error crítico en sesión IoT 1: (sqlalchemy.dialects.postgresql.asyncpg.Error) <class 'asyncpg.exceptions.DataError'>: invalid input for query argument $1: datetime.datetime(2026, 5, 19, 14, 27, 3... (can't subtract offset-naive and offset-aware datetimes)
[SQL: UPDATE iotdevice SET last_seen=$1::TIMESTAMP WITHOUT TIME ZONE WHERE iotdevice.id = $2::INTEGER]
[parameters: (datetime.datetime(2026, 5, 19, 14, 27, 31, 503763, tzinfo=datetime.timezone.utc), 1)]
(Background on this error at: https://sqlalche.me/e/20/dbapi)
INFO:     connection closed
INFO:     127.0.0.1:55554 - "WebSocket /api/v1/pos/iot/ws/iot?token=test-token-123" [accepted]
INFO:     connection open
ERROR:pos_core.iot.websocket_handler:❌ Error crítico en sesión IoT 1: (sqlalchemy.dialects.postgresql.asyncpg.Error) <class 'asyncpg.exceptions.DataError'>: invalid input for query argument $1: datetime.datetime(2026, 5, 19, 14, 27, 3... (can't subtract offset-naive and offset-aware datetimes)
[SQL: UPDATE iotdevice SET last_seen=$1::TIMESTAMP WITHOUT TIME ZONE WHERE iotdevice.id = $2::INTEGER]
[parameters: (datetime.datetime(2026, 5, 19, 14, 27, 31, 509252, tzinfo=datetime.timezone.utc), 1)]
(Background on this error at: https://sqlalche.me/e/20/dbapi)
INFO:     connection closed
INFO:     127.0.0.1:55562 - "WebSocket /api/v1/pos/iot/ws/iot?token=test-token-123" [accepted]
INFO:     connection open
ERROR:pos_core.iot.websocket_handler:❌ Error crítico en sesión IoT 1: (sqlalchemy.dialects.postgresql.asyncpg.Error) <class 'asyncpg.exceptions.DataError'>: invalid input for query argument $1: datetime.datetime(2026, 5, 19, 14, 27, 3... (can't subtract offset-naive and offset-aware datetimes)
[SQL: UPDATE iotdevice SET last_seen=$1::TIMESTAMP WITHOUT TIME ZONE WHERE iotdevice.id = $2::INTEGER]
[parameters: (datetime.datetime(2026, 5, 19, 14, 27, 31, 515057, tzinfo=datetime.timezone.utc), 1)]
(Background on this error at: https://sqlalche.me/e/20/dbapi)
INFO:     connection closed
INFO:     127.0.0.1:55572 - "WebSocket /api/v1/pos/iot/ws/iot?token=test-token-123" [accepted]
INFO:     connection open
ERROR:pos_core.iot.websocket_handler:❌ Error crítico en sesión IoT 1: (sqlalchemy.dialects.postgresql.asyncpg.Error) <class 'asyncpg.exceptions.DataError'>: invalid input for query argument $1: datetime.datetime(2026, 5, 19, 14, 27, 3... (can't subtract offset-naive and offset-aware datetimes)
[SQL: UPDATE iotdevice SET last_seen=$1::TIMESTAMP WITHOUT TIME ZONE WHERE iotdevice.id = $2::INTEGER]
[parameters: (datetime.datetime(2026, 5, 19, 14, 27, 31, 521524, tzinfo=datetime.timezone.utc), 1)]
(Background on this error at: https://sqlalche.me/e/20/dbapi)
INFO:     connection closed
INFO:     127.0.0.1:55576 - "WebSocket /api/v1/pos/iot/ws/iot?token=test-token-123" [accepted]
INFO:     connection open
ERROR:pos_core.iot.websocket_handler:❌ Error crítico en sesión IoT 1: (sqlalchemy.dialects.postgresql.asyncpg.Error) <class 'asyncpg.exceptions.DataError'>: invalid input for query argument $1: datetime.datetime(2026, 5, 19, 14, 27, 3... (can't subtract offset-naive and offset-aware datetimes)
[SQL: UPDATE iotdevice SET last_seen=$1::TIMESTAMP WITHOUT TIME ZONE WHERE iotdevice.id = $2::INTEGER]
[parameters: (datetime.datetime(2026, 5, 19, 14, 27, 31, 527004, tzinfo=datetime.timezone.utc), 1)]
(Background on this error at: https://sqlalche.me/e/20/dbapi)
INFO:     connection closed
INFO:     127.0.0.1:55586 - "WebSocket /api/v1/pos/iot/ws/iot?token=test-token-123" [accepted]
INFO:     connection open
ERROR:pos_core.iot.websocket_handler:❌ Error crítico en sesión IoT 1: (sqlalchemy.dialects.postgresql.asyncpg.Error) <class 'asyncpg.exceptions.DataError'>: invalid input for query argument $1: datetime.datetime(2026, 5, 19, 14, 27, 3... (can't subtract offset-naive and offset-aware datetimes)
[SQL: UPDATE iotdevice SET last_seen=$1::TIMESTAMP WITHOUT TIME ZONE WHERE iotdevice.id = $2::INTEGER]
[parameters: (datetime.datetime(2026, 5, 19, 14, 27, 31, 532215, tzinfo=datetime.timezone.utc), 1)]
(Background on this error at: https://sqlalche.me/e/20/dbapi)
INFO:     connection closed
INFO:     127.0.0.1:55598 - "WebSocket /api/v1/pos/iot/ws/iot?token=test-token-123" [accepted]
INFO:     connection open
ERROR:pos_core.iot.websocket_handler:❌ Error crítico en sesión IoT 1: (sqlalchemy.dialects.postgresql.asyncpg.Error) <class 'asyncpg.exceptions.DataError'>: invalid input for query argument $1: datetime.datetime(2026, 5, 19, 14, 27, 3... (can't subtract offset-naive and offset-aware datetimes)
[SQL: UPDATE iotdevice SET last_seen=$1::TIMESTAMP WITHOUT TIME ZONE WHERE iotdevice.id = $2::INTEGER]
[parameters: (datetime.datetime(2026, 5, 19, 14, 27, 31, 538079, tzinfo=datetime.timezone.utc), 1)]
(Background on this error at: https://sqlalche.me/e/20/dbapi)
INFO:     connection closed
INFO:     127.0.0.1:55612 - "WebSocket /api/v1/pos/iot/ws/iot?token=test-token-123" [accepted]
INFO:     connection open
ERROR:pos_core.iot.websocket_handler:❌ Error crítico en sesión IoT 1: (sqlalchemy.dialects.postgresql.asyncpg.Error) <class 'asyncpg.exceptions.DataError'>: invalid input for query argument $1: datetime.datetime(2026, 5, 19, 14, 27, 3... (can't subtract offset-naive and offset-aware datetimes)
[SQL: UPDATE iotdevice SET last_seen=$1::TIMESTAMP WITHOUT TIME ZONE WHERE iotdevice.id = $2::INTEGER]
[parameters: (datetime.datetime(2026, 5, 19, 14, 27, 31, 543871, tzinfo=datetime.timezone.utc), 1)]
(Background on this error at: https://sqlalche.me/e/20/dbapi)
INFO:     connection closed
INFO:     127.0.0.1:55614 - "WebSocket /api/v1/pos/iot/ws/iot?token=test-token-123" [accepted]
INFO:     connection open
ERROR:pos_core.iot.websocket_handler:❌ Error crítico en sesión IoT 1: (sqlalchemy.dialects.postgresql.asyncpg.Error) <class 'asyncpg.exceptions.DataError'>: invalid input for query argument $1: datetime.datetime(2026, 5, 19, 14, 27, 3... (can't subtract offset-naive and offset-aware datetimes)
[SQL: UPDATE iotdevice SET last_seen=$1::TIMESTAMP WITHOUT TIME ZONE WHERE iotdevice.id = $2::INTEGER]
[parameters: (datetime.datetime(2026, 5, 19, 14, 27, 31, 549479, tzinfo=datetime.timezone.utc), 1)]
(Background on this error at: https://sqlalche.me/e/20/dbapi)
INFO:     connection closed
INFO:     127.0.0.1:55616 - "WebSocket /api/v1/pos/iot/ws/iot?token=test-token-123" [accepted]
INFO:     connection open
ERROR:pos_core.iot.websocket_handler:❌ Error crítico en sesión IoT 1: (sqlalchemy.dialects.postgresql.asyncpg.Error) <class 'asyncpg.exceptions.DataError'>: invalid input for query argument $1: datetime.datetime(2026, 5, 19, 14, 27, 3... (can't subtract offset-naive and offset-aware datetimes)
[SQL: UPDATE iotdevice SET last_seen=$1::TIMESTAMP WITHOUT TIME ZONE WHERE iotdevice.id = $2::INTEGER]
[parameters: (datetime.datetime(2026, 5, 19, 14, 27, 31, 555441, tzinfo=datetime.timezone.utc), 1)]
(Background on this error at: https://sqlalche.me/e/20/dbapi)
INFO:     connection closed
INFO:     127.0.0.1:55630 - "WebSocket /api/v1/pos/iot/ws/iot?token=test-token-123" [accepted]
INFO:     connection open
ERROR:pos_core.iot.websocket_handler:❌ Error crítico en sesión IoT 1: (sqlalchemy.dialects.postgresql.asyncpg.Error) <class 'asyncpg.exceptions.DataError'>: invalid input for query argument $1: datetime.datetime(2026, 5, 19, 14, 27, 3... (can't subtract offset-naive and offset-aware datetimes)
[SQL: UPDATE iotdevice SET last_seen=$1::TIMESTAMP WITHOUT TIME ZONE WHERE iotdevice.id = $2::INTEGER]
[parameters: (datetime.datetime(2026, 5, 19, 14, 27, 31, 560410, tzinfo=datetime.timezone.utc), 1)]
(Background on this error at: https://sqlalche.me/e/20/dbapi)
INFO:     connection closed
INFO:     127.0.0.1:55632 - "WebSocket /api/v1/pos/iot/ws/iot?token=test-token-123" [accepted]
INFO:     connection open
ERROR:pos_core.iot.websocket_handler:❌ Error crítico en sesión IoT 1: (sqlalchemy.dialects.postgresql.asyncpg.Error) <class 'asyncpg.exceptions.DataError'>: invalid input for query argument $1: datetime.datetime(2026, 5, 19, 14, 27, 3... (can't subtract offset-naive and offset-aware datetimes)
[SQL: UPDATE iotdevice SET last_seen=$1::TIMESTAMP WITHOUT TIME ZONE WHERE iotdevice.id = $2::INTEGER]
[parameters: (datetime.datetime(2026, 5, 19, 14, 27, 31, 567566, tzinfo=datetime.timezone.utc), 1)]
(Background on this error at: https://sqlalche.me/e/20/dbapi)
INFO:     connection closed
INFO:     127.0.0.1:55644 - "WebSocket /api/v1/pos/iot/ws/iot?token=test-token-123" [accepted]
INFO:     connection open
ERROR:pos_core.iot.websocket_handler:❌ Error crítico en sesión IoT 1: (sqlalchemy.dialects.postgresql.asyncpg.Error) <class 'asyncpg.exceptions.DataError'>: invalid input for query argument $1: datetime.datetime(2026, 5, 19, 14, 27, 3... (can't subtract offset-naive and offset-aware datetimes)
[SQL: UPDATE iotdevice SET last_seen=$1::TIMESTAMP WITHOUT TIME ZONE WHERE iotdevice.id = $2::INTEGER]
[parameters: (datetime.datetime(2026, 5, 19, 14, 27, 31, 572709, tzinfo=datetime.timezone.utc), 1)]
(Background on this error at: https://sqlalche.me/e/20/dbapi)
INFO:     connection closed
INFO:     127.0.0.1:55654 - "WebSocket /api/v1/pos/iot/ws/iot?token=test-token-123" [accepted]
INFO:     connection open
ERROR:pos_core.iot.websocket_handler:❌ Error crítico en sesión IoT 1: (sqlalchemy.dialects.postgresql.asyncpg.Error) <class 'asyncpg.exceptions.DataError'>: invalid input for query argument $1: datetime.datetime(2026, 5, 19, 14, 27, 3... (can't subtract offset-naive and offset-aware datetimes)
[SQL: UPDATE iotdevice SET last_seen=$1::TIMESTAMP WITHOUT TIME ZONE WHERE iotdevice.id = $2::INTEGER]
[parameters: (datetime.datetime(2026, 5, 19, 14, 27, 31, 577621, tzinfo=datetime.timezone.utc), 1)]
(Background on this error at: https://sqlalche.me/e/20/dbapi)
INFO:     connection closed
INFO:     127.0.0.1:55660 - "WebSocket /api/v1/pos/iot/ws/iot?token=test-token-123" [accepted]
INFO:     connection open
ERROR:pos_core.iot.websocket_handler:❌ Error crítico en sesión IoT 1: (sqlalchemy.dialects.postgresql.asyncpg.Error) <class 'asyncpg.exceptions.DataError'>: invalid input for query argument $1: datetime.datetime(2026, 5, 19, 14, 27, 3... (can't subtract offset-naive and offset-aware datetimes)
[SQL: UPDATE iotdevice SET last_seen=$1::TIMESTAMP WITHOUT TIME ZONE WHERE iotdevice.id = $2::INTEGER]
[parameters: (datetime.datetime(2026, 5, 19, 14, 27, 31, 583432, tzinfo=datetime.timezone.utc), 1)]
(Background on this error at: https://sqlalche.me/e/20/dbapi)
INFO:     connection closed
INFO:     127.0.0.1:55676 - "WebSocket /api/v1/pos/iot/ws/iot?token=test-token-123" [accepted]
INFO:     connection open
ERROR:pos_core.iot.websocket_handler:❌ Error crítico en sesión IoT 1: (sqlalchemy.dialects.postgresql.asyncpg.Error) <class 'asyncpg.exceptions.DataError'>: invalid input for query argument $1: datetime.datetime(2026, 5, 19, 14, 27, 3... (can't subtract offset-naive and offset-aware datetimes)
[SQL: UPDATE iotdevice SET last_seen=$1::TIMESTAMP WITHOUT TIME ZONE WHERE iotdevice.id = $2::INTEGER]
[parameters: (datetime.datetime(2026, 5, 19, 14, 27, 31, 588570, tzinfo=datetime.timezone.utc), 1)]
(Background on this error at: https://sqlalche.me/e/20/dbapi)
INFO:     connection closed
INFO:     127.0.0.1:55682 - "WebSocket /api/v1/pos/iot/ws/iot?token=test-token-123" [accepted]
INFO:     connection open
ERROR:pos_core.iot.websocket_handler:❌ Error crítico en sesión IoT 1: (sqlalchemy.dialects.postgresql.asyncpg.Error) <class 'asyncpg.exceptions.DataError'>: invalid input for query argument $1: datetime.datetime(2026, 5, 19, 14, 27, 3... (can't subtract offset-naive and offset-aware datetimes)
[SQL: UPDATE iotdevice SET last_seen=$1::TIMESTAMP WITHOUT TIME ZONE WHERE iotdevice.id = $2::INTEGER]
[parameters: (datetime.datetime(2026, 5, 19, 14, 27, 31, 593513, tzinfo=datetime.timezone.utc), 1)]
(Background on this error at: https://sqlalche.me/e/20/dbapi)
INFO:     connection closed
INFO:     127.0.0.1:55692 - "WebSocket /api/v1/pos/iot/ws/iot?token=test-token-123" [accepted]
INFO:     connection open
ERROR:pos_core.iot.websocket_handler:❌ Error crítico en sesión IoT 1: (sqlalchemy.dialects.postgresql.asyncpg.Error) <class 'asyncpg.exceptions.DataError'>: invalid input for query argument $1: datetime.datetime(2026, 5, 19, 14, 27, 3... (can't subtract offset-naive and offset-aware datetimes)
[SQL: UPDATE iotdevice SET last_seen=$1::TIMESTAMP WITHOUT TIME ZONE WHERE iotdevice.id = $2::INTEGER]
[parameters: (datetime.datetime(2026, 5, 19, 14, 27, 31, 598788, tzinfo=datetime.timezone.utc), 1)]
(Background on this error at: https://sqlalche.me/e/20/dbapi)
INFO:     connection closed
INFO:     127.0.0.1:55694 - "WebSocket /api/v1/pos/iot/ws/iot?token=test-token-123" [accepted]
INFO:     connection open
ERROR:pos_core.iot.websocket_handler:❌ Error crítico en sesión IoT 1: (sqlalchemy.dialects.postgresql.asyncpg.Error) <class 'asyncpg.exceptions.DataError'>: invalid input for query argument $1: datetime.datetime(2026, 5, 19, 14, 27, 3... (can't subtract offset-naive and offset-aware datetimes)
[SQL: UPDATE iotdevice SET last_seen=$1::TIMESTAMP WITHOUT TIME ZONE WHERE iotdevice.id = $2::INTEGER]
[parameters: (datetime.datetime(2026, 5, 19, 14, 27, 31, 604117, tzinfo=datetime.timezone.utc), 1)]
(Background on this error at: https://sqlalche.me/e/20/dbapi)
INFO:     connection closed
INFO:     127.0.0.1:55696 - "WebSocket /api/v1/pos/iot/ws/iot?token=test-token-123" [accepted]
INFO:     connection open
ERROR:pos_core.iot.websocket_handler:❌ Error crítico en sesión IoT 1: (sqlalchemy.dialects.postgresql.asyncpg.Error) <class 'asyncpg.exceptions.DataError'>: invalid input for query argument $1: datetime.datetime(2026, 5, 19, 14, 27, 3... (can't subtract offset-naive and offset-aware datetimes)
[SQL: UPDATE iotdevice SET last_seen=$1::TIMESTAMP WITHOUT TIME ZONE WHERE iotdevice.id = $2::INTEGER]
[parameters: (datetime.datetime(2026, 5, 19, 14, 27, 31, 610098, tzinfo=datetime.timezone.utc), 1)]
(Background on this error at: https://sqlalche.me/e/20/dbapi)
INFO:     connection closed
INFO:     127.0.0.1:55702 - "WebSocket /api/v1/pos/iot/ws/iot?token=test-token-123" [accepted]
INFO:     connection open
ERROR:pos_core.iot.websocket_handler:❌ Error crítico en sesión IoT 1: (sqlalchemy.dialects.postgresql.asyncpg.Error) <class 'asyncpg.exceptions.DataError'>: invalid input for query argument $1: datetime.datetime(2026, 5, 19, 14, 27, 3... (can't subtract offset-naive and offset-aware datetimes)
[SQL: UPDATE iotdevice SET last_seen=$1::TIMESTAMP WITHOUT TIME ZONE WHERE iotdevice.id = $2::INTEGER]
[parameters: (datetime.datetime(2026, 5, 19, 14, 27, 31, 616187, tzinfo=datetime.timezone.utc), 1)]
(Background on this error at: https://sqlalche.me/e/20/dbapi)
INFO:     connection closed
INFO:     127.0.0.1:55716 - "WebSocket /api/v1/pos/iot/ws/iot?token=test-token-123" [accepted]
INFO:     connection open
ERROR:pos_core.iot.websocket_handler:❌ Error crítico en sesión IoT 1: (sqlalchemy.dialects.postgresql.asyncpg.Error) <class 'asyncpg.exceptions.DataError'>: invalid input for query argument $1: datetime.datetime(2026, 5, 19, 14, 27, 3... (can't subtract offset-naive and offset-aware datetimes)
[SQL: UPDATE iotdevice SET last_seen=$1::TIMESTAMP WITHOUT TIME ZONE WHERE iotdevice.id = $2::INTEGER]
[parameters: (datetime.datetime(2026, 5, 19, 14, 27, 31, 622658, tzinfo=datetime.timezone.utc), 1)]
(Background on this error at: https://sqlalche.me/e/20/dbapi)
INFO:     connection closed
INFO:     127.0.0.1:55726 - "WebSocket /api/v1/pos/iot/ws/iot?token=test-token-123" [accepted]
INFO:     connection open
ERROR:pos_core.iot.websocket_handler:❌ Error crítico en sesión IoT 1: (sqlalchemy.dialects.postgresql.asyncpg.Error) <class 'asyncpg.exceptions.DataError'>: invalid input for query argument $1: datetime.datetime(2026, 5, 19, 14, 27, 3... (can't subtract offset-naive and offset-aware datetimes)
[SQL: UPDATE iotdevice SET last_seen=$1::TIMESTAMP WITHOUT TIME ZONE WHERE iotdevice.id = $2::INTEGER]
[parameters: (datetime.datetime(2026, 5, 19, 14, 27, 31, 628154, tzinfo=datetime.timezone.utc), 1)]
(Background on this error at: https://sqlalche.me/e/20/dbapi)
INFO:     connection closed
INFO:     127.0.0.1:55734 - "WebSocket /api/v1/pos/iot/ws/iot?token=test-token-123" [accepted]
INFO:     connection open
ERROR:pos_core.iot.websocket_handler:❌ Error crítico en sesión IoT 1: (sqlalchemy.dialects.postgresql.asyncpg.Error) <class 'asyncpg.exceptions.DataError'>: invalid input for query argument $1: datetime.datetime(2026, 5, 19, 14, 27, 3... (can't subtract offset-naive and offset-aware datetimes)
[SQL: UPDATE iotdevice SET last_seen=$1::TIMESTAMP WITHOUT TIME ZONE WHERE iotdevice.id = $2::INTEGER]
[parameters: (datetime.datetime(2026, 5, 19, 14, 27, 31, 633765, tzinfo=datetime.timezone.utc), 1)]
(Background on this error at: https://sqlalche.me/e/20/dbapi)
INFO:     connection closed
INFO:     127.0.0.1:55748 - "WebSocket /api/v1/pos/iot/ws/iot?token=test-token-123" [accepted]
INFO:     connection open
ERROR:pos_core.iot.websocket_handler:❌ Error crítico en sesión IoT 1: (sqlalchemy.dialects.postgresql.asyncpg.Error) <class 'asyncpg.exceptions.DataError'>: invalid input for query argument $1: datetime.datetime(2026, 5, 19, 14, 27, 3... (can't subtract offset-naive and offset-aware datetimes)
[SQL: UPDATE iotdevice SET last_seen=$1::TIMESTAMP WITHOUT TIME ZONE WHERE iotdevice.id = $2::INTEGER]
[parameters: (datetime.datetime(2026, 5, 19, 14, 27, 31, 639516, tzinfo=datetime.timezone.utc), 1)]
(Background on this error at: https://sqlalche.me/e/20/dbapi)
INFO:     connection closed
INFO:     127.0.0.1:55762 - "WebSocket /api/v1/pos/iot/ws/iot?token=test-token-123" [accepted]
INFO:     connection open
ERROR:pos_core.iot.websocket_handler:❌ Error crítico en sesión IoT 1: (sqlalchemy.dialects.postgresql.asyncpg.Error) <class 'asyncpg.exceptions.DataError'>: invalid input for query argument $1: datetime.datetime(2026, 5, 19, 14, 27, 3... (can't subtract offset-naive and offset-aware datetimes)
[SQL: UPDATE iotdevice SET last_seen=$1::TIMESTAMP WITHOUT TIME ZONE WHERE iotdevice.id = $2::INTEGER]
[parameters: (datetime.datetime(2026, 5, 19, 14, 27, 31, 645692, tzinfo=datetime.timezone.utc), 1)]
(Background on this error at: https://sqlalche.me/e/20/dbapi)
INFO:     connection closed
INFO:     127.0.0.1:55774 - "WebSocket /api/v1/pos/iot/ws/iot?token=test-token-123" [accepted]
INFO:     connection open
ERROR:pos_core.iot.websocket_handler:❌ Error crítico en sesión IoT 1: (sqlalchemy.dialects.postgresql.asyncpg.Error) <class 'asyncpg.exceptions.DataError'>: invalid input for query argument $1: datetime.datetime(2026, 5, 19, 14, 27, 3... (can't subtract offset-naive and offset-aware datetimes)
[SQL: UPDATE iotdevice SET last_seen=$1::TIMESTAMP WITHOUT TIME ZONE WHERE iotdevice.id = $2::INTEGER]
[parameters: (datetime.datetime(2026, 5, 19, 14, 27, 31, 652141, tzinfo=datetime.timezone.utc), 1)]
(Background on this error at: https://sqlalche.me/e/20/dbapi)
INFO:     connection closed
INFO:     127.0.0.1:55788 - "WebSocket /api/v1/pos/iot/ws/iot?token=test-token-123" [accepted]
INFO:     connection open
ERROR:pos_core.iot.websocket_handler:❌ Error crítico en sesión IoT 1: (sqlalchemy.dialects.postgresql.asyncpg.Error) <class 'asyncpg.exceptions.DataError'>: invalid input for query argument $1: datetime.datetime(2026, 5, 19, 14, 27, 3... (can't subtract offset-naive and offset-aware datetimes)
[SQL: UPDATE iotdevice SET last_seen=$1::TIMESTAMP WITHOUT TIME ZONE WHERE iotdevice.id = $2::INTEGER]
[parameters: (datetime.datetime(2026, 5, 19, 14, 27, 31, 658826, tzinfo=datetime.timezone.utc), 1)]
(Background on this error at: https://sqlalche.me/e/20/dbapi)
INFO:     connection closed
INFO:     127.0.0.1:55800 - "WebSocket /api/v1/pos/iot/ws/iot?token=test-token-123" [accepted]
INFO:     connection open
ERROR:pos_core.iot.websocket_handler:❌ Error crítico en sesión IoT 1: (sqlalchemy.dialects.postgresql.asyncpg.Error) <class 'asyncpg.exceptions.DataError'>: invalid input for query argument $1: datetime.datetime(2026, 5, 19, 14, 27, 3... (can't subtract offset-naive and offset-aware datetimes)
[SQL: UPDATE iotdevice SET last_seen=$1::TIMESTAMP WITHOUT TIME ZONE WHERE iotdevice.id = $2::INTEGER]
[parameters: (datetime.datetime(2026, 5, 19, 14, 27, 31, 665663, tzinfo=datetime.timezone.utc), 1)]
(Background on this error at: https://sqlalche.me/e/20/dbapi)
INFO:     connection closed
INFO:     127.0.0.1:55802 - "WebSocket /api/v1/pos/iot/ws/iot?token=test-token-123" [accepted]
INFO:     connection open
ERROR:pos_core.iot.websocket_handler:❌ Error crítico en sesión IoT 1: (sqlalchemy.dialects.postgresql.asyncpg.Error) <class 'asyncpg.exceptions.DataError'>: invalid input for query argument $1: datetime.datetime(2026, 5, 19, 14, 27, 3... (can't subtract offset-naive and offset-aware datetimes)
[SQL: UPDATE iotdevice SET last_seen=$1::TIMESTAMP WITHOUT TIME ZONE WHERE iotdevice.id = $2::INTEGER]
[parameters: (datetime.datetime(2026, 5, 19, 14, 27, 31, 671515, tzinfo=datetime.timezone.utc), 1)]
(Background on this error at: https://sqlalche.me/e/20/dbapi)
INFO:     connection closed
INFO:     127.0.0.1:55808 - "WebSocket /api/v1/pos/iot/ws/iot?token=test-token-123" [accepted]
INFO:     connection open
ERROR:pos_core.iot.websocket_handler:❌ Error crítico en sesión IoT 1: (sqlalchemy.dialects.postgresql.asyncpg.Error) <class 'asyncpg.exceptions.DataError'>: invalid input for query argument $1: datetime.datetime(2026, 5, 19, 14, 27, 3... (can't subtract offset-naive and offset-aware datetimes)
[SQL: UPDATE iotdevice SET last_seen=$1::TIMESTAMP WITHOUT TIME ZONE WHERE iotdevice.id = $2::INTEGER]
[parameters: (datetime.datetime(2026, 5, 19, 14, 27, 31, 679845, tzinfo=datetime.timezone.utc), 1)]
(Background on this error at: https://sqlalche.me/e/20/dbapi)
INFO:     connection closed
INFO:     127.0.0.1:55810 - "WebSocket /api/v1/pos/iot/ws/iot?token=test-token-123" [accepted]
INFO:     connection open
ERROR:pos_core.iot.websocket_handler:❌ Error crítico en sesión IoT 1: (sqlalchemy.dialects.postgresql.asyncpg.Error) <class 'asyncpg.exceptions.DataError'>: invalid input for query argument $1: datetime.datetime(2026, 5, 19, 14, 27, 3... (can't subtract offset-naive and offset-aware datetimes)
[SQL: UPDATE iotdevice SET last_seen=$1::TIMESTAMP WITHOUT TIME ZONE WHERE iotdevice.id = $2::INTEGER]
[parameters: (datetime.datetime(2026, 5, 19, 14, 27, 31, 687531, tzinfo=datetime.timezone.utc), 1)]
(Background on this error at: https://sqlalche.me/e/20/dbapi)
INFO:     connection closed
INFO:     127.0.0.1:55824 - "WebSocket /api/v1/pos/iot/ws/iot?token=test-token-123" [accepted]
INFO:     connection open
ERROR:pos_core.iot.websocket_handler:❌ Error crítico en sesión IoT 1: (sqlalchemy.dialects.postgresql.asyncpg.Error) <class 'asyncpg.exceptions.DataError'>: invalid input for query argument $1: datetime.datetime(2026, 5, 19, 14, 27, 3... (can't subtract offset-naive and offset-aware datetimes)
[SQL: UPDATE iotdevice SET last_seen=$1::TIMESTAMP WITHOUT TIME ZONE WHERE iotdevice.id = $2::INTEGER]
[parameters: (datetime.datetime(2026, 5, 19, 14, 27, 31, 694177, tzinfo=datetime.timezone.utc), 1)]
(Background on this error at: https://sqlalche.me/e/20/dbapi)
INFO:     connection closed
INFO:     127.0.0.1:55828 - "WebSocket /api/v1/pos/iot/ws/iot?token=test-token-123" [accepted]
INFO:     connection open
ERROR:pos_core.iot.websocket_handler:❌ Error crítico en sesión IoT 1: (sqlalchemy.dialects.postgresql.asyncpg.Error) <class 'asyncpg.exceptions.DataError'>: invalid input for query argument $1: datetime.datetime(2026, 5, 19, 14, 27, 3... (can't subtract offset-naive and offset-aware datetimes)
[SQL: UPDATE iotdevice SET last_seen=$1::TIMESTAMP WITHOUT TIME ZONE WHERE iotdevice.id = $2::INTEGER]
[parameters: (datetime.datetime(2026, 5, 19, 14, 27, 31, 701239, tzinfo=datetime.timezone.utc), 1)]
(Background on this error at: https://sqlalche.me/e/20/dbapi)
INFO:     connection closed
INFO:     127.0.0.1:55842 - "WebSocket /api/v1/pos/iot/ws/iot?token=test-token-123" [accepted]
INFO:     connection open
ERROR:pos_core.iot.websocket_handler:❌ Error crítico en sesión IoT 1: (sqlalchemy.dialects.postgresql.asyncpg.Error) <class 'asyncpg.exceptions.DataError'>: invalid input for query argument $1: datetime.datetime(2026, 5, 19, 14, 27, 3... (can't subtract offset-naive and offset-aware datetimes)
[SQL: UPDATE iotdevice SET last_seen=$1::TIMESTAMP WITHOUT TIME ZONE WHERE iotdevice.id = $2::INTEGER]
[parameters: (datetime.datetime(2026, 5, 19, 14, 27, 31, 707979, tzinfo=datetime.timezone.utc), 1)]
(Background on this error at: https://sqlalche.me/e/20/dbapi)
INFO:     connection closed
INFO:     127.0.0.1:55858 - "WebSocket /api/v1/pos/iot/ws/iot?token=test-token-123" [accepted]
INFO:     connection open
ERROR:pos_core.iot.websocket_handler:❌ Error crítico en sesión IoT 1: (sqlalchemy.dialects.postgresql.asyncpg.Error) <class 'asyncpg.exceptions.DataError'>: invalid input for query argument $1: datetime.datetime(2026, 5, 19, 14, 27, 3... (can't subtract offset-naive and offset-aware datetimes)
[SQL: UPDATE iotdevice SET last_seen=$1::TIMESTAMP WITHOUT TIME ZONE WHERE iotdevice.id = $2::INTEGER]
[parameters: (datetime.datetime(2026, 5, 19, 14, 27, 31, 715191, tzinfo=datetime.timezone.utc), 1)]
(Background on this error at: https://sqlalche.me/e/20/dbapi)
INFO:     connection closed
INFO:     127.0.0.1:55868 - "WebSocket /api/v1/pos/iot/ws/iot?token=test-token-123" [accepted]
INFO:     connection open
ERROR:pos_core.iot.websocket_handler:❌ Error crítico en sesión IoT 1: (sqlalchemy.dialects.postgresql.asyncpg.Error) <class 'asyncpg.exceptions.DataError'>: invalid input for query argument $1: datetime.datetime(2026, 5, 19, 14, 27, 3... (can't subtract offset-naive and offset-aware datetimes)
[SQL: UPDATE iotdevice SET last_seen=$1::TIMESTAMP WITHOUT TIME ZONE WHERE iotdevice.id = $2::INTEGER]
[parameters: (datetime.datetime(2026, 5, 19, 14, 27, 31, 722088, tzinfo=datetime.timezone.utc), 1)]
(Background on this error at: https://sqlalche.me/e/20/dbapi)
INFO:     connection closed
INFO:     127.0.0.1:55884 - "WebSocket /api/v1/pos/iot/ws/iot?token=test-token-123" [accepted]
INFO:     connection open
ERROR:pos_core.iot.websocket_handler:❌ Error crítico en sesión IoT 1: (sqlalchemy.dialects.postgresql.asyncpg.Error) <class 'asyncpg.exceptions.DataError'>: invalid input for query argument $1: datetime.datetime(2026, 5, 19, 14, 27, 3... (can't subtract offset-naive and offset-aware datetimes)
[SQL: UPDATE iotdevice SET last_seen=$1::TIMESTAMP WITHOUT TIME ZONE WHERE iotdevice.id = $2::INTEGER]
[parameters: (datetime.datetime(2026, 5, 19, 14, 27, 31, 727748, tzinfo=datetime.timezone.utc), 1)]
(Background on this error at: https://sqlalche.me/e/20/dbapi)
INFO:     connection closed
INFO:     127.0.0.1:55892 - "WebSocket /api/v1/pos/iot/ws/iot?token=test-token-123" [accepted]
INFO:     connection open
ERROR:pos_core.iot.websocket_handler:❌ Error crítico en sesión IoT 1: (sqlalchemy.dialects.postgresql.asyncpg.Error) <class 'asyncpg.exceptions.DataError'>: invalid input for query argument $1: datetime.datetime(2026, 5, 19, 14, 27, 3... (can't subtract offset-naive and offset-aware datetimes)
[SQL: UPDATE iotdevice SET last_seen=$1::TIMESTAMP WITHOUT TIME ZONE WHERE iotdevice.id = $2::INTEGER]
[parameters: (datetime.datetime(2026, 5, 19, 14, 27, 31, 733597, tzinfo=datetime.timezone.utc), 1)]
(Background on this error at: https://sqlalche.me/e/20/dbapi)
INFO:     connection closed
INFO:     127.0.0.1:55906 - "WebSocket /api/v1/pos/iot/ws/iot?token=test-token-123" [accepted]
INFO:     connection open
ERROR:pos_core.iot.websocket_handler:❌ Error crítico en sesión IoT 1: (sqlalchemy.dialects.postgresql.asyncpg.Error) <class 'asyncpg.exceptions.DataError'>: invalid input for query argument $1: datetime.datetime(2026, 5, 19, 14, 27, 3... (can't subtract offset-naive and offset-aware datetimes)
[SQL: UPDATE iotdevice SET last_seen=$1::TIMESTAMP WITHOUT TIME ZONE WHERE iotdevice.id = $2::INTEGER]
[parameters: (datetime.datetime(2026, 5, 19, 14, 27, 31, 740149, tzinfo=datetime.timezone.utc), 1)]
(Background on this error at: https://sqlalche.me/e/20/dbapi)
INFO:     connection closed
INFO:     127.0.0.1:55918 - "WebSocket /api/v1/pos/iot/ws/iot?token=test-token-123" [accepted]
INFO:     connection open
ERROR:pos_core.iot.websocket_handler:❌ Error crítico en sesión IoT 1: (sqlalchemy.dialects.postgresql.asyncpg.Error) <class 'asyncpg.exceptions.DataError'>: invalid input for query argument $1: datetime.datetime(2026, 5, 19, 14, 27, 3... (can't subtract offset-naive and offset-aware datetimes)
[SQL: UPDATE iotdevice SET last_seen=$1::TIMESTAMP WITHOUT TIME ZONE WHERE iotdevice.id = $2::INTEGER]
[parameters: (datetime.datetime(2026, 5, 19, 14, 27, 31, 746734, tzinfo=datetime.timezone.utc), 1)]
(Background on this error at: https://sqlalche.me/e/20/dbapi)
INFO:     connection closed
INFO:     127.0.0.1:55926 - "WebSocket /api/v1/pos/iot/ws/iot?token=test-token-123" [accepted]
INFO:     connection open
ERROR:pos_core.iot.websocket_handler:❌ Error crítico en sesión IoT 1: (sqlalchemy.dialects.postgresql.asyncpg.Error) <class 'asyncpg.exceptions.DataError'>: invalid input for query argument $1: datetime.datetime(2026, 5, 19, 14, 27, 3... (can't subtract offset-naive and offset-aware datetimes)
[SQL: UPDATE iotdevice SET last_seen=$1::TIMESTAMP WITHOUT TIME ZONE WHERE iotdevice.id = $2::INTEGER]
[parameters: (datetime.datetime(2026, 5, 19, 14, 27, 31, 752580, tzinfo=datetime.timezone.utc), 1)]
(Background on this error at: https://sqlalche.me/e/20/dbapi)
INFO:     connection closed
INFO:     127.0.0.1:55928 - "WebSocket /api/v1/pos/iot/ws/iot?token=test-token-123" [accepted]
INFO:     connection open
ERROR:pos_core.iot.websocket_handler:❌ Error crítico en sesión IoT 1: (sqlalchemy.dialects.postgresql.asyncpg.Error) <class 'asyncpg.exceptions.DataError'>: invalid input for query argument $1: datetime.datetime(2026, 5, 19, 14, 27, 3... (can't subtract offset-naive and offset-aware datetimes)
[SQL: UPDATE iotdevice SET last_seen=$1::TIMESTAMP WITHOUT TIME ZONE WHERE iotdevice.id = $2::INTEGER]
[parameters: (datetime.datetime(2026, 5, 19, 14, 27, 31, 758320, tzinfo=datetime.timezone.utc), 1)]
(Background on this error at: https://sqlalche.me/e/20/dbapi)
INFO:     connection closed
INFO:     127.0.0.1:55932 - "WebSocket /api/v1/pos/iot/ws/iot?token=test-token-123" [accepted]
INFO:     connection open
ERROR:pos_core.iot.websocket_handler:❌ Error crítico en sesión IoT 1: (sqlalchemy.dialects.postgresql.asyncpg.Error) <class 'asyncpg.exceptions.DataError'>: invalid input for query argument $1: datetime.datetime(2026, 5, 19, 14, 27, 3... (can't subtract offset-naive and offset-aware datetimes)
[SQL: UPDATE iotdevice SET last_seen=$1::TIMESTAMP WITHOUT TIME ZONE WHERE iotdevice.id = $2::INTEGER]
[parameters: (datetime.datetime(2026, 5, 19, 14, 27, 31, 764728, tzinfo=datetime.timezone.utc), 1)]
(Background on this error at: https://sqlalche.me/e/20/dbapi)
INFO:     connection closed
INFO:     127.0.0.1:55936 - "WebSocket /api/v1/pos/iot/ws/iot?token=test-token-123" [accepted]
INFO:     connection open
ERROR:pos_core.iot.websocket_handler:❌ Error crítico en sesión IoT 1: (sqlalchemy.dialects.postgresql.asyncpg.Error) <class 'asyncpg.exceptions.DataError'>: invalid input for query argument $1: datetime.datetime(2026, 5, 19, 14, 27, 3... (can't subtract offset-naive and offset-aware datetimes)
[SQL: UPDATE iotdevice SET last_seen=$1::TIMESTAMP WITHOUT TIME ZONE WHERE iotdevice.id = $2::INTEGER]
[parameters: (datetime.datetime(2026, 5, 19, 14, 27, 31, 770780, tzinfo=datetime.timezone.utc), 1)]
(Background on this error at: https://sqlalche.me/e/20/dbapi)
INFO:     connection closed
INFO:     127.0.0.1:55940 - "WebSocket /api/v1/pos/iot/ws/iot?token=test-token-123" [accepted]
INFO:     connection open
ERROR:pos_core.iot.websocket_handler:❌ Error crítico en sesión IoT 1: (sqlalchemy.dialects.postgresql.asyncpg.Error) <class 'asyncpg.exceptions.DataError'>: invalid input for query argument $1: datetime.datetime(2026, 5, 19, 14, 27, 3... (can't subtract offset-naive and offset-aware datetimes)
[SQL: UPDATE iotdevice SET last_seen=$1::TIMESTAMP WITHOUT TIME ZONE WHERE iotdevice.id = $2::INTEGER]
[parameters: (datetime.datetime(2026, 5, 19, 14, 27, 31, 776346, tzinfo=datetime.timezone.utc), 1)]
(Background on this error at: https://sqlalche.me/e/20/dbapi)
INFO:     connection closed
INFO:     127.0.0.1:55952 - "WebSocket /api/v1/pos/iot/ws/iot?token=test-token-123" [accepted]
INFO:     connection open
ERROR:pos_core.iot.websocket_handler:❌ Error crítico en sesión IoT 1: (sqlalchemy.dialects.postgresql.asyncpg.Error) <class 'asyncpg.exceptions.DataError'>: invalid input for query argument $1: datetime.datetime(2026, 5, 19, 14, 27, 3... (can't subtract offset-naive and offset-aware datetimes)
[SQL: UPDATE iotdevice SET last_seen=$1::TIMESTAMP WITHOUT TIME ZONE WHERE iotdevice.id = $2::INTEGER]
[parameters: (datetime.datetime(2026, 5, 19, 14, 27, 31, 782871, tzinfo=datetime.timezone.utc), 1)]
(Background on this error at: https://sqlalche.me/e/20/dbapi)
INFO:     connection closed
INFO:     127.0.0.1:55968 - "WebSocket /api/v1/pos/iot/ws/iot?token=test-token-123" [accepted]
INFO:     connection open
ERROR:pos_core.iot.websocket_handler:❌ Error crítico en sesión IoT 1: (sqlalchemy.dialects.postgresql.asyncpg.Error) <class 'asyncpg.exceptions.DataError'>: invalid input for query argument $1: datetime.datetime(2026, 5, 19, 14, 27, 3... (can't subtract offset-naive and offset-aware datetimes)
[SQL: UPDATE iotdevice SET last_seen=$1::TIMESTAMP WITHOUT TIME ZONE WHERE iotdevice.id = $2::INTEGER]
[parameters: (datetime.datetime(2026, 5, 19, 14, 27, 31, 789178, tzinfo=datetime.timezone.utc), 1)]
(Background on this error at: https://sqlalche.me/e/20/dbapi)
INFO:     connection closed
INFO:     127.0.0.1:55974 - "WebSocket /api/v1/pos/iot/ws/iot?token=test-token-123" [accepted]
INFO:     connection open
ERROR:pos_core.iot.websocket_handler:❌ Error crítico en sesión IoT 1: (sqlalchemy.dialects.postgresql.asyncpg.Error) <class 'asyncpg.exceptions.DataError'>: invalid input for query argument $1: datetime.datetime(2026, 5, 19, 14, 27, 3... (can't subtract offset-naive and offset-aware datetimes)
[SQL: UPDATE iotdevice SET last_seen=$1::TIMESTAMP WITHOUT TIME ZONE WHERE iotdevice.id = $2::INTEGER]
[parameters: (datetime.datetime(2026, 5, 19, 14, 27, 31, 795155, tzinfo=datetime.timezone.utc), 1)]
(Background on this error at: https://sqlalche.me/e/20/dbapi)
INFO:     connection closed
INFO:     127.0.0.1:55976 - "WebSocket /api/v1/pos/iot/ws/iot?token=test-token-123" [accepted]
INFO:     connection open
ERROR:pos_core.iot.websocket_handler:❌ Error crítico en sesión IoT 1: (sqlalchemy.dialects.postgresql.asyncpg.Error) <class 'asyncpg.exceptions.DataError'>: invalid input for query argument $1: datetime.datetime(2026, 5, 19, 14, 27, 3... (can't subtract offset-naive and offset-aware datetimes)
[SQL: UPDATE iotdevice SET last_seen=$1::TIMESTAMP WITHOUT TIME ZONE WHERE iotdevice.id = $2::INTEGER]
[parameters: (datetime.datetime(2026, 5, 19, 14, 27, 31, 801125, tzinfo=datetime.timezone.utc), 1)]
(Background on this error at: https://sqlalche.me/e/20/dbapi)
INFO:     connection closed
INFO:     127.0.0.1:55986 - "WebSocket /api/v1/pos/iot/ws/iot?token=test-token-123" [accepted]
INFO:     connection open
ERROR:pos_core.iot.websocket_handler:❌ Error crítico en sesión IoT 1: (sqlalchemy.dialects.postgresql.asyncpg.Error) <class 'asyncpg.exceptions.DataError'>: invalid input for query argument $1: datetime.datetime(2026, 5, 19, 14, 27, 3... (can't subtract offset-naive and offset-aware datetimes)
[SQL: UPDATE iotdevice SET last_seen=$1::TIMESTAMP WITHOUT TIME ZONE WHERE iotdevice.id = $2::INTEGER]
[parameters: (datetime.datetime(2026, 5, 19, 14, 27, 31, 807098, tzinfo=datetime.timezone.utc), 1)]
(Background on this error at: https://sqlalche.me/e/20/dbapi)
INFO:     connection closed
INFO:     127.0.0.1:55990 - "WebSocket /api/v1/pos/iot/ws/iot?token=test-token-123" [accepted]
INFO:     connection open
ERROR:pos_core.iot.websocket_handler:❌ Error crítico en sesión IoT 1: (sqlalchemy.dialects.postgresql.asyncpg.Error) <class 'asyncpg.exceptions.DataError'>: invalid input for query argument $1: datetime.datetime(2026, 5, 19, 14, 27, 3... (can't subtract offset-naive and offset-aware datetimes)
[SQL: UPDATE iotdevice SET last_seen=$1::TIMESTAMP WITHOUT TIME ZONE WHERE iotdevice.id = $2::INTEGER]
[parameters: (datetime.datetime(2026, 5, 19, 14, 27, 31, 813220, tzinfo=datetime.timezone.utc), 1)]
(Background on this error at: https://sqlalche.me/e/20/dbapi)
INFO:     connection closed
INFO:     127.0.0.1:56002 - "WebSocket /api/v1/pos/iot/ws/iot?token=test-token-123" [accepted]
INFO:     connection open
ERROR:pos_core.iot.websocket_handler:❌ Error crítico en sesión IoT 1: (sqlalchemy.dialects.postgresql.asyncpg.Error) <class 'asyncpg.exceptions.DataError'>: invalid input for query argument $1: datetime.datetime(2026, 5, 19, 14, 27, 3... (can't subtract offset-naive and offset-aware datetimes)
[SQL: UPDATE iotdevice SET last_seen=$1::TIMESTAMP WITHOUT TIME ZONE WHERE iotdevice.id = $2::INTEGER]
[parameters: (datetime.datetime(2026, 5, 19, 14, 27, 31, 819093, tzinfo=datetime.timezone.utc), 1)]
(Background on this error at: https://sqlalche.me/e/20/dbapi)
INFO:     connection closed
INFO:     127.0.0.1:56012 - "WebSocket /api/v1/pos/iot/ws/iot?token=test-token-123" [accepted]
INFO:     connection open
ERROR:pos_core.iot.websocket_handler:❌ Error crítico en sesión IoT 1: (sqlalchemy.dialects.postgresql.asyncpg.Error) <class 'asyncpg.exceptions.DataError'>: invalid input for query argument $1: datetime.datetime(2026, 5, 19, 14, 27, 3... (can't subtract offset-naive and offset-aware datetimes)
[SQL: UPDATE iotdevice SET last_seen=$1::TIMESTAMP WITHOUT TIME ZONE WHERE iotdevice.id = $2::INTEGER]
[parameters: (datetime.datetime(2026, 5, 19, 14, 27, 31, 824979, tzinfo=datetime.timezone.utc), 1)]
(Background on this error at: https://sqlalche.me/e/20/dbapi)
INFO:     connection closed
INFO:     127.0.0.1:56024 - "WebSocket /api/v1/pos/iot/ws/iot?token=test-token-123" [accepted]
INFO:     connection open
ERROR:pos_core.iot.websocket_handler:❌ Error crítico en sesión IoT 1: (sqlalchemy.dialects.postgresql.asyncpg.Error) <class 'asyncpg.exceptions.DataError'>: invalid input for query argument $1: datetime.datetime(2026, 5, 19, 14, 27, 3... (can't subtract offset-naive and offset-aware datetimes)
[SQL: UPDATE iotdevice SET last_seen=$1::TIMESTAMP WITHOUT TIME ZONE WHERE iotdevice.id = $2::INTEGER]
[parameters: (datetime.datetime(2026, 5, 19, 14, 27, 31, 831392, tzinfo=datetime.timezone.utc), 1)]
(Background on this error at: https://sqlalche.me/e/20/dbapi)
INFO:     connection closed
INFO:     127.0.0.1:56028 - "WebSocket /api/v1/pos/iot/ws/iot?token=test-token-123" [accepted]
INFO:     connection open
ERROR:pos_core.iot.websocket_handler:❌ Error crítico en sesión IoT 1: (sqlalchemy.dialects.postgresql.asyncpg.Error) <class 'asyncpg.exceptions.DataError'>: invalid input for query argument $1: datetime.datetime(2026, 5, 19, 14, 27, 3... (can't subtract offset-naive and offset-aware datetimes)
[SQL: UPDATE iotdevice SET last_seen=$1::TIMESTAMP WITHOUT TIME ZONE WHERE iotdevice.id = $2::INTEGER]
[parameters: (datetime.datetime(2026, 5, 19, 14, 27, 31, 838324, tzinfo=datetime.timezone.utc), 1)]
(Background on this error at: https://sqlalche.me/e/20/dbapi)
INFO:     connection closed
INFO:     127.0.0.1:56042 - "WebSocket /api/v1/pos/iot/ws/iot?token=test-token-123" [accepted]
INFO:     connection open
ERROR:pos_core.iot.websocket_handler:❌ Error crítico en sesión IoT 1: (sqlalchemy.dialects.postgresql.asyncpg.Error) <class 'asyncpg.exceptions.DataError'>: invalid input for query argument $1: datetime.datetime(2026, 5, 19, 14, 27, 3... (can't subtract offset-naive and offset-aware datetimes)
[SQL: UPDATE iotdevice SET last_seen=$1::TIMESTAMP WITHOUT TIME ZONE WHERE iotdevice.id = $2::INTEGER]
[parameters: (datetime.datetime(2026, 5, 19, 14, 27, 31, 848814, tzinfo=datetime.timezone.utc), 1)]
(Background on this error at: https://sqlalche.me/e/20/dbapi)
INFO:     connection closed
INFO:     127.0.0.1:56052 - "WebSocket /api/v1/pos/iot/ws/iot?token=test-token-123" [accepted]
INFO:     connection open
ERROR:pos_core.iot.websocket_handler:❌ Error crítico en sesión IoT 1: (sqlalchemy.dialects.postgresql.asyncpg.Error) <class 'asyncpg.exceptions.DataError'>: invalid input for query argument $1: datetime.datetime(2026, 5, 19, 14, 27, 3... (can't subtract offset-naive and offset-aware datetimes)
[SQL: UPDATE iotdevice SET last_seen=$1::TIMESTAMP WITHOUT TIME ZONE WHERE iotdevice.id = $2::INTEGER]
[parameters: (datetime.datetime(2026, 5, 19, 14, 27, 31, 855000, tzinfo=datetime.timezone.utc), 1)]
(Background on this error at: https://sqlalche.me/e/20/dbapi)
INFO:     connection closed
INFO:     127.0.0.1:56056 - "WebSocket /api/v1/pos/iot/ws/iot?token=test-token-123" [accepted]
INFO:     connection open
ERROR:pos_core.iot.websocket_handler:❌ Error crítico en sesión IoT 1: (sqlalchemy.dialects.postgresql.asyncpg.Error) <class 'asyncpg.exceptions.DataError'>: invalid input for query argument $1: datetime.datetime(2026, 5, 19, 14, 27, 3... (can't subtract offset-naive and offset-aware datetimes)
[SQL: UPDATE iotdevice SET last_seen=$1::TIMESTAMP WITHOUT TIME ZONE WHERE iotdevice.id = $2::INTEGER]
[parameters: (datetime.datetime(2026, 5, 19, 14, 27, 31, 860734, tzinfo=datetime.timezone.utc), 1)]
(Background on this error at: https://sqlalche.me/e/20/dbapi)
INFO:     connection closed
INFO:     127.0.0.1:56064 - "WebSocket /api/v1/pos/iot/ws/iot?token=test-token-123" [accepted]
INFO:     connection open
ERROR:pos_core.iot.websocket_handler:❌ Error crítico en sesión IoT 1: (sqlalchemy.dialects.postgresql.asyncpg.Error) <class 'asyncpg.exceptions.DataError'>: invalid input for query argument $1: datetime.datetime(2026, 5, 19, 14, 27, 3... (can't subtract offset-naive and offset-aware datetimes)
[SQL: UPDATE iotdevice SET last_seen=$1::TIMESTAMP WITHOUT TIME ZONE WHERE iotdevice.id = $2::INTEGER]
[parameters: (datetime.datetime(2026, 5, 19, 14, 27, 31, 866439, tzinfo=datetime.timezone.utc), 1)]
(Background on this error at: https://sqlalche.me/e/20/dbapi)
INFO:     connection closed
INFO:     127.0.0.1:56076 - "WebSocket /api/v1/pos/iot/ws/iot?token=test-token-123" [accepted]
INFO:     connection open
ERROR:pos_core.iot.websocket_handler:❌ Error crítico en sesión IoT 1: (sqlalchemy.dialects.postgresql.asyncpg.Error) <class 'asyncpg.exceptions.DataError'>: invalid input for query argument $1: datetime.datetime(2026, 5, 19, 14, 27, 3... (can't subtract offset-naive and offset-aware datetimes)
[SQL: UPDATE iotdevice SET last_seen=$1::TIMESTAMP WITHOUT TIME ZONE WHERE iotdevice.id = $2::INTEGER]
[parameters: (datetime.datetime(2026, 5, 19, 14, 27, 31, 872475, tzinfo=datetime.timezone.utc), 1)]
(Background on this error at: https://sqlalche.me/e/20/dbapi)
INFO:     connection closed
INFO:     127.0.0.1:56088 - "WebSocket /api/v1/pos/iot/ws/iot?token=test-token-123" [accepted]
INFO:     connection open
ERROR:pos_core.iot.websocket_handler:❌ Error crítico en sesión IoT 1: (sqlalchemy.dialects.postgresql.asyncpg.Error) <class 'asyncpg.exceptions.DataError'>: invalid input for query argument $1: datetime.datetime(2026, 5, 19, 14, 27, 3... (can't subtract offset-naive and offset-aware datetimes)
[SQL: UPDATE iotdevice SET last_seen=$1::TIMESTAMP WITHOUT TIME ZONE WHERE iotdevice.id = $2::INTEGER]
[parameters: (datetime.datetime(2026, 5, 19, 14, 27, 31, 878147, tzinfo=datetime.timezone.utc), 1)]
(Background on this error at: https://sqlalche.me/e/20/dbapi)
INFO:     connection closed
INFO:     127.0.0.1:56094 - "WebSocket /api/v1/pos/iot/ws/iot?token=test-token-123" [accepted]
INFO:     connection open
ERROR:pos_core.iot.websocket_handler:❌ Error crítico en sesión IoT 1: (sqlalchemy.dialects.postgresql.asyncpg.Error) <class 'asyncpg.exceptions.DataError'>: invalid input for query argument $1: datetime.datetime(2026, 5, 19, 14, 27, 3... (can't subtract offset-naive and offset-aware datetimes)
[SQL: UPDATE iotdevice SET last_seen=$1::TIMESTAMP WITHOUT TIME ZONE WHERE iotdevice.id = $2::INTEGER]
[parameters: (datetime.datetime(2026, 5, 19, 14, 27, 31, 884245, tzinfo=datetime.timezone.utc), 1)]
(Background on this error at: https://sqlalche.me/e/20/dbapi)
INFO:     connection closed
INFO:     127.0.0.1:56108 - "WebSocket /api/v1/pos/iot/ws/iot?token=test-token-123" [accepted]
INFO:     connection open
ERROR:pos_core.iot.websocket_handler:❌ Error crítico en sesión IoT 1: (sqlalchemy.dialects.postgresql.asyncpg.Error) <class 'asyncpg.exceptions.DataError'>: invalid input for query argument $1: datetime.datetime(2026, 5, 19, 14, 27, 3... (can't subtract offset-naive and offset-aware datetimes)
[SQL: UPDATE iotdevice SET last_seen=$1::TIMESTAMP WITHOUT TIME ZONE WHERE iotdevice.id = $2::INTEGER]
[parameters: (datetime.datetime(2026, 5, 19, 14, 27, 31, 890301, tzinfo=datetime.timezone.utc), 1)]
(Background on this error at: https://sqlalche.me/e/20/dbapi)
INFO:     connection closed
INFO:     127.0.0.1:56122 - "WebSocket /api/v1/pos/iot/ws/iot?token=test-token-123" [accepted]
INFO:     connection open
ERROR:pos_core.iot.websocket_handler:❌ Error crítico en sesión IoT 1: (sqlalchemy.dialects.postgresql.asyncpg.Error) <class 'asyncpg.exceptions.DataError'>: invalid input for query argument $1: datetime.datetime(2026, 5, 19, 14, 27, 3... (can't subtract offset-naive and offset-aware datetimes)
[SQL: UPDATE iotdevice SET last_seen=$1::TIMESTAMP WITHOUT TIME ZONE WHERE iotdevice.id = $2::INTEGER]
[parameters: (datetime.datetime(2026, 5, 19, 14, 27, 31, 897003, tzinfo=datetime.timezone.utc), 1)]
(Background on this error at: https://sqlalche.me/e/20/dbapi)
INFO:     connection closed
INFO:     127.0.0.1:56130 - "WebSocket /api/v1/pos/iot/ws/iot?token=test-token-123" [accepted]
INFO:     connection open
ERROR:pos_core.iot.websocket_handler:❌ Error crítico en sesión IoT 1: (sqlalchemy.dialects.postgresql.asyncpg.Error) <class 'asyncpg.exceptions.DataError'>: invalid input for query argument $1: datetime.datetime(2026, 5, 19, 14, 27, 3... (can't subtract offset-naive and offset-aware datetimes)
[SQL: UPDATE iotdevice SET last_seen=$1::TIMESTAMP WITHOUT TIME ZONE WHERE iotdevice.id = $2::INTEGER]
[parameters: (datetime.datetime(2026, 5, 19, 14, 27, 31, 903446, tzinfo=datetime.timezone.utc), 1)]
(Background on this error at: https://sqlalche.me/e/20/dbapi)
INFO:     connection closed
INFO:     127.0.0.1:56136 - "WebSocket /api/v1/pos/iot/ws/iot?token=test-token-123" [accepted]
INFO:     connection open
ERROR:pos_core.iot.websocket_handler:❌ Error crítico en sesión IoT 1: (sqlalchemy.dialects.postgresql.asyncpg.Error) <class 'asyncpg.exceptions.DataError'>: invalid input for query argument $1: datetime.datetime(2026, 5, 19, 14, 27, 3... (can't subtract offset-naive and offset-aware datetimes)
[SQL: UPDATE iotdevice SET last_seen=$1::TIMESTAMP WITHOUT TIME ZONE WHERE iotdevice.id = $2::INTEGER]
[parameters: (datetime.datetime(2026, 5, 19, 14, 27, 31, 909713, tzinfo=datetime.timezone.utc), 1)]
(Background on this error at: https://sqlalche.me/e/20/dbapi)
INFO:     connection closed
INFO:     127.0.0.1:56152 - "WebSocket /api/v1/pos/iot/ws/iot?token=test-token-123" [accepted]
INFO:     connection open
ERROR:pos_core.iot.websocket_handler:❌ Error crítico en sesión IoT 1: (sqlalchemy.dialects.postgresql.asyncpg.Error) <class 'asyncpg.exceptions.DataError'>: invalid input for query argument $1: datetime.datetime(2026, 5, 19, 14, 27, 3... (can't subtract offset-naive and offset-aware datetimes)
[SQL: UPDATE iotdevice SET last_seen=$1::TIMESTAMP WITHOUT TIME ZONE WHERE iotdevice.id = $2::INTEGER]
[parameters: (datetime.datetime(2026, 5, 19, 14, 27, 31, 916024, tzinfo=datetime.timezone.utc), 1)]
(Background on this error at: https://sqlalche.me/e/20/dbapi)
INFO:     connection closed
INFO:     127.0.0.1:56154 - "WebSocket /api/v1/pos/iot/ws/iot?token=test-token-123" [accepted]
INFO:     connection open
ERROR:pos_core.iot.websocket_handler:❌ Error crítico en sesión IoT 1: (sqlalchemy.dialects.postgresql.asyncpg.Error) <class 'asyncpg.exceptions.DataError'>: invalid input for query argument $1: datetime.datetime(2026, 5, 19, 14, 27, 3... (can't subtract offset-naive and offset-aware datetimes)
[SQL: UPDATE iotdevice SET last_seen=$1::TIMESTAMP WITHOUT TIME ZONE WHERE iotdevice.id = $2::INTEGER]
[parameters: (datetime.datetime(2026, 5, 19, 14, 27, 31, 923980, tzinfo=datetime.timezone.utc), 1)]
(Background on this error at: https://sqlalche.me/e/20/dbapi)
INFO:     connection closed
INFO:     127.0.0.1:56156 - "WebSocket /api/v1/pos/iot/ws/iot?token=test-token-123" [accepted]
INFO:     connection open
ERROR:pos_core.iot.websocket_handler:❌ Error crítico en sesión IoT 1: (sqlalchemy.dialects.postgresql.asyncpg.Error) <class 'asyncpg.exceptions.DataError'>: invalid input for query argument $1: datetime.datetime(2026, 5, 19, 14, 27, 3... (can't subtract offset-naive and offset-aware datetimes)
[SQL: UPDATE iotdevice SET last_seen=$1::TIMESTAMP WITHOUT TIME ZONE WHERE iotdevice.id = $2::INTEGER]
[parameters: (datetime.datetime(2026, 5, 19, 14, 27, 31, 933106, tzinfo=datetime.timezone.utc), 1)]
(Background on this error at: https://sqlalche.me/e/20/dbapi)
INFO:     connection closed
INFO:     127.0.0.1:56158 - "WebSocket /api/v1/pos/iot/ws/iot?token=test-token-123" [accepted]
INFO:     connection open
ERROR:pos_core.iot.websocket_handler:❌ Error crítico en sesión IoT 1: (sqlalchemy.dialects.postgresql.asyncpg.Error) <class 'asyncpg.exceptions.DataError'>: invalid input for query argument $1: datetime.datetime(2026, 5, 19, 14, 27, 3... (can't subtract offset-naive and offset-aware datetimes)
[SQL: UPDATE iotdevice SET last_seen=$1::TIMESTAMP WITHOUT TIME ZONE WHERE iotdevice.id = $2::INTEGER]
[parameters: (datetime.datetime(2026, 5, 19, 14, 27, 31, 941785, tzinfo=datetime.timezone.utc), 1)]
(Background on this error at: https://sqlalche.me/e/20/dbapi)
INFO:     connection closed
INFO:     127.0.0.1:56172 - "WebSocket /api/v1/pos/iot/ws/iot?token=test-token-123" [accepted]
INFO:     connection open
ERROR:pos_core.iot.websocket_handler:❌ Error crítico en sesión IoT 1: (sqlalchemy.dialects.postgresql.asyncpg.Error) <class 'asyncpg.exceptions.DataError'>: invalid input for query argument $1: datetime.datetime(2026, 5, 19, 14, 27, 3... (can't subtract offset-naive and offset-aware datetimes)
[SQL: UPDATE iotdevice SET last_seen=$1::TIMESTAMP WITHOUT TIME ZONE WHERE iotdevice.id = $2::INTEGER]
[parameters: (datetime.datetime(2026, 5, 19, 14, 27, 31, 949977, tzinfo=datetime.timezone.utc), 1)]
(Background on this error at: https://sqlalche.me/e/20/dbapi)
INFO:     connection closed
INFO:     127.0.0.1:56184 - "WebSocket /api/v1/pos/iot/ws/iot?token=test-token-123" [accepted]
INFO:     connection open
ERROR:pos_core.iot.websocket_handler:❌ Error crítico en sesión IoT 1: (sqlalchemy.dialects.postgresql.asyncpg.Error) <class 'asyncpg.exceptions.DataError'>: invalid input for query argument $1: datetime.datetime(2026, 5, 19, 14, 27, 3... (can't subtract offset-naive and offset-aware datetimes)
[SQL: UPDATE iotdevice SET last_seen=$1::TIMESTAMP WITHOUT TIME ZONE WHERE iotdevice.id = $2::INTEGER]
[parameters: (datetime.datetime(2026, 5, 19, 14, 27, 31, 956525, tzinfo=datetime.timezone.utc), 1)]
(Background on this error at: https://sqlalche.me/e/20/dbapi)
INFO:     connection closed
INFO:     127.0.0.1:56192 - "WebSocket /api/v1/pos/iot/ws/iot?token=test-token-123" [accepted]
INFO:     connection open
ERROR:pos_core.iot.websocket_handler:❌ Error crítico en sesión IoT 1: (sqlalchemy.dialects.postgresql.asyncpg.Error) <class 'asyncpg.exceptions.DataError'>: invalid input for query argument $1: datetime.datetime(2026, 5, 19, 14, 27, 3... (can't subtract offset-naive and offset-aware datetimes)
[SQL: UPDATE iotdevice SET last_seen=$1::TIMESTAMP WITHOUT TIME ZONE WHERE iotdevice.id = $2::INTEGER]
[parameters: (datetime.datetime(2026, 5, 19, 14, 27, 31, 962802, tzinfo=datetime.timezone.utc), 1)]
(Background on this error at: https://sqlalche.me/e/20/dbapi)
INFO:     connection closed
INFO:     127.0.0.1:56196 - "WebSocket /api/v1/pos/iot/ws/iot?token=test-token-123" [accepted]
INFO:     connection open
ERROR:pos_core.iot.websocket_handler:❌ Error crítico en sesión IoT 1: (sqlalchemy.dialects.postgresql.asyncpg.Error) <class 'asyncpg.exceptions.DataError'>: invalid input for query argument $1: datetime.datetime(2026, 5, 19, 14, 27, 3... (can't subtract offset-naive and offset-aware datetimes)
[SQL: UPDATE iotdevice SET last_seen=$1::TIMESTAMP WITHOUT TIME ZONE WHERE iotdevice.id = $2::INTEGER]
[parameters: (datetime.datetime(2026, 5, 19, 14, 27, 31, 969067, tzinfo=datetime.timezone.utc), 1)]
(Background on this error at: https://sqlalche.me/e/20/dbapi)
INFO:     connection closed
INFO:     127.0.0.1:56200 - "WebSocket /api/v1/pos/iot/ws/iot?token=test-token-123" [accepted]
INFO:     connection open
ERROR:pos_core.iot.websocket_handler:❌ Error crítico en sesión IoT 1: (sqlalchemy.dialects.postgresql.asyncpg.Error) <class 'asyncpg.exceptions.DataError'>: invalid input for query argument $1: datetime.datetime(2026, 5, 19, 14, 27, 3... (can't subtract offset-naive and offset-aware datetimes)
[SQL: UPDATE iotdevice SET last_seen=$1::TIMESTAMP WITHOUT TIME ZONE WHERE iotdevice.id = $2::INTEGER]
[parameters: (datetime.datetime(2026, 5, 19, 14, 27, 31, 975068, tzinfo=datetime.timezone.utc), 1)]
(Background on this error at: https://sqlalche.me/e/20/dbapi)
INFO:     connection closed
INFO:     127.0.0.1:56208 - "WebSocket /api/v1/pos/iot/ws/iot?token=test-token-123" [accepted]
INFO:     connection open
ERROR:pos_core.iot.websocket_handler:❌ Error crítico en sesión IoT 1: (sqlalchemy.dialects.postgresql.asyncpg.Error) <class 'asyncpg.exceptions.DataError'>: invalid input for query argument $1: datetime.datetime(2026, 5, 19, 14, 27, 3... (can't subtract offset-naive and offset-aware datetimes)
[SQL: UPDATE iotdevice SET last_seen=$1::TIMESTAMP WITHOUT TIME ZONE WHERE iotdevice.id = $2::INTEGER]
[parameters: (datetime.datetime(2026, 5, 19, 14, 27, 31, 981836, tzinfo=datetime.timezone.utc), 1)]
(Background on this error at: https://sqlalche.me/e/20/dbapi)
INFO:     connection closed
INFO:     127.0.0.1:56218 - "WebSocket /api/v1/pos/iot/ws/iot?token=test-token-123" [accepted]
INFO:     connection open
ERROR:pos_core.iot.websocket_handler:❌ Error crítico en sesión IoT 1: (sqlalchemy.dialects.postgresql.asyncpg.Error) <class 'asyncpg.exceptions.DataError'>: invalid input for query argument $1: datetime.datetime(2026, 5, 19, 14, 27, 3... (can't subtract offset-naive and offset-aware datetimes)
[SQL: UPDATE iotdevice SET last_seen=$1::TIMESTAMP WITHOUT TIME ZONE WHERE iotdevice.id = $2::INTEGER]
[parameters: (datetime.datetime(2026, 5, 19, 14, 27, 31, 987773, tzinfo=datetime.timezone.utc), 1)]
(Background on this error at: https://sqlalche.me/e/20/dbapi)
INFO:     connection closed
INFO:     127.0.0.1:56230 - "WebSocket /api/v1/pos/iot/ws/iot?token=test-token-123" [accepted]
INFO:     connection open
ERROR:pos_core.iot.websocket_handler:❌ Error crítico en sesión IoT 1: (sqlalchemy.dialects.postgresql.asyncpg.Error) <class 'asyncpg.exceptions.DataError'>: invalid input for query argument $1: datetime.datetime(2026, 5, 19, 14, 27, 3... (can't subtract offset-naive and offset-aware datetimes)
[SQL: UPDATE iotdevice SET last_seen=$1::TIMESTAMP WITHOUT TIME ZONE WHERE iotdevice.id = $2::INTEGER]
[parameters: (datetime.datetime(2026, 5, 19, 14, 27, 31, 994247, tzinfo=datetime.timezone.utc), 1)]
(Background on this error at: https://sqlalche.me/e/20/dbapi)
INFO:     connection closed
INFO:     127.0.0.1:56242 - "WebSocket /api/v1/pos/iot/ws/iot?token=test-token-123" [accepted]
INFO:     connection open
ERROR:pos_core.iot.websocket_handler:❌ Error crítico en sesión IoT 1: (sqlalchemy.dialects.postgresql.asyncpg.Error) <class 'asyncpg.exceptions.DataError'>: invalid input for query argument $1: datetime.datetime(2026, 5, 19, 14, 27, 3... (can't subtract offset-naive and offset-aware datetimes)
[SQL: UPDATE iotdevice SET last_seen=$1::TIMESTAMP WITHOUT TIME ZONE WHERE iotdevice.id = $2::INTEGER]
[parameters: (datetime.datetime(2026, 5, 19, 14, 27, 32, 501, tzinfo=datetime.timezone.utc), 1)]
(Background on this error at: https://sqlalche.me/e/20/dbapi)
INFO:     connection closed
INFO:     127.0.0.1:56246 - "WebSocket /api/v1/pos/iot/ws/iot?token=test-token-123" [accepted]
INFO:     connection open
ERROR:pos_core.iot.websocket_handler:❌ Error crítico en sesión IoT 1: (sqlalchemy.dialects.postgresql.asyncpg.Error) <class 'asyncpg.exceptions.DataError'>: invalid input for query argument $1: datetime.datetime(2026, 5, 19, 14, 27, 3... (can't subtract offset-naive and offset-aware datetimes)
[SQL: UPDATE iotdevice SET last_seen=$1::TIMESTAMP WITHOUT TIME ZONE WHERE iotdevice.id = $2::INTEGER]
[parameters: (datetime.datetime(2026, 5, 19, 14, 27, 32, 6057, tzinfo=datetime.timezone.utc), 1)]
(Background on this error at: https://sqlalche.me/e/20/dbapi)
INFO:     connection closed
INFO:     127.0.0.1:56250 - "WebSocket /api/v1/pos/iot/ws/iot?token=test-token-123" [accepted]
INFO:     connection open
ERROR:pos_core.iot.websocket_handler:❌ Error crítico en sesión IoT 1: (sqlalchemy.dialects.postgresql.asyncpg.Error) <class 'asyncpg.exceptions.DataError'>: invalid input for query argument $1: datetime.datetime(2026, 5, 19, 14, 27, 3... (can't subtract offset-naive and offset-aware datetimes)
[SQL: UPDATE iotdevice SET last_seen=$1::TIMESTAMP WITHOUT TIME ZONE WHERE iotdevice.id = $2::INTEGER]
[parameters: (datetime.datetime(2026, 5, 19, 14, 27, 32, 11683, tzinfo=datetime.timezone.utc), 1)]
(Background on this error at: https://sqlalche.me/e/20/dbapi)
INFO:     connection closed
INFO:     127.0.0.1:56254 - "WebSocket /api/v1/pos/iot/ws/iot?token=test-token-123" [accepted]
INFO:     connection open
ERROR:pos_core.iot.websocket_handler:❌ Error crítico en sesión IoT 1: (sqlalchemy.dialects.postgresql.asyncpg.Error) <class 'asyncpg.exceptions.DataError'>: invalid input for query argument $1: datetime.datetime(2026, 5, 19, 14, 27, 3... (can't subtract offset-naive and offset-aware datetimes)
[SQL: UPDATE iotdevice SET last_seen=$1::TIMESTAMP WITHOUT TIME ZONE WHERE iotdevice.id = $2::INTEGER]
[parameters: (datetime.datetime(2026, 5, 19, 14, 27, 32, 18168, tzinfo=datetime.timezone.utc), 1)]
(Background on this error at: https://sqlalche.me/e/20/dbapi)
INFO:     connection closed
INFO:     127.0.0.1:56260 - "WebSocket /api/v1/pos/iot/ws/iot?token=test-token-123" [accepted]
INFO:     connection open
ERROR:pos_core.iot.websocket_handler:❌ Error crítico en sesión IoT 1: (sqlalchemy.dialects.postgresql.asyncpg.Error) <class 'asyncpg.exceptions.DataError'>: invalid input for query argument $1: datetime.datetime(2026, 5, 19, 14, 27, 3... (can't subtract offset-naive and offset-aware datetimes)
[SQL: UPDATE iotdevice SET last_seen=$1::TIMESTAMP WITHOUT TIME ZONE WHERE iotdevice.id = $2::INTEGER]
[parameters: (datetime.datetime(2026, 5, 19, 14, 27, 32, 23794, tzinfo=datetime.timezone.utc), 1)]
(Background on this error at: https://sqlalche.me/e/20/dbapi)
INFO:     connection closed
INFO:     127.0.0.1:56276 - "WebSocket /api/v1/pos/iot/ws/iot?token=test-token-123" [accepted]
INFO:     connection open
ERROR:pos_core.iot.websocket_handler:❌ Error crítico en sesión IoT 1: (sqlalchemy.dialects.postgresql.asyncpg.Error) <class 'asyncpg.exceptions.DataError'>: invalid input for query argument $1: datetime.datetime(2026, 5, 19, 14, 27, 3... (can't subtract offset-naive and offset-aware datetimes)
[SQL: UPDATE iotdevice SET last_seen=$1::TIMESTAMP WITHOUT TIME ZONE WHERE iotdevice.id = $2::INTEGER]
[parameters: (datetime.datetime(2026, 5, 19, 14, 27, 32, 30230, tzinfo=datetime.timezone.utc), 1)]
(Background on this error at: https://sqlalche.me/e/20/dbapi)
INFO:     connection closed
INFO:     127.0.0.1:56292 - "WebSocket /api/v1/pos/iot/ws/iot?token=test-token-123" [accepted]
INFO:     connection open
ERROR:pos_core.iot.websocket_handler:❌ Error crítico en sesión IoT 1: (sqlalchemy.dialects.postgresql.asyncpg.Error) <class 'asyncpg.exceptions.DataError'>: invalid input for query argument $1: datetime.datetime(2026, 5, 19, 14, 27, 3... (can't subtract offset-naive and offset-aware datetimes)
[SQL: UPDATE iotdevice SET last_seen=$1::TIMESTAMP WITHOUT TIME ZONE WHERE iotdevice.id = $2::INTEGER]
[parameters: (datetime.datetime(2026, 5, 19, 14, 27, 32, 36180, tzinfo=datetime.timezone.utc), 1)]
(Background on this error at: https://sqlalche.me/e/20/dbapi)
INFO:     connection closed
INFO:     127.0.0.1:56306 - "WebSocket /api/v1/pos/iot/ws/iot?token=test-token-123" [accepted]
INFO:     connection open
ERROR:pos_core.iot.websocket_handler:❌ Error crítico en sesión IoT 1: (sqlalchemy.dialects.postgresql.asyncpg.Error) <class 'asyncpg.exceptions.DataError'>: invalid input for query argument $1: datetime.datetime(2026, 5, 19, 14, 27, 3... (can't subtract offset-naive and offset-aware datetimes)
[SQL: UPDATE iotdevice SET last_seen=$1::TIMESTAMP WITHOUT TIME ZONE WHERE iotdevice.id = $2::INTEGER]
[parameters: (datetime.datetime(2026, 5, 19, 14, 27, 32, 42536, tzinfo=datetime.timezone.utc), 1)]
(Background on this error at: https://sqlalche.me/e/20/dbapi)
INFO:     connection closed
INFO:     127.0.0.1:56314 - "WebSocket /api/v1/pos/iot/ws/iot?token=test-token-123" [accepted]
INFO:     connection open
ERROR:pos_core.iot.websocket_handler:❌ Error crítico en sesión IoT 1: (sqlalchemy.dialects.postgresql.asyncpg.Error) <class 'asyncpg.exceptions.DataError'>: invalid input for query argument $1: datetime.datetime(2026, 5, 19, 14, 27, 3... (can't subtract offset-naive and offset-aware datetimes)
[SQL: UPDATE iotdevice SET last_seen=$1::TIMESTAMP WITHOUT TIME ZONE WHERE iotdevice.id = $2::INTEGER]
[parameters: (datetime.datetime(2026, 5, 19, 14, 27, 32, 49024, tzinfo=datetime.timezone.utc), 1)]
(Background on this error at: https://sqlalche.me/e/20/dbapi)
INFO:     connection closed
INFO:     127.0.0.1:56324 - "WebSocket /api/v1/pos/iot/ws/iot?token=test-token-123" [accepted]
INFO:     connection open
ERROR:pos_core.iot.websocket_handler:❌ Error crítico en sesión IoT 1: (sqlalchemy.dialects.postgresql.asyncpg.Error) <class 'asyncpg.exceptions.DataError'>: invalid input for query argument $1: datetime.datetime(2026, 5, 19, 14, 27, 3... (can't subtract offset-naive and offset-aware datetimes)
[SQL: UPDATE iotdevice SET last_seen=$1::TIMESTAMP WITHOUT TIME ZONE WHERE iotdevice.id = $2::INTEGER]
[parameters: (datetime.datetime(2026, 5, 19, 14, 27, 32, 54860, tzinfo=datetime.timezone.utc), 1)]
(Background on this error at: https://sqlalche.me/e/20/dbapi)
INFO:     connection closed
INFO:     127.0.0.1:56330 - "WebSocket /api/v1/pos/iot/ws/iot?token=test-token-123" [accepted]
INFO:     connection open
ERROR:pos_core.iot.websocket_handler:❌ Error crítico en sesión IoT 1: (sqlalchemy.dialects.postgresql.asyncpg.Error) <class 'asyncpg.exceptions.DataError'>: invalid input for query argument $1: datetime.datetime(2026, 5, 19, 14, 27, 3... (can't subtract offset-naive and offset-aware datetimes)
[SQL: UPDATE iotdevice SET last_seen=$1::TIMESTAMP WITHOUT TIME ZONE WHERE iotdevice.id = $2::INTEGER]
[parameters: (datetime.datetime(2026, 5, 19, 14, 27, 32, 61362, tzinfo=datetime.timezone.utc), 1)]
(Background on this error at: https://sqlalche.me/e/20/dbapi)
INFO:     connection closed
INFO:     127.0.0.1:56342 - "WebSocket /api/v1/pos/iot/ws/iot?token=test-token-123" [accepted]
INFO:     connection open
ERROR:pos_core.iot.websocket_handler:❌ Error crítico en sesión IoT 1: (sqlalchemy.dialects.postgresql.asyncpg.Error) <class 'asyncpg.exceptions.DataError'>: invalid input for query argument $1: datetime.datetime(2026, 5, 19, 14, 27, 3... (can't subtract offset-naive and offset-aware datetimes)
[SQL: UPDATE iotdevice SET last_seen=$1::TIMESTAMP WITHOUT TIME ZONE WHERE iotdevice.id = $2::INTEGER]
[parameters: (datetime.datetime(2026, 5, 19, 14, 27, 32, 67709, tzinfo=datetime.timezone.utc), 1)]
(Background on this error at: https://sqlalche.me/e/20/dbapi)
INFO:     connection closed
INFO:     127.0.0.1:56356 - "WebSocket /api/v1/pos/iot/ws/iot?token=test-token-123" [accepted]
INFO:     connection open
ERROR:pos_core.iot.websocket_handler:❌ Error crítico en sesión IoT 1: (sqlalchemy.dialects.postgresql.asyncpg.Error) <class 'asyncpg.exceptions.DataError'>: invalid input for query argument $1: datetime.datetime(2026, 5, 19, 14, 27, 3... (can't subtract offset-naive and offset-aware datetimes)
[SQL: UPDATE iotdevice SET last_seen=$1::TIMESTAMP WITHOUT TIME ZONE WHERE iotdevice.id = $2::INTEGER]
[parameters: (datetime.datetime(2026, 5, 19, 14, 27, 32, 74021, tzinfo=datetime.timezone.utc), 1)]
(Background on this error at: https://sqlalche.me/e/20/dbapi)
INFO:     connection closed
INFO:     127.0.0.1:56362 - "WebSocket /api/v1/pos/iot/ws/iot?token=test-token-123" [accepted]
INFO:     connection open
ERROR:pos_core.iot.websocket_handler:❌ Error crítico en sesión IoT 1: (sqlalchemy.dialects.postgresql.asyncpg.Error) <class 'asyncpg.exceptions.DataError'>: invalid input for query argument $1: datetime.datetime(2026, 5, 19, 14, 27, 3... (can't subtract offset-naive and offset-aware datetimes)
[SQL: UPDATE iotdevice SET last_seen=$1::TIMESTAMP WITHOUT TIME ZONE WHERE iotdevice.id = $2::INTEGER]
[parameters: (datetime.datetime(2026, 5, 19, 14, 27, 32, 79882, tzinfo=datetime.timezone.utc), 1)]
(Background on this error at: https://sqlalche.me/e/20/dbapi)
INFO:     connection closed
INFO:     127.0.0.1:56364 - "WebSocket /api/v1/pos/iot/ws/iot?token=test-token-123" [accepted]
INFO:     connection open
ERROR:pos_core.iot.websocket_handler:❌ Error crítico en sesión IoT 1: (sqlalchemy.dialects.postgresql.asyncpg.Error) <class 'asyncpg.exceptions.DataError'>: invalid input for query argument $1: datetime.datetime(2026, 5, 19, 14, 27, 3... (can't subtract offset-naive and offset-aware datetimes)
[SQL: UPDATE iotdevice SET last_seen=$1::TIMESTAMP WITHOUT TIME ZONE WHERE iotdevice.id = $2::INTEGER]
[parameters: (datetime.datetime(2026, 5, 19, 14, 27, 32, 86448, tzinfo=datetime.timezone.utc), 1)]
(Background on this error at: https://sqlalche.me/e/20/dbapi)
INFO:     connection closed
INFO:     127.0.0.1:56370 - "WebSocket /api/v1/pos/iot/ws/iot?token=test-token-123" [accepted]
INFO:     connection open
ERROR:pos_core.iot.websocket_handler:❌ Error crítico en sesión IoT 1: (sqlalchemy.dialects.postgresql.asyncpg.Error) <class 'asyncpg.exceptions.DataError'>: invalid input for query argument $1: datetime.datetime(2026, 5, 19, 14, 27, 3... (can't subtract offset-naive and offset-aware datetimes)
[SQL: UPDATE iotdevice SET last_seen=$1::TIMESTAMP WITHOUT TIME ZONE WHERE iotdevice.id = $2::INTEGER]
[parameters: (datetime.datetime(2026, 5, 19, 14, 27, 32, 93683, tzinfo=datetime.timezone.utc), 1)]
(Background on this error at: https://sqlalche.me/e/20/dbapi)
INFO:     connection closed
INFO:     127.0.0.1:56380 - "WebSocket /api/v1/pos/iot/ws/iot?token=test-token-123" [accepted]
INFO:     connection open
ERROR:pos_core.iot.websocket_handler:❌ Error crítico en sesión IoT 1: (sqlalchemy.dialects.postgresql.asyncpg.Error) <class 'asyncpg.exceptions.DataError'>: invalid input for query argument $1: datetime.datetime(2026, 5, 19, 14, 27, 3... (can't subtract offset-naive and offset-aware datetimes)
[SQL: UPDATE iotdevice SET last_seen=$1::TIMESTAMP WITHOUT TIME ZONE WHERE iotdevice.id = $2::INTEGER]
[parameters: (datetime.datetime(2026, 5, 19, 14, 27, 32, 100348, tzinfo=datetime.timezone.utc), 1)]
(Background on this error at: https://sqlalche.me/e/20/dbapi)
INFO:     connection closed
INFO:     127.0.0.1:56390 - "WebSocket /api/v1/pos/iot/ws/iot?token=test-token-123" [accepted]
INFO:     connection open
ERROR:pos_core.iot.websocket_handler:❌ Error crítico en sesión IoT 1: (sqlalchemy.dialects.postgresql.asyncpg.Error) <class 'asyncpg.exceptions.DataError'>: invalid input for query argument $1: datetime.datetime(2026, 5, 19, 14, 27, 3... (can't subtract offset-naive and offset-aware datetimes)
[SQL: UPDATE iotdevice SET last_seen=$1::TIMESTAMP WITHOUT TIME ZONE WHERE iotdevice.id = $2::INTEGER]
[parameters: (datetime.datetime(2026, 5, 19, 14, 27, 32, 106169, tzinfo=datetime.timezone.utc), 1)]
(Background on this error at: https://sqlalche.me/e/20/dbapi)
INFO:     connection closed
INFO:     127.0.0.1:56406 - "WebSocket /api/v1/pos/iot/ws/iot?token=test-token-123" [accepted]
INFO:     connection open
ERROR:pos_core.iot.websocket_handler:❌ Error crítico en sesión IoT 1: (sqlalchemy.dialects.postgresql.asyncpg.Error) <class 'asyncpg.exceptions.DataError'>: invalid input for query argument $1: datetime.datetime(2026, 5, 19, 14, 27, 3... (can't subtract offset-naive and offset-aware datetimes)
[SQL: UPDATE iotdevice SET last_seen=$1::TIMESTAMP WITHOUT TIME ZONE WHERE iotdevice.id = $2::INTEGER]
[parameters: (datetime.datetime(2026, 5, 19, 14, 27, 32, 112340, tzinfo=datetime.timezone.utc), 1)]
(Background on this error at: https://sqlalche.me/e/20/dbapi)
INFO:     connection closed
INFO:     127.0.0.1:56418 - "WebSocket /api/v1/pos/iot/ws/iot?token=test-token-123" [accepted]
INFO:     connection open
ERROR:pos_core.iot.websocket_handler:❌ Error crítico en sesión IoT 1: (sqlalchemy.dialects.postgresql.asyncpg.Error) <class 'asyncpg.exceptions.DataError'>: invalid input for query argument $1: datetime.datetime(2026, 5, 19, 14, 27, 3... (can't subtract offset-naive and offset-aware datetimes)
[SQL: UPDATE iotdevice SET last_seen=$1::TIMESTAMP WITHOUT TIME ZONE WHERE iotdevice.id = $2::INTEGER]
[parameters: (datetime.datetime(2026, 5, 19, 14, 27, 32, 119038, tzinfo=datetime.timezone.utc), 1)]
(Background on this error at: https://sqlalche.me/e/20/dbapi)
INFO:     connection closed
INFO:     127.0.0.1:56432 - "WebSocket /api/v1/pos/iot/ws/iot?token=test-token-123" [accepted]
INFO:     connection open
ERROR:pos_core.iot.websocket_handler:❌ Error crítico en sesión IoT 1: (sqlalchemy.dialects.postgresql.asyncpg.Error) <class 'asyncpg.exceptions.DataError'>: invalid input for query argument $1: datetime.datetime(2026, 5, 19, 14, 27, 3... (can't subtract offset-naive and offset-aware datetimes)
[SQL: UPDATE iotdevice SET last_seen=$1::TIMESTAMP WITHOUT TIME ZONE WHERE iotdevice.id = $2::INTEGER]
[parameters: (datetime.datetime(2026, 5, 19, 14, 27, 32, 129870, tzinfo=datetime.timezone.utc), 1)]
(Background on this error at: https://sqlalche.me/e/20/dbapi)
INFO:     connection closed
INFO:     127.0.0.1:56448 - "WebSocket /api/v1/pos/iot/ws/iot?token=test-token-123" [accepted]
INFO:     connection open
ERROR:pos_core.iot.websocket_handler:❌ Error crítico en sesión IoT 1: (sqlalchemy.dialects.postgresql.asyncpg.Error) <class 'asyncpg.exceptions.DataError'>: invalid input for query argument $1: datetime.datetime(2026, 5, 19, 14, 27, 3... (can't subtract offset-naive and offset-aware datetimes)
[SQL: UPDATE iotdevice SET last_seen=$1::TIMESTAMP WITHOUT TIME ZONE WHERE iotdevice.id = $2::INTEGER]
[parameters: (datetime.datetime(2026, 5, 19, 14, 27, 32, 138682, tzinfo=datetime.timezone.utc), 1)]
(Background on this error at: https://sqlalche.me/e/20/dbapi)
INFO:     connection closed
INFO:     127.0.0.1:56464 - "WebSocket /api/v1/pos/iot/ws/iot?token=test-token-123" [accepted]
INFO:     connection open
ERROR:pos_core.iot.websocket_handler:❌ Error crítico en sesión IoT 1: (sqlalchemy.dialects.postgresql.asyncpg.Error) <class 'asyncpg.exceptions.DataError'>: invalid input for query argument $1: datetime.datetime(2026, 5, 19, 14, 27, 3... (can't subtract offset-naive and offset-aware datetimes)
[SQL: UPDATE iotdevice SET last_seen=$1::TIMESTAMP WITHOUT TIME ZONE WHERE iotdevice.id = $2::INTEGER]
[parameters: (datetime.datetime(2026, 5, 19, 14, 27, 32, 147150, tzinfo=datetime.timezone.utc), 1)]
(Background on this error at: https://sqlalche.me/e/20/dbapi)
INFO:     connection closed
INFO:     127.0.0.1:56480 - "WebSocket /api/v1/pos/iot/ws/iot?token=test-token-123" [accepted]
INFO:     connection open
ERROR:pos_core.iot.websocket_handler:❌ Error crítico en sesión IoT 1: (sqlalchemy.dialects.postgresql.asyncpg.Error) <class 'asyncpg.exceptions.DataError'>: invalid input for query argument $1: datetime.datetime(2026, 5, 19, 14, 27, 3... (can't subtract offset-naive and offset-aware datetimes)
[SQL: UPDATE iotdevice SET last_seen=$1::TIMESTAMP WITHOUT TIME ZONE WHERE iotdevice.id = $2::INTEGER]
[parameters: (datetime.datetime(2026, 5, 19, 14, 27, 32, 155859, tzinfo=datetime.timezone.utc), 1)]
(Background on this error at: https://sqlalche.me/e/20/dbapi)
INFO:     connection closed
INFO:     127.0.0.1:56482 - "WebSocket /api/v1/pos/iot/ws/iot?token=test-token-123" [accepted]
INFO:     connection open
ERROR:pos_core.iot.websocket_handler:❌ Error crítico en sesión IoT 1: (sqlalchemy.dialects.postgresql.asyncpg.Error) <class 'asyncpg.exceptions.DataError'>: invalid input for query argument $1: datetime.datetime(2026, 5, 19, 14, 27, 3... (can't subtract offset-naive and offset-aware datetimes)
[SQL: UPDATE iotdevice SET last_seen=$1::TIMESTAMP WITHOUT TIME ZONE WHERE iotdevice.id = $2::INTEGER]
[parameters: (datetime.datetime(2026, 5, 19, 14, 27, 32, 162469, tzinfo=datetime.timezone.utc), 1)]
(Background on this error at: https://sqlalche.me/e/20/dbapi)
INFO:     connection closed
INFO:     127.0.0.1:56492 - "WebSocket /api/v1/pos/iot/ws/iot?token=test-token-123" [accepted]
INFO:     connection open
ERROR:pos_core.iot.websocket_handler:❌ Error crítico en sesión IoT 1: (sqlalchemy.dialects.postgresql.asyncpg.Error) <class 'asyncpg.exceptions.DataError'>: invalid input for query argument $1: datetime.datetime(2026, 5, 19, 14, 27, 3... (can't subtract offset-naive and offset-aware datetimes)
[SQL: UPDATE iotdevice SET last_seen=$1::TIMESTAMP WITHOUT TIME ZONE WHERE iotdevice.id = $2::INTEGER]
[parameters: (datetime.datetime(2026, 5, 19, 14, 27, 32, 169008, tzinfo=datetime.timezone.utc), 1)]
(Background on this error at: https://sqlalche.me/e/20/dbapi)
INFO:     connection closed
INFO:     127.0.0.1:56494 - "WebSocket /api/v1/pos/iot/ws/iot?token=test-token-123" [accepted]
INFO:     connection open
ERROR:pos_core.iot.websocket_handler:❌ Error crítico en sesión IoT 1: (sqlalchemy.dialects.postgresql.asyncpg.Error) <class 'asyncpg.exceptions.DataError'>: invalid input for query argument $1: datetime.datetime(2026, 5, 19, 14, 27, 3... (can't subtract offset-naive and offset-aware datetimes)
[SQL: UPDATE iotdevice SET last_seen=$1::TIMESTAMP WITHOUT TIME ZONE WHERE iotdevice.id = $2::INTEGER]
[parameters: (datetime.datetime(2026, 5, 19, 14, 27, 32, 175050, tzinfo=datetime.timezone.utc), 1)]
(Background on this error at: https://sqlalche.me/e/20/dbapi)
INFO:     connection closed
INFO:     127.0.0.1:56508 - "WebSocket /api/v1/pos/iot/ws/iot?token=test-token-123" [accepted]
INFO:     connection open
ERROR:pos_core.iot.websocket_handler:❌ Error crítico en sesión IoT 1: (sqlalchemy.dialects.postgresql.asyncpg.Error) <class 'asyncpg.exceptions.DataError'>: invalid input for query argument $1: datetime.datetime(2026, 5, 19, 14, 27, 3... (can't subtract offset-naive and offset-aware datetimes)
[SQL: UPDATE iotdevice SET last_seen=$1::TIMESTAMP WITHOUT TIME ZONE WHERE iotdevice.id = $2::INTEGER]
[parameters: (datetime.datetime(2026, 5, 19, 14, 27, 32, 181288, tzinfo=datetime.timezone.utc), 1)]
(Background on this error at: https://sqlalche.me/e/20/dbapi)
INFO:     connection closed
INFO:     127.0.0.1:56520 - "WebSocket /api/v1/pos/iot/ws/iot?token=test-token-123" [accepted]
INFO:     connection open
ERROR:pos_core.iot.websocket_handler:❌ Error crítico en sesión IoT 1: (sqlalchemy.dialects.postgresql.asyncpg.Error) <class 'asyncpg.exceptions.DataError'>: invalid input for query argument $1: datetime.datetime(2026, 5, 19, 14, 27, 3... (can't subtract offset-naive and offset-aware datetimes)
[SQL: UPDATE iotdevice SET last_seen=$1::TIMESTAMP WITHOUT TIME ZONE WHERE iotdevice.id = $2::INTEGER]
[parameters: (datetime.datetime(2026, 5, 19, 14, 27, 32, 187439, tzinfo=datetime.timezone.utc), 1)]
(Background on this error at: https://sqlalche.me/e/20/dbapi)
INFO:     connection closed
INFO:     127.0.0.1:56536 - "WebSocket /api/v1/pos/iot/ws/iot?token=test-token-123" [accepted]
INFO:     connection open
ERROR:pos_core.iot.websocket_handler:❌ Error crítico en sesión IoT 1: (sqlalchemy.dialects.postgresql.asyncpg.Error) <class 'asyncpg.exceptions.DataError'>: invalid input for query argument $1: datetime.datetime(2026, 5, 19, 14, 27, 3... (can't subtract offset-naive and offset-aware datetimes)
[SQL: UPDATE iotdevice SET last_seen=$1::TIMESTAMP WITHOUT TIME ZONE WHERE iotdevice.id = $2::INTEGER]
[parameters: (datetime.datetime(2026, 5, 19, 14, 27, 32, 193720, tzinfo=datetime.timezone.utc), 1)]
(Background on this error at: https://sqlalche.me/e/20/dbapi)
INFO:     connection closed
INFO:     127.0.0.1:56540 - "WebSocket /api/v1/pos/iot/ws/iot?token=test-token-123" [accepted]
INFO:     connection open
ERROR:pos_core.iot.websocket_handler:❌ Error crítico en sesión IoT 1: (sqlalchemy.dialects.postgresql.asyncpg.Error) <class 'asyncpg.exceptions.DataError'>: invalid input for query argument $1: datetime.datetime(2026, 5, 19, 14, 27, 3... (can't subtract offset-naive and offset-aware datetimes)
[SQL: UPDATE iotdevice SET last_seen=$1::TIMESTAMP WITHOUT TIME ZONE WHERE iotdevice.id = $2::INTEGER]
[parameters: (datetime.datetime(2026, 5, 19, 14, 27, 32, 200390, tzinfo=datetime.timezone.utc), 1)]
(Background on this error at: https://sqlalche.me/e/20/dbapi)
INFO:     connection closed
INFO:     127.0.0.1:56550 - "WebSocket /api/v1/pos/iot/ws/iot?token=test-token-123" [accepted]
INFO:     connection open
ERROR:pos_core.iot.websocket_handler:❌ Error crítico en sesión IoT 1: (sqlalchemy.dialects.postgresql.asyncpg.Error) <class 'asyncpg.exceptions.DataError'>: invalid input for query argument $1: datetime.datetime(2026, 5, 19, 14, 27, 3... (can't subtract offset-naive and offset-aware datetimes)
[SQL: UPDATE iotdevice SET last_seen=$1::TIMESTAMP WITHOUT TIME ZONE WHERE iotdevice.id = $2::INTEGER]
[parameters: (datetime.datetime(2026, 5, 19, 14, 27, 32, 207121, tzinfo=datetime.timezone.utc), 1)]
(Background on this error at: https://sqlalche.me/e/20/dbapi)
INFO:     connection closed
INFO:     127.0.0.1:56552 - "WebSocket /api/v1/pos/iot/ws/iot?token=test-token-123" [accepted]
INFO:     connection open
ERROR:pos_core.iot.websocket_handler:❌ Error crítico en sesión IoT 1: (sqlalchemy.dialects.postgresql.asyncpg.Error) <class 'asyncpg.exceptions.DataError'>: invalid input for query argument $1: datetime.datetime(2026, 5, 19, 14, 27, 3... (can't subtract offset-naive and offset-aware datetimes)
[SQL: UPDATE iotdevice SET last_seen=$1::TIMESTAMP WITHOUT TIME ZONE WHERE iotdevice.id = $2::INTEGER]
[parameters: (datetime.datetime(2026, 5, 19, 14, 27, 32, 213555, tzinfo=datetime.timezone.utc), 1)]
(Background on this error at: https://sqlalche.me/e/20/dbapi)
INFO:     connection closed
INFO:     127.0.0.1:56560 - "WebSocket /api/v1/pos/iot/ws/iot?token=test-token-123" [accepted]
INFO:     connection open
ERROR:pos_core.iot.websocket_handler:❌ Error crítico en sesión IoT 1: (sqlalchemy.dialects.postgresql.asyncpg.Error) <class 'asyncpg.exceptions.DataError'>: invalid input for query argument $1: datetime.datetime(2026, 5, 19, 14, 27, 3... (can't subtract offset-naive and offset-aware datetimes)
[SQL: UPDATE iotdevice SET last_seen=$1::TIMESTAMP WITHOUT TIME ZONE WHERE iotdevice.id = $2::INTEGER]
[parameters: (datetime.datetime(2026, 5, 19, 14, 27, 32, 220509, tzinfo=datetime.timezone.utc), 1)]
(Background on this error at: https://sqlalche.me/e/20/dbapi)
INFO:     connection closed
INFO:     127.0.0.1:56564 - "WebSocket /api/v1/pos/iot/ws/iot?token=test-token-123" [accepted]
INFO:     connection open
ERROR:pos_core.iot.websocket_handler:❌ Error crítico en sesión IoT 1: (sqlalchemy.dialects.postgresql.asyncpg.Error) <class 'asyncpg.exceptions.DataError'>: invalid input for query argument $1: datetime.datetime(2026, 5, 19, 14, 27, 3... (can't subtract offset-naive and offset-aware datetimes)
[SQL: UPDATE iotdevice SET last_seen=$1::TIMESTAMP WITHOUT TIME ZONE WHERE iotdevice.id = $2::INTEGER]
[parameters: (datetime.datetime(2026, 5, 19, 14, 27, 32, 227599, tzinfo=datetime.timezone.utc), 1)]
(Background on this error at: https://sqlalche.me/e/20/dbapi)
INFO:     connection closed
INFO:     127.0.0.1:56568 - "WebSocket /api/v1/pos/iot/ws/iot?token=test-token-123" [accepted]
INFO:     connection open
ERROR:pos_core.iot.websocket_handler:❌ Error crítico en sesión IoT 1: (sqlalchemy.dialects.postgresql.asyncpg.Error) <class 'asyncpg.exceptions.DataError'>: invalid input for query argument $1: datetime.datetime(2026, 5, 19, 14, 27, 3... (can't subtract offset-naive and offset-aware datetimes)
[SQL: UPDATE iotdevice SET last_seen=$1::TIMESTAMP WITHOUT TIME ZONE WHERE iotdevice.id = $2::INTEGER]
[parameters: (datetime.datetime(2026, 5, 19, 14, 27, 32, 234463, tzinfo=datetime.timezone.utc), 1)]
(Background on this error at: https://sqlalche.me/e/20/dbapi)
INFO:     connection closed
INFO:     127.0.0.1:56582 - "WebSocket /api/v1/pos/iot/ws/iot?token=test-token-123" [accepted]
INFO:     connection open
ERROR:pos_core.iot.websocket_handler:❌ Error crítico en sesión IoT 1: (sqlalchemy.dialects.postgresql.asyncpg.Error) <class 'asyncpg.exceptions.DataError'>: invalid input for query argument $1: datetime.datetime(2026, 5, 19, 14, 27, 3... (can't subtract offset-naive and offset-aware datetimes)
[SQL: UPDATE iotdevice SET last_seen=$1::TIMESTAMP WITHOUT TIME ZONE WHERE iotdevice.id = $2::INTEGER]
[parameters: (datetime.datetime(2026, 5, 19, 14, 27, 32, 242366, tzinfo=datetime.timezone.utc), 1)]
(Background on this error at: https://sqlalche.me/e/20/dbapi)
INFO:     connection closed
INFO:     127.0.0.1:56594 - "WebSocket /api/v1/pos/iot/ws/iot?token=test-token-123" [accepted]
INFO:     connection open
ERROR:pos_core.iot.websocket_handler:❌ Error crítico en sesión IoT 1: (sqlalchemy.dialects.postgresql.asyncpg.Error) <class 'asyncpg.exceptions.DataError'>: invalid input for query argument $1: datetime.datetime(2026, 5, 19, 14, 27, 3... (can't subtract offset-naive and offset-aware datetimes)
[SQL: UPDATE iotdevice SET last_seen=$1::TIMESTAMP WITHOUT TIME ZONE WHERE iotdevice.id = $2::INTEGER]
[parameters: (datetime.datetime(2026, 5, 19, 14, 27, 32, 249709, tzinfo=datetime.timezone.utc), 1)]
(Background on this error at: https://sqlalche.me/e/20/dbapi)
INFO:     connection closed
INFO:     127.0.0.1:56600 - "WebSocket /api/v1/pos/iot/ws/iot?token=test-token-123" [accepted]
INFO:     connection open
ERROR:pos_core.iot.websocket_handler:❌ Error crítico en sesión IoT 1: (sqlalchemy.dialects.postgresql.asyncpg.Error) <class 'asyncpg.exceptions.DataError'>: invalid input for query argument $1: datetime.datetime(2026, 5, 19, 14, 27, 3... (can't subtract offset-naive and offset-aware datetimes)
[SQL: UPDATE iotdevice SET last_seen=$1::TIMESTAMP WITHOUT TIME ZONE WHERE iotdevice.id = $2::INTEGER]
[parameters: (datetime.datetime(2026, 5, 19, 14, 27, 32, 257324, tzinfo=datetime.timezone.utc), 1)]
(Background on this error at: https://sqlalche.me/e/20/dbapi)
INFO:     connection closed
INFO:     127.0.0.1:56602 - "WebSocket /api/v1/pos/iot/ws/iot?token=test-token-123" [accepted]
INFO:     connection open
ERROR:pos_core.iot.websocket_handler:❌ Error crítico en sesión IoT 1: (sqlalchemy.dialects.postgresql.asyncpg.Error) <class 'asyncpg.exceptions.DataError'>: invalid input for query argument $1: datetime.datetime(2026, 5, 19, 14, 27, 3... (can't subtract offset-naive and offset-aware datetimes)
[SQL: UPDATE iotdevice SET last_seen=$1::TIMESTAMP WITHOUT TIME ZONE WHERE iotdevice.id = $2::INTEGER]
[parameters: (datetime.datetime(2026, 5, 19, 14, 27, 32, 264105, tzinfo=datetime.timezone.utc), 1)]
(Background on this error at: https://sqlalche.me/e/20/dbapi)
INFO:     connection closed
INFO:     127.0.0.1:56612 - "WebSocket /api/v1/pos/iot/ws/iot?token=test-token-123" [accepted]
INFO:     connection open
ERROR:pos_core.iot.websocket_handler:❌ Error crítico en sesión IoT 1: (sqlalchemy.dialects.postgresql.asyncpg.Error) <class 'asyncpg.exceptions.DataError'>: invalid input for query argument $1: datetime.datetime(2026, 5, 19, 14, 27, 3... (can't subtract offset-naive and offset-aware datetimes)
[SQL: UPDATE iotdevice SET last_seen=$1::TIMESTAMP WITHOUT TIME ZONE WHERE iotdevice.id = $2::INTEGER]
[parameters: (datetime.datetime(2026, 5, 19, 14, 27, 32, 270474, tzinfo=datetime.timezone.utc), 1)]
(Background on this error at: https://sqlalche.me/e/20/dbapi)
INFO:     connection closed
INFO:     127.0.0.1:56624 - "WebSocket /api/v1/pos/iot/ws/iot?token=test-token-123" [accepted]
INFO:     connection open
ERROR:pos_core.iot.websocket_handler:❌ Error crítico en sesión IoT 1: (sqlalchemy.dialects.postgresql.asyncpg.Error) <class 'asyncpg.exceptions.DataError'>: invalid input for query argument $1: datetime.datetime(2026, 5, 19, 14, 27, 3... (can't subtract offset-naive and offset-aware datetimes)
[SQL: UPDATE iotdevice SET last_seen=$1::TIMESTAMP WITHOUT TIME ZONE WHERE iotdevice.id = $2::INTEGER]
[parameters: (datetime.datetime(2026, 5, 19, 14, 27, 32, 277374, tzinfo=datetime.timezone.utc), 1)]
(Background on this error at: https://sqlalche.me/e/20/dbapi)
INFO:     connection closed
INFO:     127.0.0.1:56634 - "WebSocket /api/v1/pos/iot/ws/iot?token=test-token-123" [accepted]
INFO:     connection open
ERROR:pos_core.iot.websocket_handler:❌ Error crítico en sesión IoT 1: (sqlalchemy.dialects.postgresql.asyncpg.Error) <class 'asyncpg.exceptions.DataError'>: invalid input for query argument $1: datetime.datetime(2026, 5, 19, 14, 27, 3... (can't subtract offset-naive and offset-aware datetimes)
[SQL: UPDATE iotdevice SET last_seen=$1::TIMESTAMP WITHOUT TIME ZONE WHERE iotdevice.id = $2::INTEGER]
[parameters: (datetime.datetime(2026, 5, 19, 14, 27, 32, 283650, tzinfo=datetime.timezone.utc), 1)]
(Background on this error at: https://sqlalche.me/e/20/dbapi)
INFO:     connection closed
INFO:     127.0.0.1:56650 - "WebSocket /api/v1/pos/iot/ws/iot?token=test-token-123" [accepted]
INFO:     connection open
ERROR:pos_core.iot.websocket_handler:❌ Error crítico en sesión IoT 1: (sqlalchemy.dialects.postgresql.asyncpg.Error) <class 'asyncpg.exceptions.DataError'>: invalid input for query argument $1: datetime.datetime(2026, 5, 19, 14, 27, 3... (can't subtract offset-naive and offset-aware datetimes)
[SQL: UPDATE iotdevice SET last_seen=$1::TIMESTAMP WITHOUT TIME ZONE WHERE iotdevice.id = $2::INTEGER]
[parameters: (datetime.datetime(2026, 5, 19, 14, 27, 32, 290537, tzinfo=datetime.timezone.utc), 1)]
(Background on this error at: https://sqlalche.me/e/20/dbapi)
INFO:     connection closed
INFO:     127.0.0.1:56662 - "WebSocket /api/v1/pos/iot/ws/iot?token=test-token-123" [accepted]
INFO:     connection open
ERROR:pos_core.iot.websocket_handler:❌ Error crítico en sesión IoT 1: (sqlalchemy.dialects.postgresql.asyncpg.Error) <class 'asyncpg.exceptions.DataError'>: invalid input for query argument $1: datetime.datetime(2026, 5, 19, 14, 27, 3... (can't subtract offset-naive and offset-aware datetimes)
[SQL: UPDATE iotdevice SET last_seen=$1::TIMESTAMP WITHOUT TIME ZONE WHERE iotdevice.id = $2::INTEGER]
[parameters: (datetime.datetime(2026, 5, 19, 14, 27, 32, 297094, tzinfo=datetime.timezone.utc), 1)]
(Background on this error at: https://sqlalche.me/e/20/dbapi)
INFO:     connection closed
INFO:     127.0.0.1:56668 - "WebSocket /api/v1/pos/iot/ws/iot?token=test-token-123" [accepted]
INFO:     connection open
ERROR:pos_core.iot.websocket_handler:❌ Error crítico en sesión IoT 1: (sqlalchemy.dialects.postgresql.asyncpg.Error) <class 'asyncpg.exceptions.DataError'>: invalid input for query argument $1: datetime.datetime(2026, 5, 19, 14, 27, 3... (can't subtract offset-naive and offset-aware datetimes)
[SQL: UPDATE iotdevice SET last_seen=$1::TIMESTAMP WITHOUT TIME ZONE WHERE iotdevice.id = $2::INTEGER]
[parameters: (datetime.datetime(2026, 5, 19, 14, 27, 32, 303544, tzinfo=datetime.timezone.utc), 1)]
(Background on this error at: https://sqlalche.me/e/20/dbapi)
INFO:     connection closed
INFO:     127.0.0.1:56670 - "WebSocket /api/v1/pos/iot/ws/iot?token=test-token-123" [accepted]
INFO:     connection open
ERROR:pos_core.iot.websocket_handler:❌ Error crítico en sesión IoT 1: (sqlalchemy.dialects.postgresql.asyncpg.Error) <class 'asyncpg.exceptions.DataError'>: invalid input for query argument $1: datetime.datetime(2026, 5, 19, 14, 27, 3... (can't subtract offset-naive and offset-aware datetimes)
[SQL: UPDATE iotdevice SET last_seen=$1::TIMESTAMP WITHOUT TIME ZONE WHERE iotdevice.id = $2::INTEGER]
[parameters: (datetime.datetime(2026, 5, 19, 14, 27, 32, 309903, tzinfo=datetime.timezone.utc), 1)]
(Background on this error at: https://sqlalche.me/e/20/dbapi)
INFO:     connection closed
INFO:     127.0.0.1:56672 - "WebSocket /api/v1/pos/iot/ws/iot?token=test-token-123" [accepted]
INFO:     connection open
ERROR:pos_core.iot.websocket_handler:❌ Error crítico en sesión IoT 1: (sqlalchemy.dialects.postgresql.asyncpg.Error) <class 'asyncpg.exceptions.DataError'>: invalid input for query argument $1: datetime.datetime(2026, 5, 19, 14, 27, 3... (can't subtract offset-naive and offset-aware datetimes)
[SQL: UPDATE iotdevice SET last_seen=$1::TIMESTAMP WITHOUT TIME ZONE WHERE iotdevice.id = $2::INTEGER]
[parameters: (datetime.datetime(2026, 5, 19, 14, 27, 32, 316812, tzinfo=datetime.timezone.utc), 1)]
(Background on this error at: https://sqlalche.me/e/20/dbapi)
INFO:     connection closed
INFO:     127.0.0.1:56678 - "WebSocket /api/v1/pos/iot/ws/iot?token=test-token-123" [accepted]
INFO:     connection open
ERROR:pos_core.iot.websocket_handler:❌ Error crítico en sesión IoT 1: (sqlalchemy.dialects.postgresql.asyncpg.Error) <class 'asyncpg.exceptions.DataError'>: invalid input for query argument $1: datetime.datetime(2026, 5, 19, 14, 27, 3... (can't subtract offset-naive and offset-aware datetimes)
[SQL: UPDATE iotdevice SET last_seen=$1::TIMESTAMP WITHOUT TIME ZONE WHERE iotdevice.id = $2::INTEGER]
[parameters: (datetime.datetime(2026, 5, 19, 14, 27, 32, 322962, tzinfo=datetime.timezone.utc), 1)]
(Background on this error at: https://sqlalche.me/e/20/dbapi)
INFO:     connection closed
INFO:     127.0.0.1:56684 - "WebSocket /api/v1/pos/iot/ws/iot?token=test-token-123" [accepted]
INFO:     connection open
ERROR:pos_core.iot.websocket_handler:❌ Error crítico en sesión IoT 1: (sqlalchemy.dialects.postgresql.asyncpg.Error) <class 'asyncpg.exceptions.DataError'>: invalid input for query argument $1: datetime.datetime(2026, 5, 19, 14, 27, 3... (can't subtract offset-naive and offset-aware datetimes)
[SQL: UPDATE iotdevice SET last_seen=$1::TIMESTAMP WITHOUT TIME ZONE WHERE iotdevice.id = $2::INTEGER]
[parameters: (datetime.datetime(2026, 5, 19, 14, 27, 32, 328801, tzinfo=datetime.timezone.utc), 1)]
(Background on this error at: https://sqlalche.me/e/20/dbapi)
INFO:     connection closed
INFO:     127.0.0.1:56690 - "WebSocket /api/v1/pos/iot/ws/iot?token=test-token-123" [accepted]
INFO:     connection open
ERROR:pos_core.iot.websocket_handler:❌ Error crítico en sesión IoT 1: (sqlalchemy.dialects.postgresql.asyncpg.Error) <class 'asyncpg.exceptions.DataError'>: invalid input for query argument $1: datetime.datetime(2026, 5, 19, 14, 27, 3... (can't subtract offset-naive and offset-aware datetimes)
[SQL: UPDATE iotdevice SET last_seen=$1::TIMESTAMP WITHOUT TIME ZONE WHERE iotdevice.id = $2::INTEGER]
[parameters: (datetime.datetime(2026, 5, 19, 14, 27, 32, 334767, tzinfo=datetime.timezone.utc), 1)]
(Background on this error at: https://sqlalche.me/e/20/dbapi)
INFO:     connection closed
INFO:     127.0.0.1:56694 - "WebSocket /api/v1/pos/iot/ws/iot?token=test-token-123" [accepted]
INFO:     connection open
ERROR:pos_core.iot.websocket_handler:❌ Error crítico en sesión IoT 1: (sqlalchemy.dialects.postgresql.asyncpg.Error) <class 'asyncpg.exceptions.DataError'>: invalid input for query argument $1: datetime.datetime(2026, 5, 19, 14, 27, 3... (can't subtract offset-naive and offset-aware datetimes)
[SQL: UPDATE iotdevice SET last_seen=$1::TIMESTAMP WITHOUT TIME ZONE WHERE iotdevice.id = $2::INTEGER]
[parameters: (datetime.datetime(2026, 5, 19, 14, 27, 32, 341809, tzinfo=datetime.timezone.utc), 1)]
(Background on this error at: https://sqlalche.me/e/20/dbapi)
INFO:     connection closed
INFO:     127.0.0.1:56704 - "WebSocket /api/v1/pos/iot/ws/iot?token=test-token-123" [accepted]
INFO:     connection open
ERROR:pos_core.iot.websocket_handler:❌ Error crítico en sesión IoT 1: (sqlalchemy.dialects.postgresql.asyncpg.Error) <class 'asyncpg.exceptions.DataError'>: invalid input for query argument $1: datetime.datetime(2026, 5, 19, 14, 27, 3... (can't subtract offset-naive and offset-aware datetimes)
[SQL: UPDATE iotdevice SET last_seen=$1::TIMESTAMP WITHOUT TIME ZONE WHERE iotdevice.id = $2::INTEGER]
[parameters: (datetime.datetime(2026, 5, 19, 14, 27, 32, 348881, tzinfo=datetime.timezone.utc), 1)]
(Background on this error at: https://sqlalche.me/e/20/dbapi)
INFO:     connection closed
INFO:     127.0.0.1:56706 - "WebSocket /api/v1/pos/iot/ws/iot?token=test-token-123" [accepted]
INFO:     connection open
ERROR:pos_core.iot.websocket_handler:❌ Error crítico en sesión IoT 1: (sqlalchemy.dialects.postgresql.asyncpg.Error) <class 'asyncpg.exceptions.DataError'>: invalid input for query argument $1: datetime.datetime(2026, 5, 19, 14, 27, 3... (can't subtract offset-naive and offset-aware datetimes)
[SQL: UPDATE iotdevice SET last_seen=$1::TIMESTAMP WITHOUT TIME ZONE WHERE iotdevice.id = $2::INTEGER]
[parameters: (datetime.datetime(2026, 5, 19, 14, 27, 32, 355163, tzinfo=datetime.timezone.utc), 1)]
(Background on this error at: https://sqlalche.me/e/20/dbapi)
INFO:     connection closed
INFO:     127.0.0.1:56716 - "WebSocket /api/v1/pos/iot/ws/iot?token=test-token-123" [accepted]
INFO:     connection open
ERROR:pos_core.iot.websocket_handler:❌ Error crítico en sesión IoT 1: (sqlalchemy.dialects.postgresql.asyncpg.Error) <class 'asyncpg.exceptions.DataError'>: invalid input for query argument $1: datetime.datetime(2026, 5, 19, 14, 27, 3... (can't subtract offset-naive and offset-aware datetimes)
[SQL: UPDATE iotdevice SET last_seen=$1::TIMESTAMP WITHOUT TIME ZONE WHERE iotdevice.id = $2::INTEGER]
[parameters: (datetime.datetime(2026, 5, 19, 14, 27, 32, 361124, tzinfo=datetime.timezone.utc), 1)]
(Background on this error at: https://sqlalche.me/e/20/dbapi)
INFO:     connection closed
INFO:     127.0.0.1:56726 - "WebSocket /api/v1/pos/iot/ws/iot?token=test-token-123" [accepted]
INFO:     connection open
ERROR:pos_core.iot.websocket_handler:❌ Error crítico en sesión IoT 1: (sqlalchemy.dialects.postgresql.asyncpg.Error) <class 'asyncpg.exceptions.DataError'>: invalid input for query argument $1: datetime.datetime(2026, 5, 19, 14, 27, 3... (can't subtract offset-naive and offset-aware datetimes)
[SQL: UPDATE iotdevice SET last_seen=$1::TIMESTAMP WITHOUT TIME ZONE WHERE iotdevice.id = $2::INTEGER]
[parameters: (datetime.datetime(2026, 5, 19, 14, 27, 32, 367468, tzinfo=datetime.timezone.utc), 1)]
(Background on this error at: https://sqlalche.me/e/20/dbapi)
INFO:     connection closed
INFO:     127.0.0.1:56732 - "WebSocket /api/v1/pos/iot/ws/iot?token=test-token-123" [accepted]
INFO:     connection open
ERROR:pos_core.iot.websocket_handler:❌ Error crítico en sesión IoT 1: (sqlalchemy.dialects.postgresql.asyncpg.Error) <class 'asyncpg.exceptions.DataError'>: invalid input for query argument $1: datetime.datetime(2026, 5, 19, 14, 27, 3... (can't subtract offset-naive and offset-aware datetimes)
[SQL: UPDATE iotdevice SET last_seen=$1::TIMESTAMP WITHOUT TIME ZONE WHERE iotdevice.id = $2::INTEGER]
[parameters: (datetime.datetime(2026, 5, 19, 14, 27, 32, 373438, tzinfo=datetime.timezone.utc), 1)]
(Background on this error at: https://sqlalche.me/e/20/dbapi)
INFO:     connection closed
INFO:     127.0.0.1:56746 - "WebSocket /api/v1/pos/iot/ws/iot?token=test-token-123" [accepted]
INFO:     connection open
ERROR:pos_core.iot.websocket_handler:❌ Error crítico en sesión IoT 1: (sqlalchemy.dialects.postgresql.asyncpg.Error) <class 'asyncpg.exceptions.DataError'>: invalid input for query argument $1: datetime.datetime(2026, 5, 19, 14, 27, 3... (can't subtract offset-naive and offset-aware datetimes)
[SQL: UPDATE iotdevice SET last_seen=$1::TIMESTAMP WITHOUT TIME ZONE WHERE iotdevice.id = $2::INTEGER]
[parameters: (datetime.datetime(2026, 5, 19, 14, 27, 32, 380238, tzinfo=datetime.timezone.utc), 1)]
(Background on this error at: https://sqlalche.me/e/20/dbapi)
INFO:     connection closed
INFO:     127.0.0.1:56752 - "WebSocket /api/v1/pos/iot/ws/iot?token=test-token-123" [accepted]
INFO:     connection open
ERROR:pos_core.iot.websocket_handler:❌ Error crítico en sesión IoT 1: (sqlalchemy.dialects.postgresql.asyncpg.Error) <class 'asyncpg.exceptions.DataError'>: invalid input for query argument $1: datetime.datetime(2026, 5, 19, 14, 27, 3... (can't subtract offset-naive and offset-aware datetimes)
[SQL: UPDATE iotdevice SET last_seen=$1::TIMESTAMP WITHOUT TIME ZONE WHERE iotdevice.id = $2::INTEGER]
[parameters: (datetime.datetime(2026, 5, 19, 14, 27, 32, 386557, tzinfo=datetime.timezone.utc), 1)]
(Background on this error at: https://sqlalche.me/e/20/dbapi)
INFO:     connection closed
INFO:     127.0.0.1:56760 - "WebSocket /api/v1/pos/iot/ws/iot?token=test-token-123" [accepted]
INFO:     connection open
ERROR:pos_core.iot.websocket_handler:❌ Error crítico en sesión IoT 1: (sqlalchemy.dialects.postgresql.asyncpg.Error) <class 'asyncpg.exceptions.DataError'>: invalid input for query argument $1: datetime.datetime(2026, 5, 19, 14, 27, 3... (can't subtract offset-naive and offset-aware datetimes)
[SQL: UPDATE iotdevice SET last_seen=$1::TIMESTAMP WITHOUT TIME ZONE WHERE iotdevice.id = $2::INTEGER]
[parameters: (datetime.datetime(2026, 5, 19, 14, 27, 32, 392766, tzinfo=datetime.timezone.utc), 1)]
(Background on this error at: https://sqlalche.me/e/20/dbapi)
INFO:     connection closed
INFO:     127.0.0.1:56762 - "WebSocket /api/v1/pos/iot/ws/iot?token=test-token-123" [accepted]
INFO:     connection open
ERROR:pos_core.iot.websocket_handler:❌ Error crítico en sesión IoT 1: (sqlalchemy.dialects.postgresql.asyncpg.Error) <class 'asyncpg.exceptions.DataError'>: invalid input for query argument $1: datetime.datetime(2026, 5, 19, 14, 27, 3... (can't subtract offset-naive and offset-aware datetimes)
[SQL: UPDATE iotdevice SET last_seen=$1::TIMESTAMP WITHOUT TIME ZONE WHERE iotdevice.id = $2::INTEGER]
[parameters: (datetime.datetime(2026, 5, 19, 14, 27, 32, 398785, tzinfo=datetime.timezone.utc), 1)]
(Background on this error at: https://sqlalche.me/e/20/dbapi)
INFO:     connection closed
INFO:     127.0.0.1:56764 - "WebSocket /api/v1/pos/iot/ws/iot?token=test-token-123" [accepted]
INFO:     connection open
ERROR:pos_core.iot.websocket_handler:❌ Error crítico en sesión IoT 1: (sqlalchemy.dialects.postgresql.asyncpg.Error) <class 'asyncpg.exceptions.DataError'>: invalid input for query argument $1: datetime.datetime(2026, 5, 19, 14, 27, 3... (can't subtract offset-naive and offset-aware datetimes)
[SQL: UPDATE iotdevice SET last_seen=$1::TIMESTAMP WITHOUT TIME ZONE WHERE iotdevice.id = $2::INTEGER]
[parameters: (datetime.datetime(2026, 5, 19, 14, 27, 32, 405026, tzinfo=datetime.timezone.utc), 1)]
(Background on this error at: https://sqlalche.me/e/20/dbapi)
INFO:     connection closed
INFO:     127.0.0.1:56774 - "WebSocket /api/v1/pos/iot/ws/iot?token=test-token-123" [accepted]
INFO:     connection open
ERROR:pos_core.iot.websocket_handler:❌ Error crítico en sesión IoT 1: (sqlalchemy.dialects.postgresql.asyncpg.Error) <class 'asyncpg.exceptions.DataError'>: invalid input for query argument $1: datetime.datetime(2026, 5, 19, 14, 27, 3... (can't subtract offset-naive and offset-aware datetimes)
[SQL: UPDATE iotdevice SET last_seen=$1::TIMESTAMP WITHOUT TIME ZONE WHERE iotdevice.id = $2::INTEGER]
[parameters: (datetime.datetime(2026, 5, 19, 14, 27, 32, 410710, tzinfo=datetime.timezone.utc), 1)]
(Background on this error at: https://sqlalche.me/e/20/dbapi)
INFO:     connection closed
INFO:     127.0.0.1:56780 - "WebSocket /api/v1/pos/iot/ws/iot?token=test-token-123" [accepted]
INFO:     connection open
ERROR:pos_core.iot.websocket_handler:❌ Error crítico en sesión IoT 1: (sqlalchemy.dialects.postgresql.asyncpg.Error) <class 'asyncpg.exceptions.DataError'>: invalid input for query argument $1: datetime.datetime(2026, 5, 19, 14, 27, 3... (can't subtract offset-naive and offset-aware datetimes)
[SQL: UPDATE iotdevice SET last_seen=$1::TIMESTAMP WITHOUT TIME ZONE WHERE iotdevice.id = $2::INTEGER]
[parameters: (datetime.datetime(2026, 5, 19, 14, 27, 32, 417127, tzinfo=datetime.timezone.utc), 1)]
(Background on this error at: https://sqlalche.me/e/20/dbapi)
INFO:     connection closed
INFO:     127.0.0.1:56796 - "WebSocket /api/v1/pos/iot/ws/iot?token=test-token-123" [accepted]
INFO:     connection open
ERROR:pos_core.iot.websocket_handler:❌ Error crítico en sesión IoT 1: (sqlalchemy.dialects.postgresql.asyncpg.Error) <class 'asyncpg.exceptions.DataError'>: invalid input for query argument $1: datetime.datetime(2026, 5, 19, 14, 27, 3... (can't subtract offset-naive and offset-aware datetimes)
[SQL: UPDATE iotdevice SET last_seen=$1::TIMESTAMP WITHOUT TIME ZONE WHERE iotdevice.id = $2::INTEGER]
[parameters: (datetime.datetime(2026, 5, 19, 14, 27, 32, 424570, tzinfo=datetime.timezone.utc), 1)]
(Background on this error at: https://sqlalche.me/e/20/dbapi)
INFO:     connection closed
INFO:     127.0.0.1:56804 - "WebSocket /api/v1/pos/iot/ws/iot?token=test-token-123" [accepted]
INFO:     connection open
ERROR:pos_core.iot.websocket_handler:❌ Error crítico en sesión IoT 1: (sqlalchemy.dialects.postgresql.asyncpg.Error) <class 'asyncpg.exceptions.DataError'>: invalid input for query argument $1: datetime.datetime(2026, 5, 19, 14, 27, 3... (can't subtract offset-naive and offset-aware datetimes)
[SQL: UPDATE iotdevice SET last_seen=$1::TIMESTAMP WITHOUT TIME ZONE WHERE iotdevice.id = $2::INTEGER]
[parameters: (datetime.datetime(2026, 5, 19, 14, 27, 32, 435973, tzinfo=datetime.timezone.utc), 1)]
(Background on this error at: https://sqlalche.me/e/20/dbapi)
INFO:     connection closed
INFO:     127.0.0.1:56818 - "WebSocket /api/v1/pos/iot/ws/iot?token=test-token-123" [accepted]
INFO:     connection open
ERROR:pos_core.iot.websocket_handler:❌ Error crítico en sesión IoT 1: (sqlalchemy.dialects.postgresql.asyncpg.Error) <class 'asyncpg.exceptions.DataError'>: invalid input for query argument $1: datetime.datetime(2026, 5, 19, 14, 27, 3... (can't subtract offset-naive and offset-aware datetimes)
[SQL: UPDATE iotdevice SET last_seen=$1::TIMESTAMP WITHOUT TIME ZONE WHERE iotdevice.id = $2::INTEGER]
[parameters: (datetime.datetime(2026, 5, 19, 14, 27, 32, 445089, tzinfo=datetime.timezone.utc), 1)]
(Background on this error at: https://sqlalche.me/e/20/dbapi)
INFO:     connection closed
INFO:     127.0.0.1:56826 - "WebSocket /api/v1/pos/iot/ws/iot?token=test-token-123" [accepted]
INFO:     connection open
ERROR:pos_core.iot.websocket_handler:❌ Error crítico en sesión IoT 1: (sqlalchemy.dialects.postgresql.asyncpg.Error) <class 'asyncpg.exceptions.DataError'>: invalid input for query argument $1: datetime.datetime(2026, 5, 19, 14, 27, 3... (can't subtract offset-naive and offset-aware datetimes)
[SQL: UPDATE iotdevice SET last_seen=$1::TIMESTAMP WITHOUT TIME ZONE WHERE iotdevice.id = $2::INTEGER]
[parameters: (datetime.datetime(2026, 5, 19, 14, 27, 32, 452859, tzinfo=datetime.timezone.utc), 1)]
(Background on this error at: https://sqlalche.me/e/20/dbapi)
INFO:     connection closed
INFO:     127.0.0.1:56842 - "WebSocket /api/v1/pos/iot/ws/iot?token=test-token-123" [accepted]
INFO:     connection open
ERROR:pos_core.iot.websocket_handler:❌ Error crítico en sesión IoT 1: (sqlalchemy.dialects.postgresql.asyncpg.Error) <class 'asyncpg.exceptions.DataError'>: invalid input for query argument $1: datetime.datetime(2026, 5, 19, 14, 27, 3... (can't subtract offset-naive and offset-aware datetimes)
[SQL: UPDATE iotdevice SET last_seen=$1::TIMESTAMP WITHOUT TIME ZONE WHERE iotdevice.id = $2::INTEGER]
[parameters: (datetime.datetime(2026, 5, 19, 14, 27, 32, 459492, tzinfo=datetime.timezone.utc), 1)]
(Background on this error at: https://sqlalche.me/e/20/dbapi)
INFO:     connection closed
INFO:     127.0.0.1:56850 - "WebSocket /api/v1/pos/iot/ws/iot?token=test-token-123" [accepted]
INFO:     connection open
ERROR:pos_core.iot.websocket_handler:❌ Error crítico en sesión IoT 1: (sqlalchemy.dialects.postgresql.asyncpg.Error) <class 'asyncpg.exceptions.DataError'>: invalid input for query argument $1: datetime.datetime(2026, 5, 19, 14, 27, 3... (can't subtract offset-naive and offset-aware datetimes)
[SQL: UPDATE iotdevice SET last_seen=$1::TIMESTAMP WITHOUT TIME ZONE WHERE iotdevice.id = $2::INTEGER]
[parameters: (datetime.datetime(2026, 5, 19, 14, 27, 32, 466716, tzinfo=datetime.timezone.utc), 1)]
(Background on this error at: https://sqlalche.me/e/20/dbapi)
INFO:     connection closed
INFO:     127.0.0.1:56866 - "WebSocket /api/v1/pos/iot/ws/iot?token=test-token-123" [accepted]
INFO:     connection open
ERROR:pos_core.iot.websocket_handler:❌ Error crítico en sesión IoT 1: (sqlalchemy.dialects.postgresql.asyncpg.Error) <class 'asyncpg.exceptions.DataError'>: invalid input for query argument $1: datetime.datetime(2026, 5, 19, 14, 27, 3... (can't subtract offset-naive and offset-aware datetimes)
[SQL: UPDATE iotdevice SET last_seen=$1::TIMESTAMP WITHOUT TIME ZONE WHERE iotdevice.id = $2::INTEGER]
[parameters: (datetime.datetime(2026, 5, 19, 14, 27, 32, 473352, tzinfo=datetime.timezone.utc), 1)]
(Background on this error at: https://sqlalche.me/e/20/dbapi)
INFO:     connection closed
INFO:     127.0.0.1:56882 - "WebSocket /api/v1/pos/iot/ws/iot?token=test-token-123" [accepted]
INFO:     connection open
ERROR:pos_core.iot.websocket_handler:❌ Error crítico en sesión IoT 1: (sqlalchemy.dialects.postgresql.asyncpg.Error) <class 'asyncpg.exceptions.DataError'>: invalid input for query argument $1: datetime.datetime(2026, 5, 19, 14, 27, 3... (can't subtract offset-naive and offset-aware datetimes)
[SQL: UPDATE iotdevice SET last_seen=$1::TIMESTAMP WITHOUT TIME ZONE WHERE iotdevice.id = $2::INTEGER]
[parameters: (datetime.datetime(2026, 5, 19, 14, 27, 32, 479241, tzinfo=datetime.timezone.utc), 1)]
(Background on this error at: https://sqlalche.me/e/20/dbapi)
INFO:     connection closed
INFO:     127.0.0.1:56894 - "WebSocket /api/v1/pos/iot/ws/iot?token=test-token-123" [accepted]
INFO:     connection open
ERROR:pos_core.iot.websocket_handler:❌ Error crítico en sesión IoT 1: (sqlalchemy.dialects.postgresql.asyncpg.Error) <class 'asyncpg.exceptions.DataError'>: invalid input for query argument $1: datetime.datetime(2026, 5, 19, 14, 27, 3... (can't subtract offset-naive and offset-aware datetimes)
[SQL: UPDATE iotdevice SET last_seen=$1::TIMESTAMP WITHOUT TIME ZONE WHERE iotdevice.id = $2::INTEGER]
[parameters: (datetime.datetime(2026, 5, 19, 14, 27, 32, 485776, tzinfo=datetime.timezone.utc), 1)]
(Background on this error at: https://sqlalche.me/e/20/dbapi)
INFO:     connection closed
INFO:     127.0.0.1:56910 - "WebSocket /api/v1/pos/iot/ws/iot?token=test-token-123" [accepted]
INFO:     connection open
ERROR:pos_core.iot.websocket_handler:❌ Error crítico en sesión IoT 1: (sqlalchemy.dialects.postgresql.asyncpg.Error) <class 'asyncpg.exceptions.DataError'>: invalid input for query argument $1: datetime.datetime(2026, 5, 19, 14, 27, 3... (can't subtract offset-naive and offset-aware datetimes)
[SQL: UPDATE iotdevice SET last_seen=$1::TIMESTAMP WITHOUT TIME ZONE WHERE iotdevice.id = $2::INTEGER]
[parameters: (datetime.datetime(2026, 5, 19, 14, 27, 32, 492229, tzinfo=datetime.timezone.utc), 1)]
(Background on this error at: https://sqlalche.me/e/20/dbapi)
INFO:     connection closed
INFO:     127.0.0.1:56918 - "WebSocket /api/v1/pos/iot/ws/iot?token=test-token-123" [accepted]
INFO:     connection open
ERROR:pos_core.iot.websocket_handler:❌ Error crítico en sesión IoT 1: (sqlalchemy.dialects.postgresql.asyncpg.Error) <class 'asyncpg.exceptions.DataError'>: invalid input for query argument $1: datetime.datetime(2026, 5, 19, 14, 27, 3... (can't subtract offset-naive and offset-aware datetimes)
[SQL: UPDATE iotdevice SET last_seen=$1::TIMESTAMP WITHOUT TIME ZONE WHERE iotdevice.id = $2::INTEGER]
[parameters: (datetime.datetime(2026, 5, 19, 14, 27, 32, 498614, tzinfo=datetime.timezone.utc), 1)]
(Background on this error at: https://sqlalche.me/e/20/dbapi)
INFO:     connection closed
INFO:     127.0.0.1:56920 - "WebSocket /api/v1/pos/iot/ws/iot?token=test-token-123" [accepted]
INFO:     connection open
ERROR:pos_core.iot.websocket_handler:❌ Error crítico en sesión IoT 1: (sqlalchemy.dialects.postgresql.asyncpg.Error) <class 'asyncpg.exceptions.DataError'>: invalid input for query argument $1: datetime.datetime(2026, 5, 19, 14, 27, 3... (can't subtract offset-naive and offset-aware datetimes)
[SQL: UPDATE iotdevice SET last_seen=$1::TIMESTAMP WITHOUT TIME ZONE WHERE iotdevice.id = $2::INTEGER]
[parameters: (datetime.datetime(2026, 5, 19, 14, 27, 32, 505046, tzinfo=datetime.timezone.utc), 1)]
(Background on this error at: https://sqlalche.me/e/20/dbapi)
INFO:     connection closed
INFO:     127.0.0.1:56936 - "WebSocket /api/v1/pos/iot/ws/iot?token=test-token-123" [accepted]
INFO:     connection open
ERROR:pos_core.iot.websocket_handler:❌ Error crítico en sesión IoT 1: (sqlalchemy.dialects.postgresql.asyncpg.Error) <class 'asyncpg.exceptions.DataError'>: invalid input for query argument $1: datetime.datetime(2026, 5, 19, 14, 27, 3... (can't subtract offset-naive and offset-aware datetimes)
[SQL: UPDATE iotdevice SET last_seen=$1::TIMESTAMP WITHOUT TIME ZONE WHERE iotdevice.id = $2::INTEGER]
[parameters: (datetime.datetime(2026, 5, 19, 14, 27, 32, 511151, tzinfo=datetime.timezone.utc), 1)]
(Background on this error at: https://sqlalche.me/e/20/dbapi)
INFO:     connection closed
INFO:     127.0.0.1:56952 - "WebSocket /api/v1/pos/iot/ws/iot?token=test-token-123" [accepted]
INFO:     connection open
ERROR:pos_core.iot.websocket_handler:❌ Error crítico en sesión IoT 1: (sqlalchemy.dialects.postgresql.asyncpg.Error) <class 'asyncpg.exceptions.DataError'>: invalid input for query argument $1: datetime.datetime(2026, 5, 19, 14, 27, 3... (can't subtract offset-naive and offset-aware datetimes)
[SQL: UPDATE iotdevice SET last_seen=$1::TIMESTAMP WITHOUT TIME ZONE WHERE iotdevice.id = $2::INTEGER]
[parameters: (datetime.datetime(2026, 5, 19, 14, 27, 32, 518072, tzinfo=datetime.timezone.utc), 1)]
(Background on this error at: https://sqlalche.me/e/20/dbapi)
INFO:     connection closed
INFO:     127.0.0.1:56968 - "WebSocket /api/v1/pos/iot/ws/iot?token=test-token-123" [accepted]
INFO:     connection open
ERROR:pos_core.iot.websocket_handler:❌ Error crítico en sesión IoT 1: (sqlalchemy.dialects.postgresql.asyncpg.Error) <class 'asyncpg.exceptions.DataError'>: invalid input for query argument $1: datetime.datetime(2026, 5, 19, 14, 27, 3... (can't subtract offset-naive and offset-aware datetimes)
[SQL: UPDATE iotdevice SET last_seen=$1::TIMESTAMP WITHOUT TIME ZONE WHERE iotdevice.id = $2::INTEGER]
[parameters: (datetime.datetime(2026, 5, 19, 14, 27, 32, 524366, tzinfo=datetime.timezone.utc), 1)]
(Background on this error at: https://sqlalche.me/e/20/dbapi)
INFO:     connection closed
INFO:     127.0.0.1:56980 - "WebSocket /api/v1/pos/iot/ws/iot?token=test-token-123" [accepted]
INFO:     connection open
ERROR:pos_core.iot.websocket_handler:❌ Error crítico en sesión IoT 1: (sqlalchemy.dialects.postgresql.asyncpg.Error) <class 'asyncpg.exceptions.DataError'>: invalid input for query argument $1: datetime.datetime(2026, 5, 19, 14, 27, 3... (can't subtract offset-naive and offset-aware datetimes)
[SQL: UPDATE iotdevice SET last_seen=$1::TIMESTAMP WITHOUT TIME ZONE WHERE iotdevice.id = $2::INTEGER]
[parameters: (datetime.datetime(2026, 5, 19, 14, 27, 32, 530989, tzinfo=datetime.timezone.utc), 1)]
(Background on this error at: https://sqlalche.me/e/20/dbapi)
INFO:     connection closed
INFO:     127.0.0.1:56996 - "WebSocket /api/v1/pos/iot/ws/iot?token=test-token-123" [accepted]
INFO:     connection open
ERROR:pos_core.iot.websocket_handler:❌ Error crítico en sesión IoT 1: (sqlalchemy.dialects.postgresql.asyncpg.Error) <class 'asyncpg.exceptions.DataError'>: invalid input for query argument $1: datetime.datetime(2026, 5, 19, 14, 27, 3... (can't subtract offset-naive and offset-aware datetimes)
[SQL: UPDATE iotdevice SET last_seen=$1::TIMESTAMP WITHOUT TIME ZONE WHERE iotdevice.id = $2::INTEGER]
[parameters: (datetime.datetime(2026, 5, 19, 14, 27, 32, 538173, tzinfo=datetime.timezone.utc), 1)]
(Background on this error at: https://sqlalche.me/e/20/dbapi)
INFO:     connection closed
INFO:     127.0.0.1:57000 - "WebSocket /api/v1/pos/iot/ws/iot?token=test-token-123" [accepted]
INFO:     connection open
ERROR:pos_core.iot.websocket_handler:❌ Error crítico en sesión IoT 1: (sqlalchemy.dialects.postgresql.asyncpg.Error) <class 'asyncpg.exceptions.DataError'>: invalid input for query argument $1: datetime.datetime(2026, 5, 19, 14, 27, 3... (can't subtract offset-naive and offset-aware datetimes)
[SQL: UPDATE iotdevice SET last_seen=$1::TIMESTAMP WITHOUT TIME ZONE WHERE iotdevice.id = $2::INTEGER]
[parameters: (datetime.datetime(2026, 5, 19, 14, 27, 32, 544408, tzinfo=datetime.timezone.utc), 1)]
(Background on this error at: https://sqlalche.me/e/20/dbapi)
INFO:     connection closed
INFO:     127.0.0.1:57002 - "WebSocket /api/v1/pos/iot/ws/iot?token=test-token-123" [accepted]
INFO:     connection open
ERROR:pos_core.iot.websocket_handler:❌ Error crítico en sesión IoT 1: (sqlalchemy.dialects.postgresql.asyncpg.Error) <class 'asyncpg.exceptions.DataError'>: invalid input for query argument $1: datetime.datetime(2026, 5, 19, 14, 27, 3... (can't subtract offset-naive and offset-aware datetimes)
[SQL: UPDATE iotdevice SET last_seen=$1::TIMESTAMP WITHOUT TIME ZONE WHERE iotdevice.id = $2::INTEGER]
[parameters: (datetime.datetime(2026, 5, 19, 14, 27, 32, 551255, tzinfo=datetime.timezone.utc), 1)]
(Background on this error at: https://sqlalche.me/e/20/dbapi)
INFO:     connection closed
INFO:     127.0.0.1:57008 - "WebSocket /api/v1/pos/iot/ws/iot?token=test-token-123" [accepted]
INFO:     connection open
ERROR:pos_core.iot.websocket_handler:❌ Error crítico en sesión IoT 1: (sqlalchemy.dialects.postgresql.asyncpg.Error) <class 'asyncpg.exceptions.DataError'>: invalid input for query argument $1: datetime.datetime(2026, 5, 19, 14, 27, 3... (can't subtract offset-naive and offset-aware datetimes)
[SQL: UPDATE iotdevice SET last_seen=$1::TIMESTAMP WITHOUT TIME ZONE WHERE iotdevice.id = $2::INTEGER]
[parameters: (datetime.datetime(2026, 5, 19, 14, 27, 32, 558367, tzinfo=datetime.timezone.utc), 1)]
(Background on this error at: https://sqlalche.me/e/20/dbapi)
INFO:     connection closed
INFO:     127.0.0.1:57018 - "WebSocket /api/v1/pos/iot/ws/iot?token=test-token-123" [accepted]
INFO:     connection open
ERROR:pos_core.iot.websocket_handler:❌ Error crítico en sesión IoT 1: (sqlalchemy.dialects.postgresql.asyncpg.Error) <class 'asyncpg.exceptions.DataError'>: invalid input for query argument $1: datetime.datetime(2026, 5, 19, 14, 27, 3... (can't subtract offset-naive and offset-aware datetimes)
[SQL: UPDATE iotdevice SET last_seen=$1::TIMESTAMP WITHOUT TIME ZONE WHERE iotdevice.id = $2::INTEGER]
[parameters: (datetime.datetime(2026, 5, 19, 14, 27, 32, 565605, tzinfo=datetime.timezone.utc), 1)]
(Background on this error at: https://sqlalche.me/e/20/dbapi)
INFO:     connection closed
INFO:     127.0.0.1:57032 - "WebSocket /api/v1/pos/iot/ws/iot?token=test-token-123" [accepted]
INFO:     connection open
ERROR:pos_core.iot.websocket_handler:❌ Error crítico en sesión IoT 1: (sqlalchemy.dialects.postgresql.asyncpg.Error) <class 'asyncpg.exceptions.DataError'>: invalid input for query argument $1: datetime.datetime(2026, 5, 19, 14, 27, 3... (can't subtract offset-naive and offset-aware datetimes)
[SQL: UPDATE iotdevice SET last_seen=$1::TIMESTAMP WITHOUT TIME ZONE WHERE iotdevice.id = $2::INTEGER]
[parameters: (datetime.datetime(2026, 5, 19, 14, 27, 32, 573678, tzinfo=datetime.timezone.utc), 1)]
(Background on this error at: https://sqlalche.me/e/20/dbapi)
INFO:     connection closed
INFO:     127.0.0.1:57034 - "WebSocket /api/v1/pos/iot/ws/iot?token=test-token-123" [accepted]
INFO:     connection open
ERROR:pos_core.iot.websocket_handler:❌ Error crítico en sesión IoT 1: (sqlalchemy.dialects.postgresql.asyncpg.Error) <class 'asyncpg.exceptions.DataError'>: invalid input for query argument $1: datetime.datetime(2026, 5, 19, 14, 27, 3... (can't subtract offset-naive and offset-aware datetimes)
[SQL: UPDATE iotdevice SET last_seen=$1::TIMESTAMP WITHOUT TIME ZONE WHERE iotdevice.id = $2::INTEGER]
[parameters: (datetime.datetime(2026, 5, 19, 14, 27, 32, 580496, tzinfo=datetime.timezone.utc), 1)]
(Background on this error at: https://sqlalche.me/e/20/dbapi)
INFO:     connection closed
INFO:     127.0.0.1:57040 - "WebSocket /api/v1/pos/iot/ws/iot?token=test-token-123" [accepted]
INFO:     connection open
ERROR:pos_core.iot.websocket_handler:❌ Error crítico en sesión IoT 1: (sqlalchemy.dialects.postgresql.asyncpg.Error) <class 'asyncpg.exceptions.DataError'>: invalid input for query argument $1: datetime.datetime(2026, 5, 19, 14, 27, 3... (can't subtract offset-naive and offset-aware datetimes)
[SQL: UPDATE iotdevice SET last_seen=$1::TIMESTAMP WITHOUT TIME ZONE WHERE iotdevice.id = $2::INTEGER]
[parameters: (datetime.datetime(2026, 5, 19, 14, 27, 32, 587492, tzinfo=datetime.timezone.utc), 1)]
(Background on this error at: https://sqlalche.me/e/20/dbapi)
INFO:     connection closed
INFO:     127.0.0.1:57052 - "WebSocket /api/v1/pos/iot/ws/iot?token=test-token-123" [accepted]
INFO:     connection open
ERROR:pos_core.iot.websocket_handler:❌ Error crítico en sesión IoT 1: (sqlalchemy.dialects.postgresql.asyncpg.Error) <class 'asyncpg.exceptions.DataError'>: invalid input for query argument $1: datetime.datetime(2026, 5, 19, 14, 27, 3... (can't subtract offset-naive and offset-aware datetimes)
[SQL: UPDATE iotdevice SET last_seen=$1::TIMESTAMP WITHOUT TIME ZONE WHERE iotdevice.id = $2::INTEGER]
[parameters: (datetime.datetime(2026, 5, 19, 14, 27, 32, 595284, tzinfo=datetime.timezone.utc), 1)]
(Background on this error at: https://sqlalche.me/e/20/dbapi)
INFO:     connection closed
INFO:     127.0.0.1:57062 - "WebSocket /api/v1/pos/iot/ws/iot?token=test-token-123" [accepted]
INFO:     connection open
ERROR:pos_core.iot.websocket_handler:❌ Error crítico en sesión IoT 1: (sqlalchemy.dialects.postgresql.asyncpg.Error) <class 'asyncpg.exceptions.DataError'>: invalid input for query argument $1: datetime.datetime(2026, 5, 19, 14, 27, 3... (can't subtract offset-naive and offset-aware datetimes)
[SQL: UPDATE iotdevice SET last_seen=$1::TIMESTAMP WITHOUT TIME ZONE WHERE iotdevice.id = $2::INTEGER]
[parameters: (datetime.datetime(2026, 5, 19, 14, 27, 32, 602058, tzinfo=datetime.timezone.utc), 1)]
(Background on this error at: https://sqlalche.me/e/20/dbapi)
INFO:     connection closed
INFO:     127.0.0.1:57068 - "WebSocket /api/v1/pos/iot/ws/iot?token=test-token-123" [accepted]
INFO:     connection open
ERROR:pos_core.iot.websocket_handler:❌ Error crítico en sesión IoT 1: (sqlalchemy.dialects.postgresql.asyncpg.Error) <class 'asyncpg.exceptions.DataError'>: invalid input for query argument $1: datetime.datetime(2026, 5, 19, 14, 27, 3... (can't subtract offset-naive and offset-aware datetimes)
[SQL: UPDATE iotdevice SET last_seen=$1::TIMESTAMP WITHOUT TIME ZONE WHERE iotdevice.id = $2::INTEGER]
[parameters: (datetime.datetime(2026, 5, 19, 14, 27, 32, 608511, tzinfo=datetime.timezone.utc), 1)]
(Background on this error at: https://sqlalche.me/e/20/dbapi)
INFO:     connection closed
INFO:     127.0.0.1:57072 - "WebSocket /api/v1/pos/iot/ws/iot?token=test-token-123" [accepted]
INFO:     connection open
ERROR:pos_core.iot.websocket_handler:❌ Error crítico en sesión IoT 1: (sqlalchemy.dialects.postgresql.asyncpg.Error) <class 'asyncpg.exceptions.DataError'>: invalid input for query argument $1: datetime.datetime(2026, 5, 19, 14, 27, 3... (can't subtract offset-naive and offset-aware datetimes)
[SQL: UPDATE iotdevice SET last_seen=$1::TIMESTAMP WITHOUT TIME ZONE WHERE iotdevice.id = $2::INTEGER]
[parameters: (datetime.datetime(2026, 5, 19, 14, 27, 32, 615989, tzinfo=datetime.timezone.utc), 1)]
(Background on this error at: https://sqlalche.me/e/20/dbapi)
INFO:     connection closed
INFO:     127.0.0.1:57088 - "WebSocket /api/v1/pos/iot/ws/iot?token=test-token-123" [accepted]
INFO:     connection open
ERROR:pos_core.iot.websocket_handler:❌ Error crítico en sesión IoT 1: (sqlalchemy.dialects.postgresql.asyncpg.Error) <class 'asyncpg.exceptions.DataError'>: invalid input for query argument $1: datetime.datetime(2026, 5, 19, 14, 27, 3... (can't subtract offset-naive and offset-aware datetimes)
[SQL: UPDATE iotdevice SET last_seen=$1::TIMESTAMP WITHOUT TIME ZONE WHERE iotdevice.id = $2::INTEGER]
[parameters: (datetime.datetime(2026, 5, 19, 14, 27, 32, 623557, tzinfo=datetime.timezone.utc), 1)]
(Background on this error at: https://sqlalche.me/e/20/dbapi)
INFO:     connection closed
INFO:     127.0.0.1:57090 - "WebSocket /api/v1/pos/iot/ws/iot?token=test-token-123" [accepted]
INFO:     connection open
ERROR:pos_core.iot.websocket_handler:❌ Error crítico en sesión IoT 1: (sqlalchemy.dialects.postgresql.asyncpg.Error) <class 'asyncpg.exceptions.DataError'>: invalid input for query argument $1: datetime.datetime(2026, 5, 19, 14, 27, 3... (can't subtract offset-naive and offset-aware datetimes)
[SQL: UPDATE iotdevice SET last_seen=$1::TIMESTAMP WITHOUT TIME ZONE WHERE iotdevice.id = $2::INTEGER]
[parameters: (datetime.datetime(2026, 5, 19, 14, 27, 32, 631031, tzinfo=datetime.timezone.utc), 1)]
(Background on this error at: https://sqlalche.me/e/20/dbapi)
INFO:     connection closed
INFO:     127.0.0.1:57092 - "WebSocket /api/v1/pos/iot/ws/iot?token=test-token-123" [accepted]
INFO:     connection open
ERROR:pos_core.iot.websocket_handler:❌ Error crítico en sesión IoT 1: (sqlalchemy.dialects.postgresql.asyncpg.Error) <class 'asyncpg.exceptions.DataError'>: invalid input for query argument $1: datetime.datetime(2026, 5, 19, 14, 27, 3... (can't subtract offset-naive and offset-aware datetimes)
[SQL: UPDATE iotdevice SET last_seen=$1::TIMESTAMP WITHOUT TIME ZONE WHERE iotdevice.id = $2::INTEGER]
[parameters: (datetime.datetime(2026, 5, 19, 14, 27, 32, 638407, tzinfo=datetime.timezone.utc), 1)]
(Background on this error at: https://sqlalche.me/e/20/dbapi)
INFO:     connection closed
INFO:     127.0.0.1:57094 - "WebSocket /api/v1/pos/iot/ws/iot?token=test-token-123" [accepted]
INFO:     connection open
ERROR:pos_core.iot.websocket_handler:❌ Error crítico en sesión IoT 1: (sqlalchemy.dialects.postgresql.asyncpg.Error) <class 'asyncpg.exceptions.DataError'>: invalid input for query argument $1: datetime.datetime(2026, 5, 19, 14, 27, 3... (can't subtract offset-naive and offset-aware datetimes)
[SQL: UPDATE iotdevice SET last_seen=$1::TIMESTAMP WITHOUT TIME ZONE WHERE iotdevice.id = $2::INTEGER]
[parameters: (datetime.datetime(2026, 5, 19, 14, 27, 32, 645653, tzinfo=datetime.timezone.utc), 1)]
(Background on this error at: https://sqlalche.me/e/20/dbapi)
INFO:     connection closed
INFO:     127.0.0.1:57100 - "WebSocket /api/v1/pos/iot/ws/iot?token=test-token-123" [accepted]
INFO:     connection open
ERROR:pos_core.iot.websocket_handler:❌ Error crítico en sesión IoT 1: (sqlalchemy.dialects.postgresql.asyncpg.Error) <class 'asyncpg.exceptions.DataError'>: invalid input for query argument $1: datetime.datetime(2026, 5, 19, 14, 27, 3... (can't subtract offset-naive and offset-aware datetimes)
[SQL: UPDATE iotdevice SET last_seen=$1::TIMESTAMP WITHOUT TIME ZONE WHERE iotdevice.id = $2::INTEGER]
[parameters: (datetime.datetime(2026, 5, 19, 14, 27, 32, 652490, tzinfo=datetime.timezone.utc), 1)]
(Background on this error at: https://sqlalche.me/e/20/dbapi)
INFO:     connection closed
INFO:     127.0.0.1:57104 - "WebSocket /api/v1/pos/iot/ws/iot?token=test-token-123" [accepted]
INFO:     connection open
ERROR:pos_core.iot.websocket_handler:❌ Error crítico en sesión IoT 1: (sqlalchemy.dialects.postgresql.asyncpg.Error) <class 'asyncpg.exceptions.DataError'>: invalid input for query argument $1: datetime.datetime(2026, 5, 19, 14, 27, 3... (can't subtract offset-naive and offset-aware datetimes)
[SQL: UPDATE iotdevice SET last_seen=$1::TIMESTAMP WITHOUT TIME ZONE WHERE iotdevice.id = $2::INTEGER]
[parameters: (datetime.datetime(2026, 5, 19, 14, 27, 32, 659187, tzinfo=datetime.timezone.utc), 1)]
(Background on this error at: https://sqlalche.me/e/20/dbapi)
INFO:     connection closed
INFO:     127.0.0.1:57110 - "WebSocket /api/v1/pos/iot/ws/iot?token=test-token-123" [accepted]
INFO:     connection open
ERROR:pos_core.iot.websocket_handler:❌ Error crítico en sesión IoT 1: (sqlalchemy.dialects.postgresql.asyncpg.Error) <class 'asyncpg.exceptions.DataError'>: invalid input for query argument $1: datetime.datetime(2026, 5, 19, 14, 27, 3... (can't subtract offset-naive and offset-aware datetimes)
[SQL: UPDATE iotdevice SET last_seen=$1::TIMESTAMP WITHOUT TIME ZONE WHERE iotdevice.id = $2::INTEGER]
[parameters: (datetime.datetime(2026, 5, 19, 14, 27, 32, 666068, tzinfo=datetime.timezone.utc), 1)]
(Background on this error at: https://sqlalche.me/e/20/dbapi)
INFO:     connection closed
INFO:     127.0.0.1:57114 - "WebSocket /api/v1/pos/iot/ws/iot?token=test-token-123" [accepted]
INFO:     connection open
ERROR:pos_core.iot.websocket_handler:❌ Error crítico en sesión IoT 1: (sqlalchemy.dialects.postgresql.asyncpg.Error) <class 'asyncpg.exceptions.DataError'>: invalid input for query argument $1: datetime.datetime(2026, 5, 19, 14, 27, 3... (can't subtract offset-naive and offset-aware datetimes)
[SQL: UPDATE iotdevice SET last_seen=$1::TIMESTAMP WITHOUT TIME ZONE WHERE iotdevice.id = $2::INTEGER]
[parameters: (datetime.datetime(2026, 5, 19, 14, 27, 32, 673021, tzinfo=datetime.timezone.utc), 1)]
(Background on this error at: https://sqlalche.me/e/20/dbapi)
INFO:     connection closed
INFO:     127.0.0.1:57120 - "WebSocket /api/v1/pos/iot/ws/iot?token=test-token-123" [accepted]
INFO:     connection open
ERROR:pos_core.iot.websocket_handler:❌ Error crítico en sesión IoT 1: (sqlalchemy.dialects.postgresql.asyncpg.Error) <class 'asyncpg.exceptions.DataError'>: invalid input for query argument $1: datetime.datetime(2026, 5, 19, 14, 27, 3... (can't subtract offset-naive and offset-aware datetimes)
[SQL: UPDATE iotdevice SET last_seen=$1::TIMESTAMP WITHOUT TIME ZONE WHERE iotdevice.id = $2::INTEGER]
[parameters: (datetime.datetime(2026, 5, 19, 14, 27, 32, 680357, tzinfo=datetime.timezone.utc), 1)]
(Background on this error at: https://sqlalche.me/e/20/dbapi)
INFO:     connection closed
INFO:     127.0.0.1:57132 - "WebSocket /api/v1/pos/iot/ws/iot?token=test-token-123" [accepted]
INFO:     connection open
ERROR:pos_core.iot.websocket_handler:❌ Error crítico en sesión IoT 1: (sqlalchemy.dialects.postgresql.asyncpg.Error) <class 'asyncpg.exceptions.DataError'>: invalid input for query argument $1: datetime.datetime(2026, 5, 19, 14, 27, 3... (can't subtract offset-naive and offset-aware datetimes)
[SQL: UPDATE iotdevice SET last_seen=$1::TIMESTAMP WITHOUT TIME ZONE WHERE iotdevice.id = $2::INTEGER]
[parameters: (datetime.datetime(2026, 5, 19, 14, 27, 32, 686607, tzinfo=datetime.timezone.utc), 1)]
(Background on this error at: https://sqlalche.me/e/20/dbapi)
INFO:     connection closed
INFO:     127.0.0.1:57138 - "WebSocket /api/v1/pos/iot/ws/iot?token=test-token-123" [accepted]
INFO:     connection open
ERROR:pos_core.iot.websocket_handler:❌ Error crítico en sesión IoT 1: (sqlalchemy.dialects.postgresql.asyncpg.Error) <class 'asyncpg.exceptions.DataError'>: invalid input for query argument $1: datetime.datetime(2026, 5, 19, 14, 27, 3... (can't subtract offset-naive and offset-aware datetimes)
[SQL: UPDATE iotdevice SET last_seen=$1::TIMESTAMP WITHOUT TIME ZONE WHERE iotdevice.id = $2::INTEGER]
[parameters: (datetime.datetime(2026, 5, 19, 14, 27, 32, 693176, tzinfo=datetime.timezone.utc), 1)]
(Background on this error at: https://sqlalche.me/e/20/dbapi)
INFO:     connection closed
INFO:     127.0.0.1:57142 - "WebSocket /api/v1/pos/iot/ws/iot?token=test-token-123" [accepted]
INFO:     connection open
ERROR:pos_core.iot.websocket_handler:❌ Error crítico en sesión IoT 1: (sqlalchemy.dialects.postgresql.asyncpg.Error) <class 'asyncpg.exceptions.DataError'>: invalid input for query argument $1: datetime.datetime(2026, 5, 19, 14, 27, 3... (can't subtract offset-naive and offset-aware datetimes)
[SQL: UPDATE iotdevice SET last_seen=$1::TIMESTAMP WITHOUT TIME ZONE WHERE iotdevice.id = $2::INTEGER]
[parameters: (datetime.datetime(2026, 5, 19, 14, 27, 32, 699792, tzinfo=datetime.timezone.utc), 1)]
(Background on this error at: https://sqlalche.me/e/20/dbapi)
INFO:     connection closed
INFO:     127.0.0.1:57158 - "WebSocket /api/v1/pos/iot/ws/iot?token=test-token-123" [accepted]
INFO:     connection open
ERROR:pos_core.iot.websocket_handler:❌ Error crítico en sesión IoT 1: (sqlalchemy.dialects.postgresql.asyncpg.Error) <class 'asyncpg.exceptions.DataError'>: invalid input for query argument $1: datetime.datetime(2026, 5, 19, 14, 27, 3... (can't subtract offset-naive and offset-aware datetimes)
[SQL: UPDATE iotdevice SET last_seen=$1::TIMESTAMP WITHOUT TIME ZONE WHERE iotdevice.id = $2::INTEGER]
[parameters: (datetime.datetime(2026, 5, 19, 14, 27, 32, 707101, tzinfo=datetime.timezone.utc), 1)]
(Background on this error at: https://sqlalche.me/e/20/dbapi)
INFO:     connection closed
INFO:     127.0.0.1:57164 - "WebSocket /api/v1/pos/iot/ws/iot?token=test-token-123" [accepted]
INFO:     connection open
ERROR:pos_core.iot.websocket_handler:❌ Error crítico en sesión IoT 1: (sqlalchemy.dialects.postgresql.asyncpg.Error) <class 'asyncpg.exceptions.DataError'>: invalid input for query argument $1: datetime.datetime(2026, 5, 19, 14, 27, 3... (can't subtract offset-naive and offset-aware datetimes)
[SQL: UPDATE iotdevice SET last_seen=$1::TIMESTAMP WITHOUT TIME ZONE WHERE iotdevice.id = $2::INTEGER]
[parameters: (datetime.datetime(2026, 5, 19, 14, 27, 32, 713665, tzinfo=datetime.timezone.utc), 1)]
(Background on this error at: https://sqlalche.me/e/20/dbapi)
INFO:     connection closed
INFO:     127.0.0.1:57172 - "WebSocket /api/v1/pos/iot/ws/iot?token=test-token-123" [accepted]
INFO:     connection open
ERROR:pos_core.iot.websocket_handler:❌ Error crítico en sesión IoT 1: (sqlalchemy.dialects.postgresql.asyncpg.Error) <class 'asyncpg.exceptions.DataError'>: invalid input for query argument $1: datetime.datetime(2026, 5, 19, 14, 27, 3... (can't subtract offset-naive and offset-aware datetimes)
[SQL: UPDATE iotdevice SET last_seen=$1::TIMESTAMP WITHOUT TIME ZONE WHERE iotdevice.id = $2::INTEGER]
[parameters: (datetime.datetime(2026, 5, 19, 14, 27, 32, 720220, tzinfo=datetime.timezone.utc), 1)]
(Background on this error at: https://sqlalche.me/e/20/dbapi)
INFO:     connection closed
INFO:     127.0.0.1:57184 - "WebSocket /api/v1/pos/iot/ws/iot?token=test-token-123" [accepted]
INFO:     connection open
ERROR:pos_core.iot.websocket_handler:❌ Error crítico en sesión IoT 1: (sqlalchemy.dialects.postgresql.asyncpg.Error) <class 'asyncpg.exceptions.DataError'>: invalid input for query argument $1: datetime.datetime(2026, 5, 19, 14, 27, 3... (can't subtract offset-naive and offset-aware datetimes)
[SQL: UPDATE iotdevice SET last_seen=$1::TIMESTAMP WITHOUT TIME ZONE WHERE iotdevice.id = $2::INTEGER]
[parameters: (datetime.datetime(2026, 5, 19, 14, 27, 32, 726341, tzinfo=datetime.timezone.utc), 1)]
(Background on this error at: https://sqlalche.me/e/20/dbapi)
INFO:     connection closed
INFO:     127.0.0.1:57200 - "WebSocket /api/v1/pos/iot/ws/iot?token=test-token-123" [accepted]
INFO:     connection open
ERROR:pos_core.iot.websocket_handler:❌ Error crítico en sesión IoT 1: (sqlalchemy.dialects.postgresql.asyncpg.Error) <class 'asyncpg.exceptions.DataError'>: invalid input for query argument $1: datetime.datetime(2026, 5, 19, 14, 27, 3... (can't subtract offset-naive and offset-aware datetimes)
[SQL: UPDATE iotdevice SET last_seen=$1::TIMESTAMP WITHOUT TIME ZONE WHERE iotdevice.id = $2::INTEGER]
[parameters: (datetime.datetime(2026, 5, 19, 14, 27, 32, 733159, tzinfo=datetime.timezone.utc), 1)]
(Background on this error at: https://sqlalche.me/e/20/dbapi)
INFO:     connection closed
INFO:     127.0.0.1:57210 - "WebSocket /api/v1/pos/iot/ws/iot?token=test-token-123" [accepted]
INFO:     connection open
ERROR:pos_core.iot.websocket_handler:❌ Error crítico en sesión IoT 1: (sqlalchemy.dialects.postgresql.asyncpg.Error) <class 'asyncpg.exceptions.DataError'>: invalid input for query argument $1: datetime.datetime(2026, 5, 19, 14, 27, 3... (can't subtract offset-naive and offset-aware datetimes)
[SQL: UPDATE iotdevice SET last_seen=$1::TIMESTAMP WITHOUT TIME ZONE WHERE iotdevice.id = $2::INTEGER]
[parameters: (datetime.datetime(2026, 5, 19, 14, 27, 32, 742227, tzinfo=datetime.timezone.utc), 1)]
(Background on this error at: https://sqlalche.me/e/20/dbapi)
INFO:     connection closed
INFO:     127.0.0.1:57224 - "WebSocket /api/v1/pos/iot/ws/iot?token=test-token-123" [accepted]
INFO:     connection open
ERROR:pos_core.iot.websocket_handler:❌ Error crítico en sesión IoT 1: (sqlalchemy.dialects.postgresql.asyncpg.Error) <class 'asyncpg.exceptions.DataError'>: invalid input for query argument $1: datetime.datetime(2026, 5, 19, 14, 27, 3... (can't subtract offset-naive and offset-aware datetimes)
[SQL: UPDATE iotdevice SET last_seen=$1::TIMESTAMP WITHOUT TIME ZONE WHERE iotdevice.id = $2::INTEGER]
[parameters: (datetime.datetime(2026, 5, 19, 14, 27, 32, 749087, tzinfo=datetime.timezone.utc), 1)]
(Background on this error at: https://sqlalche.me/e/20/dbapi)
INFO:     connection closed
INFO:     127.0.0.1:57228 - "WebSocket /api/v1/pos/iot/ws/iot?token=test-token-123" [accepted]
INFO:     connection open
ERROR:pos_core.iot.websocket_handler:❌ Error crítico en sesión IoT 1: (sqlalchemy.dialects.postgresql.asyncpg.Error) <class 'asyncpg.exceptions.DataError'>: invalid input for query argument $1: datetime.datetime(2026, 5, 19, 14, 27, 3... (can't subtract offset-naive and offset-aware datetimes)
[SQL: UPDATE iotdevice SET last_seen=$1::TIMESTAMP WITHOUT TIME ZONE WHERE iotdevice.id = $2::INTEGER]
[parameters: (datetime.datetime(2026, 5, 19, 14, 27, 32, 755779, tzinfo=datetime.timezone.utc), 1)]
(Background on this error at: https://sqlalche.me/e/20/dbapi)
INFO:     connection closed
